type,x,y,z,yaw,scale
AppleArch,-23.3564,-0.0301,18.0220,135.00,0.2941
AppleArch,-23.3564,-0.0301,17.8336,135.00,0.2941
AppleArch,-23.3564,-0.0301,17.6516,135.00,0.2941
AppleArch,-25.1495,-0.0301,6.7950,-42.18,0.2941
AppleArch,-25.1495,-0.0301,6.6066,-42.18,0.2941
AppleArch,-25.1495,-0.0301,6.4246,-42.18,0.2941
AppleArch,-21.8233,-0.0301,18.0220,135.00,0.2941
AppleArch,-21.8233,-0.0301,17.8336,135.00,0.2941
AppleArch,-21.8233,-0.0301,17.6516,135.00,0.2941
AppleArch,-23.6164,-0.0301,6.7950,-42.18,0.2941
AppleArch,-23.6164,-0.0301,6.6066,-42.18,0.2941
AppleArch,-23.6164,-0.0301,6.4246,-42.18,0.2941
AppleArch,-20.3642,-0.0301,18.0220,135.00,0.2941
AppleArch,-20.3642,-0.0301,17.8336,135.00,0.2941
AppleArch,-20.3642,-0.0301,17.6516,135.00,0.2941
AppleArch,-22.1572,-0.0301,6.7950,-42.18,0.2941
AppleArch,-22.1572,-0.0301,6.6066,-42.18,0.2941
AppleArch,-22.1572,-0.0301,6.4246,-42.18,0.2941
AppleArch,-17.3548,-0.0301,18.0220,135.00,0.2941
AppleArch,-17.3548,-0.0301,17.8336,135.00,0.2941
AppleArch,-17.3548,-0.0301,17.6516,135.00,0.2941
AppleArch,-19.1479,-0.0301,6.7950,-42.18,0.2941
AppleArch,-19.1479,-0.0301,6.6066,-42.18,0.2941
AppleArch,-19.1479,-0.0301,6.4246,-42.18,0.2941
AppleArch,-15.8132,-0.0301,18.0220,135.00,0.2941
AppleArch,-15.8132,-0.0301,17.8336,135.00,0.2941
AppleArch,-15.8132,-0.0301,17.6516,135.00,0.2941
AppleArch,-17.6062,-0.0301,6.7950,-42.18,0.2941
AppleArch,-17.6062,-0.0301,6.6066,-42.18,0.2941
AppleArch,-17.6062,-0.0301,6.4246,-42.18,0.2941
AppleArch,-8.0900,-0.5377,-0.4606,-225.00,0.2941
AppleArch,-8.0900,-0.5377,-0.6490,-225.00,0.2941
AppleArch,-8.0900,-0.5377,-0.8310,-225.00,0.2941
AppleArch,-8.2447,-0.5377,-0.4025,-42.18,0.2941
AppleArch,-8.2447,-0.5377,-0.5909,-42.18,0.2941
AppleArch,-8.2447,-0.5377,-0.7728,-42.18,0.2941
AppleArch,-6.5569,-0.5377,-0.4606,-225.00,0.2941
AppleArch,-6.5569,-0.5377,-0.6490,-225.00,0.2941
AppleArch,-6.5569,-0.5377,-0.8310,-225.00,0.2941
AppleArch,-6.7116,-0.5377,-0.4025,-42.18,0.2941
AppleArch,-6.7116,-0.5377,-0.5909,-42.18,0.2941
AppleArch,-6.7116,-0.5377,-0.7728,-42.18,0.2941
AppleArch,-5.0978,-0.5377,-0.4606,-225.00,0.2941
AppleArch,-5.0978,-0.5377,-0.6490,-225.00,0.2941
AppleArch,-5.0978,-0.5377,-0.8310,-225.00,0.2941
AppleArch,-5.2524,-0.5377,-0.4025,-42.18,0.2941
AppleArch,-5.2524,-0.5377,-0.5909,-42.18,0.2941
AppleArch,-5.2524,-0.5377,-0.7728,-42.18,0.2941
AppleArch,-2.0884,-0.5377,-0.4606,-225.00,0.2941
AppleArch,-2.0884,-0.5377,-0.6490,-225.00,0.2941
AppleArch,-2.0884,-0.5377,-0.8310,-225.00,0.2941
AppleArch,-2.2431,-0.5377,-0.4025,-42.18,0.2941
AppleArch,-2.2431,-0.5377,-0.5909,-42.18,0.2941
AppleArch,-2.2431,-0.5377,-0.7728,-42.18,0.2941
AppleArch,-0.5468,-0.5377,-0.4606,-225.00,0.2941
AppleArch,-0.5468,-0.5377,-0.6490,-225.00,0.2941
AppleArch,-0.5468,-0.5377,-0.8310,-225.00,0.2941
AppleArch,-0.7014,-0.5377,-0.4025,-42.18,0.2941
AppleArch,-0.7014,-0.5377,-0.5909,-42.18,0.2941
AppleArch,-0.7014,-0.5377,-0.7728,-42.18,0.2941
Bushes,4.5354,-0.5370,22.1137,-15.46,0.2831
Bushes,4.2580,-0.5370,22.0824,-15.46,0.2831
Bushes,1.6902,-0.5370,28.9379,0.00,0.2831
Bushes,4.5354,-0.5370,22.1137,-15.46,0.2831
Bushes,4.2580,-0.5370,22.0824,-15.46,0.2831
Bushes,1.6902,-0.5370,28.9379,0.00,0.2831
Bushes,0.0372,-0.5370,21.1062,-15.46,0.2831
Bushes,1.5068,-0.5370,21.1216,-15.46,0.2831
Bushes,1.5344,-0.5370,22.1038,-15.46,0.2831
Bushes,3.0282,-0.5370,22.0931,-15.46,0.2831
Bushes,3.0204,-0.5370,21.0896,-15.46,0.2831
Bushes,4.5188,-0.5370,21.1140,-15.46,0.2831
Bushes,-0.2403,-0.5370,21.0750,-15.46,0.2831
Bushes,1.2293,-0.5370,21.0903,-15.46,0.2831
Bushes,1.2570,-0.5370,22.0725,-15.46,0.2831
Bushes,2.7508,-0.5370,22.0618,-15.46,0.2831
Bushes,2.7429,-0.5370,21.0583,-15.46,0.2831
Bushes,4.2413,-0.5370,21.0827,-15.46,0.2831
Bushes,0.1342,-0.5370,28.9140,0.00,0.2831
Bushes,-1.3362,-0.5370,28.9140,0.00,0.2831
Bushes,-2.7569,-0.5370,27.9205,0.00,0.2831
Bushes,-1.3032,-0.5370,27.9205,0.00,0.2831
Bushes,0.1510,-0.5370,27.9205,0.00,0.2831
Bushes,1.6411,-0.5370,27.9205,0.00,0.2831
Bushes,4.5096,-0.5370,-6.9037,-15.46,0.2831
Bushes,2.9994,-0.5370,-6.9037,-15.46,0.2831
Bushes,1.5334,-0.5370,-6.9037,-15.46,0.2831
Bushes,0.0151,-0.5370,-5.8958,-15.46,0.2831
Bushes,2.9926,-0.5370,-5.8958,-15.46,0.2831
Bushes,1.5282,-0.5370,-5.8958,-15.46,0.2831
Bushes,4.2321,-0.5370,-6.9350,-15.46,0.2831
Bushes,2.7219,-0.5370,-6.9350,-15.46,0.2831
Bushes,1.2559,-0.5370,-6.9350,-15.46,0.2831
Bushes,-0.2624,-0.5370,-5.9270,-15.46,0.2831
Bushes,2.7152,-0.5370,-5.9270,-15.46,0.2831
Bushes,1.2508,-0.5370,-5.9270,-15.46,0.2831
Bushes,1.6556,-0.5370,-0.1023,0.00,0.2831
Bushes,0.1454,-0.5370,-0.1023,0.00,0.2831
Bushes,-1.3206,-0.5370,-0.1023,0.00,0.2831
Bushes,-2.8389,-0.5370,0.9056,0.00,0.2831
Bushes,0.1387,-0.5370,0.9056,0.00,0.2831
Bushes,-1.3257,-0.5370,0.9056,0.00,0.2831
Bushes,4.5596,-0.5370,-5.8958,-15.46,0.2831
Bushes,4.2822,-0.5370,-5.9270,-15.46,0.2831
Bushes,1.7057,-0.5370,0.9056,0.00,0.2831
Carrots,-6.8057,0.1661,7.0296,0.00,0.2074
Carrots,-6.8057,0.1661,6.8735,0.00,0.2074
Carrots,-6.8057,0.1661,6.7249,0.00,0.2074
Carrots,-6.8057,0.1661,6.5615,0.00,0.2074
Carrots,-6.8965,0.1661,6.5615,0.00,0.2074
Carrots,-6.8965,0.1661,6.7249,0.00,0.2074
Carrots,-6.8965,0.1661,6.8735,0.00,0.2074
Carrots,-6.8965,0.1661,7.0296,0.00,0.2074
Carrots,-7.0153,0.1661,6.5615,0.00,0.2074
Carrots,-7.0153,0.1661,6.7249,0.00,0.2074
Carrots,-7.0153,0.1661,6.8735,0.00,0.2074
Carrots,-7.0153,0.1661,7.0296,0.00,0.2074
Carrots,-7.1063,0.1661,6.5615,0.00,0.2074
Carrots,-7.1063,0.1661,6.7249,0.00,0.2074
Carrots,-7.1063,0.1661,6.8735,0.00,0.2074
Carrots,-7.1063,0.1661,7.0296,0.00,0.2074
Carrots,-7.2251,0.1661,6.5615,0.00,0.2074
Carrots,-7.2251,0.1661,6.7249,0.00,0.2074
Carrots,-7.2251,0.1661,6.8735,0.00,0.2074
Carrots,-7.2251,0.1661,7.0296,0.00,0.2074
Carrots,-7.3063,0.1661,6.5615,0.00,0.2074
Carrots,-7.3063,0.1661,6.7249,0.00,0.2074
Carrots,-7.3063,0.1661,6.8735,0.00,0.2074
Carrots,-7.3063,0.1661,7.0296,0.00,0.2074
Carrots,-7.4251,0.1661,6.5615,0.00,0.2074
Carrots,-7.4251,0.1661,6.7249,0.00,0.2074
Carrots,-7.4251,0.1661,6.8735,0.00,0.2074
Carrots,-7.4251,0.1661,7.0296,0.00,0.2074
Carrots,-5.5805,0.1661,7.0296,0.00,0.2074
Carrots,-5.5805,0.1661,6.8735,0.00,0.2074
Carrots,-5.5805,0.1661,6.7249,0.00,0.2074
Carrots,-5.5805,0.1661,6.5615,0.00,0.2074
Carrots,-5.6713,0.1661,6.5615,0.00,0.2074
Carrots,-5.6713,0.1661,6.7249,0.00,0.2074
Carrots,-5.6713,0.1661,6.8735,0.00,0.2074
Carrots,-5.6713,0.1661,7.0296,0.00,0.2074
Carrots,-5.7901,0.1661,6.5615,0.00,0.2074
Carrots,-5.7901,0.1661,6.7249,0.00,0.2074
Carrots,-5.7901,0.1661,6.8735,0.00,0.2074
Carrots,-5.7901,0.1661,7.0296,0.00,0.2074
Carrots,-5.8810,0.1661,6.5615,0.00,0.2074
Carrots,-5.8810,0.1661,6.7249,0.00,0.2074
Carrots,-5.8810,0.1661,6.8735,0.00,0.2074
Carrots,-5.8810,0.1661,7.0296,0.00,0.2074
Carrots,-5.9999,0.1661,6.5615,0.00,0.2074
Carrots,-5.9999,0.1661,6.7249,0.00,0.2074
Carrots,-5.9999,0.1661,6.8735,0.00,0.2074
Carrots,-5.9999,0.1661,7.0296,0.00,0.2074
Carrots,-6.0811,0.1661,6.5615,0.00,0.2074
Carrots,-6.0811,0.1661,6.7249,0.00,0.2074
Carrots,-6.0811,0.1661,6.8735,0.00,0.2074
Carrots,-6.0811,0.1661,7.0296,0.00,0.2074
Carrots,-6.1999,0.1661,6.5615,0.00,0.2074
Carrots,-6.1999,0.1661,6.7249,0.00,0.2074
Carrots,-6.1999,0.1661,6.8735,0.00,0.2074
Carrots,-6.1999,0.1661,7.0296,0.00,0.2074
Carrots,-4.3002,0.1661,7.0296,0.00,0.2074
Carrots,-4.3002,0.1661,6.8735,0.00,0.2074
Carrots,-4.3002,0.1661,6.7249,0.00,0.2074
Carrots,-4.3002,0.1661,6.5615,0.00,0.2074
Carrots,-4.3910,0.1661,6.5615,0.00,0.2074
Carrots,-4.3910,0.1661,6.7249,0.00,0.2074
Carrots,-4.3910,0.1661,6.8735,0.00,0.2074
Carrots,-4.3910,0.1661,7.0296,0.00,0.2074
Carrots,-4.5098,0.1661,6.5615,0.00,0.2074
Carrots,-4.5098,0.1661,6.7249,0.00,0.2074
Carrots,-4.5098,0.1661,6.8735,0.00,0.2074
Carrots,-4.5098,0.1661,7.0296,0.00,0.2074
Carrots,-4.6007,0.1661,6.5615,0.00,0.2074
Carrots,-4.6007,0.1661,6.7249,0.00,0.2074
Carrots,-4.6007,0.1661,6.8735,0.00,0.2074
Carrots,-4.6007,0.1661,7.0296,0.00,0.2074
Carrots,-4.7196,0.1661,6.5615,0.00,0.2074
Carrots,-4.7196,0.1661,6.7249,0.00,0.2074
Carrots,-4.7196,0.1661,6.8735,0.00,0.2074
Carrots,-4.7196,0.1661,7.0296,0.00,0.2074
Carrots,-4.8007,0.1661,6.5615,0.00,0.2074
Carrots,-4.8007,0.1661,6.7249,0.00,0.2074
Carrots,-4.8007,0.1661,6.8735,0.00,0.2074
Carrots,-4.8007,0.1661,7.0296,0.00,0.2074
Carrots,-4.9196,0.1661,6.5615,0.00,0.2074
Carrots,-4.9196,0.1661,6.7249,0.00,0.2074
Carrots,-4.9196,0.1661,6.8735,0.00,0.2074
Carrots,-4.9196,0.1661,7.0296,0.00,0.2074
Carrots,-3.1128,0.1661,7.0296,0.00,0.2074
Carrots,-3.1128,0.1661,6.8735,0.00,0.2074
Carrots,-3.1128,0.1661,6.7249,0.00,0.2074
Carrots,-3.1128,0.1661,6.5615,0.00,0.2074
Carrots,-3.2036,0.1661,6.5615,0.00,0.2074
Carrots,-3.2036,0.1661,6.7249,0.00,0.2074
Carrots,-3.2036,0.1661,6.8735,0.00,0.2074
Carrots,-3.2036,0.1661,7.0296,0.00,0.2074
Carrots,-3.3224,0.1661,6.5615,0.00,0.2074
Carrots,-3.3224,0.1661,6.7249,0.00,0.2074
Carrots,-3.3224,0.1661,6.8735,0.00,0.2074
Carrots,-3.3224,0.1661,7.0296,0.00,0.2074
Carrots,-3.4134,0.1661,6.5615,0.00,0.2074
Carrots,-3.4134,0.1661,6.7249,0.00,0.2074
Carrots,-3.4134,0.1661,6.8735,0.00,0.2074
Carrots,-3.4134,0.1661,7.0296,0.00,0.2074
Carrots,-3.5322,0.1661,6.5615,0.00,0.2074
Carrots,-3.5322,0.1661,6.7249,0.00,0.2074
Carrots,-3.5322,0.1661,6.8735,0.00,0.2074
Carrots,-3.5322,0.1661,7.0296,0.00,0.2074
Carrots,-3.6134,0.1661,6.5615,0.00,0.2074
Carrots,-3.6134,0.1661,6.7249,0.00,0.2074
Carrots,-3.6134,0.1661,6.8735,0.00,0.2074
Carrots,-3.6134,0.1661,7.0296,0.00,0.2074
Carrots,-3.7322,0.1661,6.5615,0.00,0.2074
Carrots,-3.7322,0.1661,6.7249,0.00,0.2074
Carrots,-3.7322,0.1661,6.8735,0.00,0.2074
Carrots,-3.7322,0.1661,7.0296,0.00,0.2074
Carrots,-1.8325,0.1661,7.0296,0.00,0.2074
Carrots,-1.8325,0.1661,6.8735,0.00,0.2074
Carrots,-1.8325,0.1661,6.7249,0.00,0.2074
Carrots,-1.8325,0.1661,6.5615,0.00,0.2074
Carrots,-1.9233,0.1661,6.5615,0.00,0.2074
Carrots,-1.9233,0.1661,6.7249,0.00,0.2074
Carrots,-1.9233,0.1661,6.8735,0.00,0.2074
Carrots,-1.9233,0.1661,7.0296,0.00,0.2074
Carrots,-2.0421,0.1661,6.5615,0.00,0.2074
Carrots,-2.0421,0.1661,6.7249,0.00,0.2074
Carrots,-2.0421,0.1661,6.8735,0.00,0.2074
Carrots,-2.0421,0.1661,7.0296,0.00,0.2074
Carrots,-2.1331,0.1661,6.5615,0.00,0.2074
Carrots,-2.1331,0.1661,6.7249,0.00,0.2074
Carrots,-2.1331,0.1661,6.8735,0.00,0.2074
Carrots,-2.1331,0.1661,7.0296,0.00,0.2074
Carrots,-2.2519,0.1661,6.5615,0.00,0.2074
Carrots,-2.2519,0.1661,6.7249,0.00,0.2074
Carrots,-2.2519,0.1661,6.8735,0.00,0.2074
Carrots,-2.2519,0.1661,7.0296,0.00,0.2074
Carrots,-2.3331,0.1661,6.5615,0.00,0.2074
Carrots,-2.3331,0.1661,6.7249,0.00,0.2074
Carrots,-2.3331,0.1661,6.8735,0.00,0.2074
Carrots,-2.3331,0.1661,7.0296,0.00,0.2074
Carrots,-2.4519,0.1661,6.5615,0.00,0.2074
Carrots,-2.4519,0.1661,6.7249,0.00,0.2074
Carrots,-2.4519,0.1661,6.8735,0.00,0.2074
Carrots,-2.4519,0.1661,7.0296,0.00,0.2074
Carrots,-0.6178,0.1661,7.0296,0.00,0.2074
Carrots,-0.6178,0.1661,6.8735,0.00,0.2074
Carrots,-0.6178,0.1661,6.7249,0.00,0.2074
Carrots,-0.6178,0.1661,6.5615,0.00,0.2074
Carrots,-0.7086,0.1661,6.5615,0.00,0.2074
Carrots,-0.7086,0.1661,6.7249,0.00,0.2074
Carrots,-0.7086,0.1661,6.8735,0.00,0.2074
Carrots,-0.7086,0.1661,7.0296,0.00,0.2074
Carrots,-0.8274,0.1661,6.5615,0.00,0.2074
Carrots,-0.8274,0.1661,6.7249,0.00,0.2074
Carrots,-0.8274,0.1661,6.8735,0.00,0.2074
Carrots,-0.8274,0.1661,7.0296,0.00,0.2074
Carrots,-0.9183,0.1661,6.5615,0.00,0.2074
Carrots,-0.9183,0.1661,6.7249,0.00,0.2074
Carrots,-0.9183,0.1661,6.8735,0.00,0.2074
Carrots,-0.9183,0.1661,7.0296,0.00,0.2074
Carrots,-1.0372,0.1661,6.5615,0.00,0.2074
Carrots,-1.0372,0.1661,6.7249,0.00,0.2074
Carrots,-1.0372,0.1661,6.8735,0.00,0.2074
Carrots,-1.0372,0.1661,7.0296,0.00,0.2074
Carrots,-1.1183,0.1661,6.5615,0.00,0.2074
Carrots,-1.1183,0.1661,6.7249,0.00,0.2074
Carrots,-1.1183,0.1661,6.8735,0.00,0.2074
Carrots,-1.1183,0.1661,7.0296,0.00,0.2074
Carrots,-1.2372,0.1661,6.5615,0.00,0.2074
Carrots,-1.2372,0.1661,6.7249,0.00,0.2074
Carrots,-1.2372,0.1661,6.8735,0.00,0.2074
Carrots,-1.2372,0.1661,7.0296,0.00,0.2074
Carrots,0.6625,0.1661,7.0296,0.00,0.2074
Carrots,0.6625,0.1661,6.8735,0.00,0.2074
Carrots,0.6625,0.1661,6.7249,0.00,0.2074
Carrots,0.6625,0.1661,6.5615,0.00,0.2074
Carrots,0.5718,0.1661,6.5615,0.00,0.2074
Carrots,0.5718,0.1661,6.7249,0.00,0.2074
Carrots,0.5718,0.1661,6.8735,0.00,0.2074
Carrots,0.5718,0.1661,7.0296,0.00,0.2074
Carrots,0.4529,0.1661,6.5615,0.00,0.2074
Carrots,0.4529,0.1661,6.7249,0.00,0.2074
Carrots,0.4529,0.1661,6.8735,0.00,0.2074
Carrots,0.4529,0.1661,7.0296,0.00,0.2074
Carrots,0.3620,0.1661,6.5615,0.00,0.2074
Carrots,0.3620,0.1661,6.7249,0.00,0.2074
Carrots,0.3620,0.1661,6.8735,0.00,0.2074
Carrots,0.3620,0.1661,7.0296,0.00,0.2074
Carrots,0.2431,0.1661,6.5615,0.00,0.2074
Carrots,0.2431,0.1661,6.7249,0.00,0.2074
Carrots,0.2431,0.1661,6.8735,0.00,0.2074
Carrots,0.2431,0.1661,7.0296,0.00,0.2074
Carrots,0.1620,0.1661,6.5615,0.00,0.2074
Carrots,0.1620,0.1661,6.7249,0.00,0.2074
Carrots,0.1620,0.1661,6.8735,0.00,0.2074
Carrots,0.1620,0.1661,7.0296,0.00,0.2074
Carrots,0.0431,0.1661,6.5615,0.00,0.2074
Carrots,0.0431,0.1661,6.7249,0.00,0.2074
Carrots,0.0431,0.1661,6.8735,0.00,0.2074
Carrots,0.0431,0.1661,7.0296,0.00,0.2074
Carrots,-6.8289,0.1661,0.8184,0.00,0.2074
Carrots,-6.8289,0.1661,0.6623,0.00,0.2074
Carrots,-6.8289,0.1661,0.5138,0.00,0.2074
Carrots,-6.8289,0.1661,0.3503,0.00,0.2074
Carrots,-6.9197,0.1661,0.3503,0.00,0.2074
Carrots,-6.9197,0.1661,0.5138,0.00,0.2074
Carrots,-6.9197,0.1661,0.6623,0.00,0.2074
Carrots,-6.9197,0.1661,0.8184,0.00,0.2074
Carrots,-7.0385,0.1661,0.3503,0.00,0.2074
Carrots,-7.0385,0.1661,0.5138,0.00,0.2074
Carrots,-7.0385,0.1661,0.6623,0.00,0.2074
Carrots,-7.0385,0.1661,0.8184,0.00,0.2074
Carrots,-7.1294,0.1661,0.3503,0.00,0.2074
Carrots,-7.1294,0.1661,0.5138,0.00,0.2074
Carrots,-7.1294,0.1661,0.6623,0.00,0.2074
Carrots,-7.1294,0.1661,0.8184,0.00,0.2074
Carrots,-7.2483,0.1661,0.3503,0.00,0.2074
Carrots,-7.2483,0.1661,0.5138,0.00,0.2074
Carrots,-7.2483,0.1661,0.6623,0.00,0.2074
Carrots,-7.2483,0.1661,0.8184,0.00,0.2074
Carrots,-7.3295,0.1661,0.3503,0.00,0.2074
Carrots,-7.3295,0.1661,0.5138,0.00,0.2074
Carrots,-7.3295,0.1661,0.6623,0.00,0.2074
Carrots,-7.3295,0.1661,0.8184,0.00,0.2074
Carrots,-7.4483,0.1661,0.3503,0.00,0.2074
Carrots,-7.4483,0.1661,0.5138,0.00,0.2074
Carrots,-7.4483,0.1661,0.6623,0.00,0.2074
Carrots,-7.4483,0.1661,0.8184,0.00,0.2074
Carrots,-5.6037,0.1661,0.8184,0.00,0.2074
Carrots,-5.6037,0.1661,0.6623,0.00,0.2074
Carrots,-5.6037,0.1661,0.5138,0.00,0.2074
Carrots,-5.6037,0.1661,0.3503,0.00,0.2074
Carrots,-5.6945,0.1661,0.3503,0.00,0.2074
Carrots,-5.6945,0.1661,0.5138,0.00,0.2074
Carrots,-5.6945,0.1661,0.6623,0.00,0.2074
Carrots,-5.6945,0.1661,0.8184,0.00,0.2074
Carrots,-5.8133,0.1661,0.3503,0.00,0.2074
Carrots,-5.8133,0.1661,0.5138,0.00,0.2074
Carrots,-5.8133,0.1661,0.6623,0.00,0.2074
Carrots,-5.8133,0.1661,0.8184,0.00,0.2074
Carrots,-5.9042,0.1661,0.3503,0.00,0.2074
Carrots,-5.9042,0.1661,0.5138,0.00,0.2074
Carrots,-5.9042,0.1661,0.6623,0.00,0.2074
Carrots,-5.9042,0.1661,0.8184,0.00,0.2074
Carrots,-6.0231,0.1661,0.3503,0.00,0.2074
Carrots,-6.0231,0.1661,0.5138,0.00,0.2074
Carrots,-6.0231,0.1661,0.6623,0.00,0.2074
Carrots,-6.0231,0.1661,0.8184,0.00,0.2074
Carrots,-6.1042,0.1661,0.3503,0.00,0.2074
Carrots,-6.1042,0.1661,0.5138,0.00,0.2074
Carrots,-6.1042,0.1661,0.6623,0.00,0.2074
Carrots,-6.1042,0.1661,0.8184,0.00,0.2074
Carrots,-6.2231,0.1661,0.3503,0.00,0.2074
Carrots,-6.2231,0.1661,0.5138,0.00,0.2074
Carrots,-6.2231,0.1661,0.6623,0.00,0.2074
Carrots,-6.2231,0.1661,0.8184,0.00,0.2074
Carrots,-4.3234,0.1661,0.8184,0.00,0.2074
Carrots,-4.3234,0.1661,0.6623,0.00,0.2074
Carrots,-4.3234,0.1661,0.5138,0.00,0.2074
Carrots,-4.3234,0.1661,0.3503,0.00,0.2074
Carrots,-4.4141,0.1661,0.3503,0.00,0.2074
Carrots,-4.4141,0.1661,0.5138,0.00,0.2074
Carrots,-4.4141,0.1661,0.6623,0.00,0.2074
Carrots,-4.4141,0.1661,0.8184,0.00,0.2074
Carrots,-4.5330,0.1661,0.3503,0.00,0.2074
Carrots,-4.5330,0.1661,0.5138,0.00,0.2074
Carrots,-4.5330,0.1661,0.6623,0.00,0.2074
Carrots,-4.5330,0.1661,0.8184,0.00,0.2074
Carrots,-4.6239,0.1661,0.3503,0.00,0.2074
Carrots,-4.6239,0.1661,0.5138,0.00,0.2074
Carrots,-4.6239,0.1661,0.6623,0.00,0.2074
Carrots,-4.6239,0.1661,0.8184,0.00,0.2074
Carrots,-4.7428,0.1661,0.3503,0.00,0.2074
Carrots,-4.7428,0.1661,0.5138,0.00,0.2074
Carrots,-4.7428,0.1661,0.6623,0.00,0.2074
Carrots,-4.7428,0.1661,0.8184,0.00,0.2074
Carrots,-4.8239,0.1661,0.3503,0.00,0.2074
Carrots,-4.8239,0.1661,0.5138,0.00,0.2074
Carrots,-4.8239,0.1661,0.6623,0.00,0.2074
Carrots,-4.8239,0.1661,0.8184,0.00,0.2074
Carrots,-4.9428,0.1661,0.3503,0.00,0.2074
Carrots,-4.9428,0.1661,0.5138,0.00,0.2074
Carrots,-4.9428,0.1661,0.6623,0.00,0.2074
Carrots,-4.9428,0.1661,0.8184,0.00,0.2074
Carrots,-3.1360,0.1661,0.8184,0.00,0.2074
Carrots,-3.1360,0.1661,0.6623,0.00,0.2074
Carrots,-3.1360,0.1661,0.5138,0.00,0.2074
Carrots,-3.1360,0.1661,0.3503,0.00,0.2074
Carrots,-3.2268,0.1661,0.3503,0.00,0.2074
Carrots,-3.2268,0.1661,0.5138,0.00,0.2074
Carrots,-3.2268,0.1661,0.6623,0.00,0.2074
Carrots,-3.2268,0.1661,0.8184,0.00,0.2074
Carrots,-3.3456,0.1661,0.3503,0.00,0.2074
Carrots,-3.3456,0.1661,0.5138,0.00,0.2074
Carrots,-3.3456,0.1661,0.6623,0.00,0.2074
Carrots,-3.3456,0.1661,0.8184,0.00,0.2074
Carrots,-3.4366,0.1661,0.3503,0.00,0.2074
Carrots,-3.4366,0.1661,0.5138,0.00,0.2074
Carrots,-3.4366,0.1661,0.6623,0.00,0.2074
Carrots,-3.4366,0.1661,0.8184,0.00,0.2074
Carrots,-3.5554,0.1661,0.3503,0.00,0.2074
Carrots,-3.5554,0.1661,0.5138,0.00,0.2074
Carrots,-3.5554,0.1661,0.6623,0.00,0.2074
Carrots,-3.5554,0.1661,0.8184,0.00,0.2074
Carrots,-3.6366,0.1661,0.3503,0.00,0.2074
Carrots,-3.6366,0.1661,0.5138,0.00,0.2074
Carrots,-3.6366,0.1661,0.6623,0.00,0.2074
Carrots,-3.6366,0.1661,0.8184,0.00,0.2074
Carrots,-3.7554,0.1661,0.3503,0.00,0.2074
Carrots,-3.7554,0.1661,0.5138,0.00,0.2074
Carrots,-3.7554,0.1661,0.6623,0.00,0.2074
Carrots,-3.7554,0.1661,0.8184,0.00,0.2074
Carrots,-1.8557,0.1661,0.8184,0.00,0.2074
Carrots,-1.8557,0.1661,0.6623,0.00,0.2074
Carrots,-1.8557,0.1661,0.5138,0.00,0.2074
Carrots,-1.8557,0.1661,0.3503,0.00,0.2074
Carrots,-1.9465,0.1661,0.3503,0.00,0.2074
Carrots,-1.9465,0.1661,0.5138,0.00,0.2074
Carrots,-1.9465,0.1661,0.6623,0.00,0.2074
Carrots,-1.9465,0.1661,0.8184,0.00,0.2074
Carrots,-2.0653,0.1661,0.3503,0.00,0.2074
Carrots,-2.0653,0.1661,0.5138,0.00,0.2074
Carrots,-2.0653,0.1661,0.6623,0.00,0.2074
Carrots,-2.0653,0.1661,0.8184,0.00,0.2074
Carrots,-2.1562,0.1661,0.3503,0.00,0.2074
Carrots,-2.1562,0.1661,0.5138,0.00,0.2074
Carrots,-2.1562,0.1661,0.6623,0.00,0.2074
Carrots,-2.1562,0.1661,0.8184,0.00,0.2074
Carrots,-2.2751,0.1661,0.3503,0.00,0.2074
Carrots,-2.2751,0.1661,0.5138,0.00,0.2074
Carrots,-2.2751,0.1661,0.6623,0.00,0.2074
Carrots,-2.2751,0.1661,0.8184,0.00,0.2074
Carrots,-2.3563,0.1661,0.3503,0.00,0.2074
Carrots,-2.3563,0.1661,0.5138,0.00,0.2074
Carrots,-2.3563,0.1661,0.6623,0.00,0.2074
Carrots,-2.3563,0.1661,0.8184,0.00,0.2074
Carrots,-2.4751,0.1661,0.3503,0.00,0.2074
Carrots,-2.4751,0.1661,0.5138,0.00,0.2074
Carrots,-2.4751,0.1661,0.6623,0.00,0.2074
Carrots,-2.4751,0.1661,0.8184,0.00,0.2074
Carrots,-0.6410,0.1661,0.8184,0.00,0.2074
Carrots,-0.6410,0.1661,0.6623,0.00,0.2074
Carrots,-0.6410,0.1661,0.5138,0.00,0.2074
Carrots,-0.6410,0.1661,0.3503,0.00,0.2074
Carrots,-0.7317,0.1661,0.3503,0.00,0.2074
Carrots,-0.7317,0.1661,0.5138,0.00,0.2074
Carrots,-0.7317,0.1661,0.6623,0.00,0.2074
Carrots,-0.7317,0.1661,0.8184,0.00,0.2074
Carrots,-0.8506,0.1661,0.3503,0.00,0.2074
Carrots,-0.8506,0.1661,0.5138,0.00,0.2074
Carrots,-0.8506,0.1661,0.6623,0.00,0.2074
Carrots,-0.8506,0.1661,0.8184,0.00,0.2074
Carrots,-0.9415,0.1661,0.3503,0.00,0.2074
Carrots,-0.9415,0.1661,0.5138,0.00,0.2074
Carrots,-0.9415,0.1661,0.6623,0.00,0.2074
Carrots,-0.9415,0.1661,0.8184,0.00,0.2074
Carrots,-1.0604,0.1661,0.3503,0.00,0.2074
Carrots,-1.0604,0.1661,0.5138,0.00,0.2074
Carrots,-1.0604,0.1661,0.6623,0.00,0.2074
Carrots,-1.0604,0.1661,0.8184,0.00,0.2074
Carrots,-1.1415,0.1661,0.3503,0.00,0.2074
Carrots,-1.1415,0.1661,0.5138,0.00,0.2074
Carrots,-1.1415,0.1661,0.6623,0.00,0.2074
Carrots,-1.1415,0.1661,0.8184,0.00,0.2074
Carrots,-1.2604,0.1661,0.3503,0.00,0.2074
Carrots,-1.2604,0.1661,0.5138,0.00,0.2074
Carrots,-1.2604,0.1661,0.6623,0.00,0.2074
Carrots,-1.2604,0.1661,0.8184,0.00,0.2074
Carrots,0.6393,0.1661,0.8184,0.00,0.2074
Carrots,0.6393,0.1661,0.6623,0.00,0.2074
Carrots,0.6393,0.1661,0.5138,0.00,0.2074
Carrots,0.6393,0.1661,0.3503,0.00,0.2074
Carrots,0.5486,0.1661,0.3503,0.00,0.2074
Carrots,0.5486,0.1661,0.5138,0.00,0.2074
Carrots,0.5486,0.1661,0.6623,0.00,0.2074
Carrots,0.5486,0.1661,0.8184,0.00,0.2074
Carrots,0.4297,0.1661,0.3503,0.00,0.2074
Carrots,0.4297,0.1661,0.5138,0.00,0.2074
Carrots,0.4297,0.1661,0.6623,0.00,0.2074
Carrots,0.4297,0.1661,0.8184,0.00,0.2074
Carrots,0.3388,0.1661,0.3503,0.00,0.2074
Carrots,0.3388,0.1661,0.5138,0.00,0.2074
Carrots,0.3388,0.1661,0.6623,0.00,0.2074
Carrots,0.3388,0.1661,0.8184,0.00,0.2074
Carrots,0.2200,0.1661,0.3503,0.00,0.2074
Carrots,0.2200,0.1661,0.5138,0.00,0.2074
Carrots,0.2200,0.1661,0.6623,0.00,0.2074
Carrots,0.2200,0.1661,0.8184,0.00,0.2074
Carrots,0.1388,0.1661,0.3503,0.00,0.2074
Carrots,0.1388,0.1661,0.5138,0.00,0.2074
Carrots,0.1388,0.1661,0.6623,0.00,0.2074
Carrots,0.1388,0.1661,0.8184,0.00,0.2074
Carrots,0.0200,0.1661,0.3503,0.00,0.2074
Carrots,0.0200,0.1661,0.5138,0.00,0.2074
Carrots,0.0200,0.1661,0.6623,0.00,0.2074
Carrots,0.0200,0.1661,0.8184,0.00,0.2074
CherryTree,-0.0137,-6.7162,14.2947,0.00,0.1135
CherryTree,-0.0137,-6.7162,-0.1642,0.00,0.1135
CornBushy,-8.2918,-1.2279,8.8539,0.00,0.1314
CornBushy,-8.2918,-1.2279,8.6806,0.00,0.1314
CornBushy,-8.2918,-1.2279,8.5025,0.00,0.1314
CornBushy,-8.1349,-1.2279,8.8539,0.00,0.1314
CornBushy,-8.1349,-1.2279,8.6806,0.00,0.1314
CornBushy,-8.1349,-1.2279,8.5025,0.00,0.1314
CornBushy,-7.9523,-1.2279,8.8539,0.00,0.1314
CornBushy,-7.9523,-1.2279,8.6806,0.00,0.1314
CornBushy,-7.9523,-1.2279,8.5025,0.00,0.1314
CornBushy,-7.8088,-1.2279,8.8539,0.00,0.1314
CornBushy,-7.8088,-1.2279,8.6806,0.00,0.1314
CornBushy,-7.8088,-1.2279,8.5025,0.00,0.1314
CornBushy,-7.6262,-1.2279,8.8539,0.00,0.1314
CornBushy,-7.6262,-1.2279,8.6806,0.00,0.1314
CornBushy,-7.6262,-1.2279,8.5025,0.00,0.1314
CornBushy,-5.6384,-1.2279,8.8539,0.00,0.1314
CornBushy,-5.6384,-1.2279,8.6806,0.00,0.1314
CornBushy,-5.6384,-1.2279,8.5025,0.00,0.1314
CornBushy,-5.4814,-1.2279,8.8539,0.00,0.1314
CornBushy,-5.4814,-1.2279,8.6806,0.00,0.1314
CornBushy,-5.4814,-1.2279,8.5025,0.00,0.1314
CornBushy,-5.2988,-1.2279,8.8539,0.00,0.1314
CornBushy,-5.2988,-1.2279,8.6806,0.00,0.1314
CornBushy,-5.2988,-1.2279,8.5025,0.00,0.1314
CornBushy,-5.1554,-1.2279,8.8539,0.00,0.1314
CornBushy,-5.1554,-1.2279,8.6806,0.00,0.1314
CornBushy,-5.1554,-1.2279,8.5025,0.00,0.1314
CornBushy,-4.9728,-1.2279,8.8539,0.00,0.1314
CornBushy,-4.9728,-1.2279,8.6806,0.00,0.1314
CornBushy,-4.9728,-1.2279,8.5025,0.00,0.1314
CornBushy,-6.9944,-1.2279,8.8539,0.00,0.1314
CornBushy,-6.9944,-1.2279,8.6806,0.00,0.1314
CornBushy,-6.9944,-1.2279,8.5025,0.00,0.1314
CornBushy,-6.8374,-1.2279,8.8539,0.00,0.1314
CornBushy,-6.8374,-1.2279,8.6806,0.00,0.1314
CornBushy,-6.8374,-1.2279,8.5025,0.00,0.1314
CornBushy,-6.6548,-1.2279,8.8539,0.00,0.1314
CornBushy,-6.6548,-1.2279,8.6806,0.00,0.1314
CornBushy,-6.6548,-1.2279,8.5025,0.00,0.1314
CornBushy,-6.5114,-1.2279,8.8539,0.00,0.1314
CornBushy,-6.5114,-1.2279,8.6806,0.00,0.1314
CornBushy,-6.5114,-1.2279,8.5025,0.00,0.1314
CornBushy,-6.3288,-1.2279,8.8539,0.00,0.1314
CornBushy,-6.3288,-1.2279,8.6806,0.00,0.1314
CornBushy,-6.3288,-1.2279,8.5025,0.00,0.1314
CornBushy,-2.9797,-1.2279,8.8539,0.00,0.1314
CornBushy,-2.9797,-1.2279,8.6806,0.00,0.1314
CornBushy,-2.9797,-1.2279,8.5025,0.00,0.1314
CornBushy,-2.8227,-1.2279,8.8539,0.00,0.1314
CornBushy,-2.8227,-1.2279,8.6806,0.00,0.1314
CornBushy,-2.8227,-1.2279,8.5025,0.00,0.1314
CornBushy,-2.6401,-1.2279,8.8539,0.00,0.1314
CornBushy,-2.6401,-1.2279,8.6806,0.00,0.1314
CornBushy,-2.6401,-1.2279,8.5025,0.00,0.1314
CornBushy,-2.4967,-1.2279,8.8539,0.00,0.1314
CornBushy,-2.4967,-1.2279,8.6806,0.00,0.1314
CornBushy,-2.4967,-1.2279,8.5025,0.00,0.1314
CornBushy,-2.3141,-1.2279,8.8539,0.00,0.1314
CornBushy,-2.3141,-1.2279,8.6806,0.00,0.1314
CornBushy,-2.3141,-1.2279,8.5025,0.00,0.1314
CornBushy,-4.3357,-1.2279,8.8539,0.00,0.1314
CornBushy,-4.3357,-1.2279,8.6806,0.00,0.1314
CornBushy,-4.3357,-1.2279,8.5025,0.00,0.1314
CornBushy,-4.1787,-1.2279,8.8539,0.00,0.1314
CornBushy,-4.1787,-1.2279,8.6806,0.00,0.1314
CornBushy,-4.1787,-1.2279,8.5025,0.00,0.1314
CornBushy,-3.9961,-1.2279,8.8539,0.00,0.1314
CornBushy,-3.9961,-1.2279,8.6806,0.00,0.1314
CornBushy,-3.9961,-1.2279,8.5025,0.00,0.1314
CornBushy,-3.8527,-1.2279,8.8539,0.00,0.1314
CornBushy,-3.8527,-1.2279,8.6806,0.00,0.1314
CornBushy,-3.8527,-1.2279,8.5025,0.00,0.1314
CornBushy,-3.6701,-1.2279,8.8539,0.00,0.1314
CornBushy,-3.6701,-1.2279,8.6806,0.00,0.1314
CornBushy,-3.6701,-1.2279,8.5025,0.00,0.1314
CornBushy,-1.6893,-1.2279,8.8539,0.00,0.1314
CornBushy,-1.6893,-1.2279,8.6806,0.00,0.1314
CornBushy,-1.6893,-1.2279,8.5025,0.00,0.1314
CornBushy,-1.5323,-1.2279,8.8539,0.00,0.1314
CornBushy,-1.5323,-1.2279,8.6806,0.00,0.1314
CornBushy,-1.5323,-1.2279,8.5025,0.00,0.1314
CornBushy,-1.3497,-1.2279,8.8539,0.00,0.1314
CornBushy,-1.3497,-1.2279,8.6806,0.00,0.1314
CornBushy,-1.3497,-1.2279,8.5025,0.00,0.1314
CornBushy,-1.2063,-1.2279,8.8539,0.00,0.1314
CornBushy,-1.2063,-1.2279,8.6806,0.00,0.1314
CornBushy,-1.2063,-1.2279,8.5025,0.00,0.1314
CornBushy,-1.0237,-1.2279,8.8539,0.00,0.1314
CornBushy,-1.0237,-1.2279,8.6806,0.00,0.1314
CornBushy,-1.0237,-1.2279,8.5025,0.00,0.1314
CornBushy,-0.3333,-1.2279,8.8539,0.00,0.1314
CornBushy,-0.3333,-1.2279,8.6806,0.00,0.1314
CornBushy,-0.3333,-1.2279,8.5025,0.00,0.1314
CornBushy,-0.1763,-1.2279,8.8539,0.00,0.1314
CornBushy,-0.1763,-1.2279,8.6806,0.00,0.1314
CornBushy,-0.1763,-1.2279,8.5025,0.00,0.1314
CornBushy,0.0063,-1.2279,8.8539,0.00,0.1314
CornBushy,0.0063,-1.2279,8.6806,0.00,0.1314
CornBushy,0.0063,-1.2279,8.5025,0.00,0.1314
CornBushy,0.1497,-1.2279,8.8539,0.00,0.1314
CornBushy,0.1497,-1.2279,8.6806,0.00,0.1314
CornBushy,0.1497,-1.2279,8.5025,0.00,0.1314
CornBushy,0.3323,-1.2279,8.8539,0.00,0.1314
CornBushy,0.3323,-1.2279,8.6806,0.00,0.1314
CornBushy,0.3323,-1.2279,8.5025,0.00,0.1314
CornBushy,-8.2918,-1.2279,0.3368,0.00,0.1314
CornBushy,-8.2918,-1.2279,0.1636,0.00,0.1314
CornBushy,-8.2918,-1.2279,-0.0146,0.00,0.1314
CornBushy,-8.1349,-1.2279,0.3368,0.00,0.1314
CornBushy,-8.1349,-1.2279,0.1636,0.00,0.1314
CornBushy,-8.1349,-1.2279,-0.0146,0.00,0.1314
CornBushy,-7.9523,-1.2279,0.3368,0.00,0.1314
CornBushy,-7.9523,-1.2279,0.1636,0.00,0.1314
CornBushy,-7.9523,-1.2279,-0.0146,0.00,0.1314
CornBushy,-7.8088,-1.2279,0.3368,0.00,0.1314
CornBushy,-7.8088,-1.2279,0.1636,0.00,0.1314
CornBushy,-7.8088,-1.2279,-0.0146,0.00,0.1314
CornBushy,-7.6262,-1.2279,0.3368,0.00,0.1314
CornBushy,-7.6262,-1.2279,0.1636,0.00,0.1314
CornBushy,-7.6262,-1.2279,-0.0146,0.00,0.1314
CornBushy,-5.6384,-1.2279,0.3368,0.00,0.1314
CornBushy,-5.6384,-1.2279,0.1636,0.00,0.1314
CornBushy,-5.6384,-1.2279,-0.0146,0.00,0.1314
CornBushy,-5.4814,-1.2279,0.3368,0.00,0.1314
CornBushy,-5.4814,-1.2279,0.1636,0.00,0.1314
CornBushy,-5.4814,-1.2279,-0.0146,0.00,0.1314
CornBushy,-5.2988,-1.2279,0.3368,0.00,0.1314
CornBushy,-5.2988,-1.2279,0.1636,0.00,0.1314
CornBushy,-5.2988,-1.2279,-0.0146,0.00,0.1314
CornBushy,-5.1554,-1.2279,0.3368,0.00,0.1314
CornBushy,-5.1554,-1.2279,0.1636,0.00,0.1314
CornBushy,-5.1554,-1.2279,-0.0146,0.00,0.1314
CornBushy,-4.9728,-1.2279,0.3368,0.00,0.1314
CornBushy,-4.9728,-1.2279,0.1636,0.00,0.1314
CornBushy,-4.9728,-1.2279,-0.0146,0.00,0.1314
CornBushy,-6.9944,-1.2279,0.3368,0.00,0.1314
CornBushy,-6.9944,-1.2279,0.1636,0.00,0.1314
CornBushy,-6.9944,-1.2279,-0.0146,0.00,0.1314
CornBushy,-6.8374,-1.2279,0.3368,0.00,0.1314
CornBushy,-6.8374,-1.2279,0.1636,0.00,0.1314
CornBushy,-6.8374,-1.2279,-0.0146,0.00,0.1314
CornBushy,-6.6548,-1.2279,0.3368,0.00,0.1314
CornBushy,-6.6548,-1.2279,0.1636,0.00,0.1314
CornBushy,-6.6548,-1.2279,-0.0146,0.00,0.1314
CornBushy,-6.5114,-1.2279,0.3368,0.00,0.1314
CornBushy,-6.5114,-1.2279,0.1636,0.00,0.1314
CornBushy,-6.5114,-1.2279,-0.0146,0.00,0.1314
CornBushy,-6.3288,-1.2279,0.3368,0.00,0.1314
CornBushy,-6.3288,-1.2279,0.1636,0.00,0.1314
CornBushy,-6.3288,-1.2279,-0.0146,0.00,0.1314
CornBushy,-2.9797,-1.2279,0.3368,0.00,0.1314
CornBushy,-2.9797,-1.2279,0.1636,0.00,0.1314
CornBushy,-2.9797,-1.2279,-0.0146,0.00,0.1314
CornBushy,-2.8227,-1.2279,0.3368,0.00,0.1314
CornBushy,-2.8227,-1.2279,0.1636,0.00,0.1314
CornBushy,-2.8227,-1.2279,-0.0146,0.00,0.1314
CornBushy,-2.6401,-1.2279,0.3368,0.00,0.1314
CornBushy,-2.6401,-1.2279,0.1636,0.00,0.1314
CornBushy,-2.6401,-1.2279,-0.0146,0.00,0.1314
CornBushy,-2.4967,-1.2279,0.3368,0.00,0.1314
CornBushy,-2.4967,-1.2279,0.1636,0.00,0.1314
CornBushy,-2.4967,-1.2279,-0.0146,0.00,0.1314
CornBushy,-2.3141,-1.2279,0.3368,0.00,0.1314
CornBushy,-2.3141,-1.2279,0.1636,0.00,0.1314
CornBushy,-2.3141,-1.2279,-0.0146,0.00,0.1314
CornBushy,-4.3357,-1.2279,0.3368,0.00,0.1314
CornBushy,-4.3357,-1.2279,0.1636,0.00,0.1314
CornBushy,-4.3357,-1.2279,-0.0146,0.00,0.1314
CornBushy,-4.1787,-1.2279,0.3368,0.00,0.1314
CornBushy,-4.1787,-1.2279,0.1636,0.00,0.1314
CornBushy,-4.1787,-1.2279,-0.0146,0.00,0.1314
CornBushy,-3.9961,-1.2279,0.3368,0.00,0.1314
CornBushy,-3.9961,-1.2279,0.1636,0.00,0.1314
CornBushy,-3.9961,-1.2279,-0.0146,0.00,0.1314
CornBushy,-3.8527,-1.2279,0.3368,0.00,0.1314
CornBushy,-3.8527,-1.2279,0.1636,0.00,0.1314
CornBushy,-3.8527,-1.2279,-0.0146,0.00,0.1314
CornBushy,-3.6701,-1.2279,0.3368,0.00,0.1314
CornBushy,-3.6701,-1.2279,0.1636,0.00,0.1314
CornBushy,-3.6701,-1.2279,-0.0146,0.00,0.1314
CornBushy,-1.6893,-1.2279,0.3368,0.00,0.1314
CornBushy,-1.6893,-1.2279,0.1636,0.00,0.1314
CornBushy,-1.6893,-1.2279,-0.0146,0.00,0.1314
CornBushy,-1.5323,-1.2279,0.3368,0.00,0.1314
CornBushy,-1.5323,-1.2279,0.1636,0.00,0.1314
CornBushy,-1.5323,-1.2279,-0.0146,0.00,0.1314
CornBushy,-1.3497,-1.2279,0.3368,0.00,0.1314
CornBushy,-1.3497,-1.2279,0.1636,0.00,0.1314
CornBushy,-1.3497,-1.2279,-0.0146,0.00,0.1314
CornBushy,-1.2063,-1.2279,0.3368,0.00,0.1314
CornBushy,-1.2063,-1.2279,0.1636,0.00,0.1314
CornBushy,-1.2063,-1.2279,-0.0146,0.00,0.1314
CornBushy,-1.0237,-1.2279,0.3368,0.00,0.1314
CornBushy,-1.0237,-1.2279,0.1636,0.00,0.1314
CornBushy,-1.0237,-1.2279,-0.0146,0.00,0.1314
CornBushy,-0.3333,-1.2279,0.3368,0.00,0.1314
CornBushy,-0.3333,-1.2279,0.1636,0.00,0.1314
CornBushy,-0.3333,-1.2279,-0.0146,0.00,0.1314
CornBushy,-0.1763,-1.2279,0.3368,0.00,0.1314
CornBushy,-0.1763,-1.2279,0.1636,0.00,0.1314
CornBushy,-0.1763,-1.2279,-0.0146,0.00,0.1314
CornBushy,0.0063,-1.2279,0.3368,0.00,0.1314
CornBushy,0.0063,-1.2279,0.1636,0.00,0.1314
CornBushy,0.0063,-1.2279,-0.0146,0.00,0.1314
CornBushy,0.1497,-1.2279,0.3368,0.00,0.1314
CornBushy,0.1497,-1.2279,0.1636,0.00,0.1314
CornBushy,0.1497,-1.2279,-0.0146,0.00,0.1314
CornBushy,0.3323,-1.2279,0.3368,0.00,0.1314
CornBushy,0.3323,-1.2279,0.1636,0.00,0.1314
CornBushy,0.3323,-1.2279,-0.0146,0.00,0.1314
CornThin,-8.0167,-1.4054,10.6114,0.00,0.1311
CornThin,-8.0167,-1.4054,10.4615,0.00,0.1311
CornThin,-8.0167,-1.4054,10.3004,0.00,0.1311
CornThin,-7.8609,-1.4054,10.6114,0.00,0.1311
CornThin,-7.8609,-1.4054,10.4615,0.00,0.1311
CornThin,-7.8609,-1.4054,10.3004,0.00,0.1311
CornThin,-7.6978,-1.4054,10.6114,0.00,0.1311
CornThin,-7.6978,-1.4054,10.4615,0.00,0.1311
CornThin,-7.6978,-1.4054,10.3004,0.00,0.1311
CornThin,-7.5373,-1.4054,10.6114,0.00,0.1311
CornThin,-7.5373,-1.4054,10.4615,0.00,0.1311
CornThin,-7.5373,-1.4054,10.3004,0.00,0.1311
CornThin,-7.3802,-1.4054,10.6114,0.00,0.1311
CornThin,-7.3802,-1.4054,10.4615,0.00,0.1311
CornThin,-7.3802,-1.4054,10.3004,0.00,0.1311
CornThin,-6.7095,-1.4054,10.6114,0.00,0.1311
CornThin,-6.7095,-1.4054,10.4615,0.00,0.1311
CornThin,-6.7095,-1.4054,10.3004,0.00,0.1311
CornThin,-6.5537,-1.4054,10.6114,0.00,0.1311
CornThin,-6.5537,-1.4054,10.4615,0.00,0.1311
CornThin,-6.5537,-1.4054,10.3004,0.00,0.1311
CornThin,-6.3906,-1.4054,10.6114,0.00,0.1311
CornThin,-6.3906,-1.4054,10.4615,0.00,0.1311
CornThin,-6.3906,-1.4054,10.3004,0.00,0.1311
CornThin,-6.2301,-1.4054,10.6114,0.00,0.1311
CornThin,-6.2301,-1.4054,10.4615,0.00,0.1311
CornThin,-6.2301,-1.4054,10.3004,0.00,0.1311
CornThin,-6.0730,-1.4054,10.6114,0.00,0.1311
CornThin,-6.0730,-1.4054,10.4615,0.00,0.1311
CornThin,-6.0730,-1.4054,10.3004,0.00,0.1311
CornThin,-5.3568,-1.4054,10.6114,0.00,0.1311
CornThin,-5.3568,-1.4054,10.4615,0.00,0.1311
CornThin,-5.3568,-1.4054,10.3004,0.00,0.1311
CornThin,-5.2009,-1.4054,10.6114,0.00,0.1311
CornThin,-5.2009,-1.4054,10.4615,0.00,0.1311
CornThin,-5.2009,-1.4054,10.3004,0.00,0.1311
CornThin,-5.0379,-1.4054,10.6114,0.00,0.1311
CornThin,-5.0379,-1.4054,10.4615,0.00,0.1311
CornThin,-5.0379,-1.4054,10.3004,0.00,0.1311
CornThin,-4.8774,-1.4054,10.6114,0.00,0.1311
CornThin,-4.8774,-1.4054,10.4615,0.00,0.1311
CornThin,-4.8774,-1.4054,10.3004,0.00,0.1311
CornThin,-4.7202,-1.4054,10.6114,0.00,0.1311
CornThin,-4.7202,-1.4054,10.4615,0.00,0.1311
CornThin,-4.7202,-1.4054,10.3004,0.00,0.1311
CornThin,-4.0724,-1.4054,10.6114,0.00,0.1311
CornThin,-4.0724,-1.4054,10.4615,0.00,0.1311
CornThin,-4.0724,-1.4054,10.3004,0.00,0.1311
CornThin,-3.9166,-1.4054,10.6114,0.00,0.1311
CornThin,-3.9166,-1.4054,10.4615,0.00,0.1311
CornThin,-3.9166,-1.4054,10.3004,0.00,0.1311
CornThin,-3.7535,-1.4054,10.6114,0.00,0.1311
CornThin,-3.7535,-1.4054,10.4615,0.00,0.1311
CornThin,-3.7535,-1.4054,10.3004,0.00,0.1311
CornThin,-3.5930,-1.4054,10.6114,0.00,0.1311
CornThin,-3.5930,-1.4054,10.4615,0.00,0.1311
CornThin,-3.5930,-1.4054,10.3004,0.00,0.1311
CornThin,-3.4359,-1.4054,10.6114,0.00,0.1311
CornThin,-3.4359,-1.4054,10.4615,0.00,0.1311
CornThin,-3.4359,-1.4054,10.3004,0.00,0.1311
CornThin,-2.7197,-1.4054,10.6114,0.00,0.1311
CornThin,-2.7197,-1.4054,10.4615,0.00,0.1311
CornThin,-2.7197,-1.4054,10.3004,0.00,0.1311
CornThin,-2.5639,-1.4054,10.6114,0.00,0.1311
CornThin,-2.5639,-1.4054,10.4615,0.00,0.1311
CornThin,-2.5639,-1.4054,10.3004,0.00,0.1311
CornThin,-2.4008,-1.4054,10.6114,0.00,0.1311
CornThin,-2.4008,-1.4054,10.4615,0.00,0.1311
CornThin,-2.4008,-1.4054,10.3004,0.00,0.1311
CornThin,-2.2403,-1.4054,10.6114,0.00,0.1311
CornThin,-2.2403,-1.4054,10.4615,0.00,0.1311
CornThin,-2.2403,-1.4054,10.3004,0.00,0.1311
CornThin,-2.0831,-1.4054,10.6114,0.00,0.1311
CornThin,-2.0831,-1.4054,10.4615,0.00,0.1311
CornThin,-2.0831,-1.4054,10.3004,0.00,0.1311
CornThin,-1.4110,-1.4054,10.6114,0.00,0.1311
CornThin,-1.4110,-1.4054,10.4615,0.00,0.1311
CornThin,-1.4110,-1.4054,10.3004,0.00,0.1311
CornThin,-1.2552,-1.4054,10.6114,0.00,0.1311
CornThin,-1.2552,-1.4054,10.4615,0.00,0.1311
CornThin,-1.2552,-1.4054,10.3004,0.00,0.1311
CornThin,-1.0921,-1.4054,10.6114,0.00,0.1311
CornThin,-1.0921,-1.4054,10.4615,0.00,0.1311
CornThin,-1.0921,-1.4054,10.3004,0.00,0.1311
CornThin,-0.9317,-1.4054,10.6114,0.00,0.1311
CornThin,-0.9317,-1.4054,10.4615,0.00,0.1311
CornThin,-0.9317,-1.4054,10.3004,0.00,0.1311
CornThin,-0.7745,-1.4054,10.6114,0.00,0.1311
CornThin,-0.7745,-1.4054,10.4615,0.00,0.1311
CornThin,-0.7745,-1.4054,10.3004,0.00,0.1311
CornThin,-0.0583,-1.4054,10.6114,0.00,0.1311
CornThin,-0.0583,-1.4054,10.4615,0.00,0.1311
CornThin,-0.0583,-1.4054,10.3004,0.00,0.1311
CornThin,0.0975,-1.4054,10.6114,0.00,0.1311
CornThin,0.0975,-1.4054,10.4615,0.00,0.1311
CornThin,0.0975,-1.4054,10.3004,0.00,0.1311
CornThin,0.2606,-1.4054,10.6114,0.00,0.1311
CornThin,0.2606,-1.4054,10.4615,0.00,0.1311
CornThin,0.2606,-1.4054,10.3004,0.00,0.1311
CornThin,0.4211,-1.4054,10.6114,0.00,0.1311
CornThin,0.4211,-1.4054,10.4615,0.00,0.1311
CornThin,0.4211,-1.4054,10.3004,0.00,0.1311
CornThin,0.5782,-1.4054,10.6114,0.00,0.1311
CornThin,0.5782,-1.4054,10.4615,0.00,0.1311
CornThin,0.5782,-1.4054,10.3004,0.00,0.1311
CornThin,-8.0167,-1.4054,0.1894,0.00,0.1311
CornThin,-8.0167,-1.4054,0.0396,0.00,0.1311
CornThin,-8.0167,-1.4054,-0.1215,0.00,0.1311
CornThin,-7.8609,-1.4054,0.1894,0.00,0.1311
CornThin,-7.8609,-1.4054,0.0396,0.00,0.1311
CornThin,-7.8609,-1.4054,-0.1215,0.00,0.1311
CornThin,-7.6978,-1.4054,0.1894,0.00,0.1311
CornThin,-7.6978,-1.4054,0.0396,0.00,0.1311
CornThin,-7.6978,-1.4054,-0.1215,0.00,0.1311
CornThin,-7.5373,-1.4054,0.1894,0.00,0.1311
CornThin,-7.5373,-1.4054,0.0396,0.00,0.1311
CornThin,-7.5373,-1.4054,-0.1215,0.00,0.1311
CornThin,-7.3802,-1.4054,0.1894,0.00,0.1311
CornThin,-7.3802,-1.4054,0.0396,0.00,0.1311
CornThin,-7.3802,-1.4054,-0.1215,0.00,0.1311
CornThin,-6.7095,-1.4054,0.1894,0.00,0.1311
CornThin,-6.7095,-1.4054,0.0396,0.00,0.1311
CornThin,-6.7095,-1.4054,-0.1215,0.00,0.1311
CornThin,-6.5537,-1.4054,0.1894,0.00,0.1311
CornThin,-6.5537,-1.4054,0.0396,0.00,0.1311
CornThin,-6.5537,-1.4054,-0.1215,0.00,0.1311
CornThin,-6.3906,-1.4054,0.1894,0.00,0.1311
CornThin,-6.3906,-1.4054,0.0396,0.00,0.1311
CornThin,-6.3906,-1.4054,-0.1215,0.00,0.1311
CornThin,-6.2301,-1.4054,0.1894,0.00,0.1311
CornThin,-6.2301,-1.4054,0.0396,0.00,0.1311
CornThin,-6.2301,-1.4054,-0.1215,0.00,0.1311
CornThin,-6.0730,-1.4054,0.1894,0.00,0.1311
CornThin,-6.0730,-1.4054,0.0396,0.00,0.1311
CornThin,-6.0730,-1.4054,-0.1215,0.00,0.1311
CornThin,-5.3568,-1.4054,0.1894,0.00,0.1311
CornThin,-5.3568,-1.4054,0.0396,0.00,0.1311
CornThin,-5.3568,-1.4054,-0.1215,0.00,0.1311
CornThin,-5.2009,-1.4054,0.1894,0.00,0.1311
CornThin,-5.2009,-1.4054,0.0396,0.00,0.1311
CornThin,-5.2009,-1.4054,-0.1215,0.00,0.1311
CornThin,-5.0379,-1.4054,0.1894,0.00,0.1311
CornThin,-5.0379,-1.4054,0.0396,0.00,0.1311
CornThin,-5.0379,-1.4054,-0.1215,0.00,0.1311
CornThin,-4.8774,-1.4054,0.1894,0.00,0.1311
CornThin,-4.8774,-1.4054,0.0396,0.00,0.1311
CornThin,-4.8774,-1.4054,-0.1215,0.00,0.1311
CornThin,-4.7202,-1.4054,0.1894,0.00,0.1311
CornThin,-4.7202,-1.4054,0.0396,0.00,0.1311
CornThin,-4.7202,-1.4054,-0.1215,0.00,0.1311
CornThin,-4.0724,-1.4054,0.1894,0.00,0.1311
CornThin,-4.0724,-1.4054,0.0396,0.00,0.1311
CornThin,-4.0724,-1.4054,-0.1215,0.00,0.1311
CornThin,-3.9166,-1.4054,0.1894,0.00,0.1311
CornThin,-3.9166,-1.4054,0.0396,0.00,0.1311
CornThin,-3.9166,-1.4054,-0.1215,0.00,0.1311
CornThin,-3.7535,-1.4054,0.1894,0.00,0.1311
CornThin,-3.7535,-1.4054,0.0396,0.00,0.1311
CornThin,-3.7535,-1.4054,-0.1215,0.00,0.1311
CornThin,-3.5930,-1.4054,0.1894,0.00,0.1311
CornThin,-3.5930,-1.4054,0.0396,0.00,0.1311
CornThin,-3.5930,-1.4054,-0.1215,0.00,0.1311
CornThin,-3.4359,-1.4054,0.1894,0.00,0.1311
CornThin,-3.4359,-1.4054,0.0396,0.00,0.1311
CornThin,-3.4359,-1.4054,-0.1215,0.00,0.1311
CornThin,-2.7197,-1.4054,0.1894,0.00,0.1311
CornThin,-2.7197,-1.4054,0.0396,0.00,0.1311
CornThin,-2.7197,-1.4054,-0.1215,0.00,0.1311
CornThin,-2.5639,-1.4054,0.1894,0.00,0.1311
CornThin,-2.5639,-1.4054,0.0396,0.00,0.1311
CornThin,-2.5639,-1.4054,-0.1215,0.00,0.1311
CornThin,-2.4008,-1.4054,0.1894,0.00,0.1311
CornThin,-2.4008,-1.4054,0.0396,0.00,0.1311
CornThin,-2.4008,-1.4054,-0.1215,0.00,0.1311
CornThin,-2.2403,-1.4054,0.1894,0.00,0.1311
CornThin,-2.2403,-1.4054,0.0396,0.00,0.1311
CornThin,-2.2403,-1.4054,-0.1215,0.00,0.1311
CornThin,-2.0831,-1.4054,0.1894,0.00,0.1311
CornThin,-2.0831,-1.4054,0.0396,0.00,0.1311
CornThin,-2.0831,-1.4054,-0.1215,0.00,0.1311
CornThin,-1.4110,-1.4054,0.1894,0.00,0.1311
CornThin,-1.4110,-1.4054,0.0396,0.00,0.1311
CornThin,-1.4110,-1.4054,-0.1215,0.00,0.1311
CornThin,-1.2552,-1.4054,0.1894,0.00,0.1311
CornThin,-1.2552,-1.4054,0.0396,0.00,0.1311
CornThin,-1.2552,-1.4054,-0.1215,0.00,0.1311
CornThin,-1.0921,-1.4054,0.1894,0.00,0.1311
CornThin,-1.0921,-1.4054,0.0396,0.00,0.1311
CornThin,-1.0921,-1.4054,-0.1215,0.00,0.1311
CornThin,-0.9317,-1.4054,0.1894,0.00,0.1311
CornThin,-0.9317,-1.4054,0.0396,0.00,0.1311
CornThin,-0.9317,-1.4054,-0.1215,0.00,0.1311
CornThin,-0.7745,-1.4054,0.1894,0.00,0.1311
CornThin,-0.7745,-1.4054,0.0396,0.00,0.1311
CornThin,-0.7745,-1.4054,-0.1215,0.00,0.1311
CornThin,-0.0583,-1.4054,0.1894,0.00,0.1311
CornThin,-0.0583,-1.4054,0.0396,0.00,0.1311
CornThin,-0.0583,-1.4054,-0.1215,0.00,0.1311
CornThin,0.0975,-1.4054,0.1894,0.00,0.1311
CornThin,0.0975,-1.4054,0.0396,0.00,0.1311
CornThin,0.0975,-1.4054,-0.1215,0.00,0.1311
CornThin,0.2606,-1.4054,0.1894,0.00,0.1311
CornThin,0.2606,-1.4054,0.0396,0.00,0.1311
CornThin,0.2606,-1.4054,-0.1215,0.00,0.1311
CornThin,0.4211,-1.4054,0.1894,0.00,0.1311
CornThin,0.4211,-1.4054,0.0396,0.00,0.1311
CornThin,0.4211,-1.4054,-0.1215,0.00,0.1311
CornThin,0.5782,-1.4054,0.1894,0.00,0.1311
CornThin,0.5782,-1.4054,0.0396,0.00,0.1311
CornThin,0.5782,-1.4054,-0.1215,0.00,0.1311
Cortinarius,-4.1443,-0.2281,22.1208,0.00,0.1289
Cortinarius,-4.1591,-0.2281,22.1526,0.00,0.1289
Cortinarius,-4.1244,-0.2281,22.1569,0.00,0.1289
Cortinarius,-4.3095,-0.2281,21.7419,0.00,0.1289
Cortinarius,-4.2748,-0.2281,21.7462,0.00,0.1289
Cortinarius,-4.2947,-0.2281,21.7101,0.00,0.1289
Cortinarius,-4.3095,-0.2281,21.7419,0.00,0.1289
Cortinarius,-4.2748,-0.2281,21.7462,0.00,0.1289
Cortinarius,-4.2947,-0.2281,21.7101,0.00,0.1289
Cortinarius,-4.0232,-0.2281,21.8001,0.00,0.1289
Cortinarius,-3.9885,-0.2281,21.8044,0.00,0.1289
Cortinarius,-4.0084,-0.2281,21.7683,0.00,0.1289
Cortinarius,-4.1146,-0.2281,21.8006,0.00,0.1289
Cortinarius,-4.0798,-0.2281,21.8048,0.00,0.1289
Cortinarius,-4.0998,-0.2281,21.7687,0.00,0.1289
Cortinarius,-4.1398,-0.2281,21.9383,0.00,0.1289
Cortinarius,-4.1050,-0.2281,21.9426,0.00,0.1289
Cortinarius,-4.1249,-0.2281,21.9064,0.00,0.1289
Cortinarius,-4.1164,-0.2281,22.0648,0.00,0.1289
Cortinarius,-4.0816,-0.2281,22.0691,0.00,0.1289
Cortinarius,-4.1015,-0.2281,22.0329,0.00,0.1289
Cortinarius,-4.1164,-0.2281,22.0648,0.00,0.1289
Cortinarius,-4.0816,-0.2281,22.0691,0.00,0.1289
Cortinarius,-4.1015,-0.2281,22.0329,0.00,0.1289
Cortinarius,-4.1146,-0.2281,21.8006,0.00,0.1289
Cortinarius,-4.0798,-0.2281,21.8048,0.00,0.1289
Cortinarius,-4.0998,-0.2281,21.7687,0.00,0.1289
Cortinarius,-4.1398,-0.2281,21.9383,0.00,0.1289
Cortinarius,-4.1050,-0.2281,21.9426,0.00,0.1289
Cortinarius,-4.1249,-0.2281,21.9064,0.00,0.1289
Cortinarius,-4.1164,-0.2281,22.0648,0.00,0.1289
Cortinarius,-4.0816,-0.2281,22.0691,0.00,0.1289
Cortinarius,-4.1015,-0.2281,22.0329,0.00,0.1289
Cortinarius,-4.1164,-0.2281,22.0648,0.00,0.1289
Cortinarius,-4.0816,-0.2281,22.0691,0.00,0.1289
Cortinarius,-4.1015,-0.2281,22.0329,0.00,0.1289
Cortinarius,-4.0455,-0.2281,21.7339,0.00,0.1289
Cortinarius,-4.0108,-0.2281,21.7382,0.00,0.1289
Cortinarius,-4.0307,-0.2281,21.7020,0.00,0.1289
Cortinarius,-4.0707,-0.2281,21.8716,0.00,0.1289
Cortinarius,-4.0360,-0.2281,21.8759,0.00,0.1289
Cortinarius,-4.0559,-0.2281,21.8398,0.00,0.1289
Cortinarius,-4.0473,-0.2281,21.9981,0.00,0.1289
Cortinarius,-4.0126,-0.2281,22.0024,0.00,0.1289
Cortinarius,-4.0325,-0.2281,21.9662,0.00,0.1289
Cortinarius,-4.0473,-0.2281,21.9981,0.00,0.1289
Cortinarius,-4.0126,-0.2281,22.0024,0.00,0.1289
Cortinarius,-4.0325,-0.2281,21.9662,0.00,0.1289
Cortinarius,-3.9361,-0.2281,21.9150,0.00,0.1289
Cortinarius,-3.9013,-0.2281,21.9193,0.00,0.1289
Cortinarius,-3.9213,-0.2281,21.8831,0.00,0.1289
Cortinarius,-3.9613,-0.2281,22.0527,0.00,0.1289
Cortinarius,-3.9265,-0.2281,22.0570,0.00,0.1289
Cortinarius,-3.9464,-0.2281,22.0208,0.00,0.1289
Cortinarius,-3.9379,-0.2281,22.1792,0.00,0.1289
Cortinarius,-3.9031,-0.2281,22.1835,0.00,0.1289
Cortinarius,-3.9230,-0.2281,22.1473,0.00,0.1289
Cortinarius,-3.9379,-0.2281,22.1792,0.00,0.1289
Cortinarius,-3.9031,-0.2281,22.1835,0.00,0.1289
Cortinarius,-3.9230,-0.2281,22.1473,0.00,0.1289
Cortinarius,-4.2249,-0.2281,21.9150,0.00,0.1289
Cortinarius,-4.1901,-0.2281,21.9193,0.00,0.1289
Cortinarius,-4.2101,-0.2281,21.8831,0.00,0.1289
Cortinarius,-4.2501,-0.2281,22.0527,0.00,0.1289
Cortinarius,-4.2153,-0.2281,22.0570,0.00,0.1289
Cortinarius,-4.2353,-0.2281,22.0208,0.00,0.1289
Cortinarius,-4.2267,-0.2281,22.1792,0.00,0.1289
Cortinarius,-4.1919,-0.2281,22.1835,0.00,0.1289
Cortinarius,-4.2118,-0.2281,22.1473,0.00,0.1289
Cortinarius,-4.2267,-0.2281,22.1792,0.00,0.1289
Cortinarius,-4.1919,-0.2281,22.1835,0.00,0.1289
Cortinarius,-4.2118,-0.2281,22.1473,0.00,0.1289
Cortinarius,-4.3048,-0.2281,21.8195,0.00,0.1289
Cortinarius,-4.2700,-0.2281,21.8238,0.00,0.1289
Cortinarius,-4.2900,-0.2281,21.7877,0.00,0.1289
Cortinarius,-4.3300,-0.2281,21.9573,0.00,0.1289
Cortinarius,-4.2952,-0.2281,21.9615,0.00,0.1289
Cortinarius,-4.3152,-0.2281,21.9254,0.00,0.1289
Cortinarius,-4.3066,-0.2281,22.0838,0.00,0.1289
Cortinarius,-4.2718,-0.2281,22.0880,0.00,0.1289
Cortinarius,-4.2917,-0.2281,22.0519,0.00,0.1289
Cortinarius,-4.3066,-0.2281,22.0838,0.00,0.1289
Cortinarius,-4.2718,-0.2281,22.0880,0.00,0.1289
Cortinarius,-4.2917,-0.2281,22.0519,0.00,0.1289
Cortinarius,-4.4025,-0.2281,21.8195,0.00,0.1289
Cortinarius,-4.3678,-0.2281,21.8238,0.00,0.1289
Cortinarius,-4.3877,-0.2281,21.7877,0.00,0.1289
Cortinarius,-4.4277,-0.2281,21.9573,0.00,0.1289
Cortinarius,-4.3930,-0.2281,21.9615,0.00,0.1289
Cortinarius,-4.4129,-0.2281,21.9254,0.00,0.1289
Cortinarius,-4.4043,-0.2281,22.0838,0.00,0.1289
Cortinarius,-4.3695,-0.2281,22.0880,0.00,0.1289
Cortinarius,-4.3895,-0.2281,22.0519,0.00,0.1289
Cortinarius,-4.4043,-0.2281,22.0838,0.00,0.1289
Cortinarius,-4.3695,-0.2281,22.0880,0.00,0.1289
Cortinarius,-4.3895,-0.2281,22.0519,0.00,0.1289
Cortinarius,-4.5030,-0.2281,22.1193,0.00,0.1289
Cortinarius,-4.4831,-0.2281,22.1554,0.00,0.1289
Cortinarius,-4.5178,-0.2281,22.1511,0.00,0.1289
Cortinarius,-4.5030,-0.2281,22.1193,0.00,0.1289
Cortinarius,-4.4831,-0.2281,22.1554,0.00,0.1289
Cortinarius,-4.5178,-0.2281,22.1511,0.00,0.1289
Cortinarius,-4.5264,-0.2281,21.9928,0.00,0.1289
Cortinarius,-4.5065,-0.2281,22.0289,0.00,0.1289
Cortinarius,-4.5412,-0.2281,22.0246,0.00,0.1289
Cortinarius,-4.5012,-0.2281,21.8551,0.00,0.1289
Cortinarius,-4.4813,-0.2281,21.8912,0.00,0.1289
Cortinarius,-4.5161,-0.2281,21.8869,0.00,0.1289
Cortinarius,-4.5167,-0.2281,21.7654,0.00,0.1289
Cortinarius,-4.4819,-0.2281,21.7697,0.00,0.1289
Cortinarius,-4.5019,-0.2281,21.7335,0.00,0.1289
Cortinarius,-3.9068,-0.2281,22.1193,0.00,0.1289
Cortinarius,-3.8869,-0.2281,22.1554,0.00,0.1289
Cortinarius,-3.9217,-0.2281,22.1511,0.00,0.1289
Cortinarius,-3.9068,-0.2281,22.1193,0.00,0.1289
Cortinarius,-3.8869,-0.2281,22.1554,0.00,0.1289
Cortinarius,-3.9217,-0.2281,22.1511,0.00,0.1289
Cortinarius,-3.9303,-0.2281,21.9928,0.00,0.1289
Cortinarius,-3.9103,-0.2281,22.0289,0.00,0.1289
Cortinarius,-3.9451,-0.2281,22.0246,0.00,0.1289
Cortinarius,-3.9051,-0.2281,21.8551,0.00,0.1289
Cortinarius,-3.8851,-0.2281,21.8912,0.00,0.1289
Cortinarius,-3.9199,-0.2281,21.8869,0.00,0.1289
Cortinarius,-3.9205,-0.2281,21.7654,0.00,0.1289
Cortinarius,-3.8858,-0.2281,21.7697,0.00,0.1289
Cortinarius,-3.9057,-0.2281,21.7335,0.00,0.1289
Cortinarius,-2.8139,-0.2281,22.1208,0.00,0.1289
Cortinarius,-2.8288,-0.2281,22.1526,0.00,0.1289
Cortinarius,-2.7940,-0.2281,22.1569,0.00,0.1289
Cortinarius,-2.9791,-0.2281,21.7419,0.00,0.1289
Cortinarius,-2.9444,-0.2281,21.7462,0.00,0.1289
Cortinarius,-2.9643,-0.2281,21.7101,0.00,0.1289
Cortinarius,-2.9791,-0.2281,21.7419,0.00,0.1289
Cortinarius,-2.9444,-0.2281,21.7462,0.00,0.1289
Cortinarius,-2.9643,-0.2281,21.7101,0.00,0.1289
Cortinarius,-2.6929,-0.2281,21.8001,0.00,0.1289
Cortinarius,-2.6581,-0.2281,21.8044,0.00,0.1289
Cortinarius,-2.6780,-0.2281,21.7683,0.00,0.1289
Cortinarius,-2.7842,-0.2281,21.8006,0.00,0.1289
Cortinarius,-2.7495,-0.2281,21.8048,0.00,0.1289
Cortinarius,-2.7694,-0.2281,21.7687,0.00,0.1289
Cortinarius,-2.8094,-0.2281,21.9383,0.00,0.1289
Cortinarius,-2.7746,-0.2281,21.9426,0.00,0.1289
Cortinarius,-2.7946,-0.2281,21.9064,0.00,0.1289
Cortinarius,-2.7860,-0.2281,22.0648,0.00,0.1289
Cortinarius,-2.7512,-0.2281,22.0691,0.00,0.1289
Cortinarius,-2.7711,-0.2281,22.0329,0.00,0.1289
Cortinarius,-2.7860,-0.2281,22.0648,0.00,0.1289
Cortinarius,-2.7512,-0.2281,22.0691,0.00,0.1289
Cortinarius,-2.7711,-0.2281,22.0329,0.00,0.1289
Cortinarius,-2.7842,-0.2281,21.8006,0.00,0.1289
Cortinarius,-2.7495,-0.2281,21.8048,0.00,0.1289
Cortinarius,-2.7694,-0.2281,21.7687,0.00,0.1289
Cortinarius,-2.8094,-0.2281,21.9383,0.00,0.1289
Cortinarius,-2.7746,-0.2281,21.9426,0.00,0.1289
Cortinarius,-2.7946,-0.2281,21.9064,0.00,0.1289
Cortinarius,-2.7860,-0.2281,22.0648,0.00,0.1289
Cortinarius,-2.7512,-0.2281,22.0691,0.00,0.1289
Cortinarius,-2.7711,-0.2281,22.0329,0.00,0.1289
Cortinarius,-2.7860,-0.2281,22.0648,0.00,0.1289
Cortinarius,-2.7512,-0.2281,22.0691,0.00,0.1289
Cortinarius,-2.7711,-0.2281,22.0329,0.00,0.1289
Cortinarius,-2.7152,-0.2281,21.7339,0.00,0.1289
Cortinarius,-2.6804,-0.2281,21.7382,0.00,0.1289
Cortinarius,-2.7003,-0.2281,21.7020,0.00,0.1289
Cortinarius,-2.7404,-0.2281,21.8716,0.00,0.1289
Cortinarius,-2.7056,-0.2281,21.8759,0.00,0.1289
Cortinarius,-2.7255,-0.2281,21.8398,0.00,0.1289
Cortinarius,-2.7169,-0.2281,21.9981,0.00,0.1289
Cortinarius,-2.6822,-0.2281,22.0024,0.00,0.1289
Cortinarius,-2.7021,-0.2281,21.9662,0.00,0.1289
Cortinarius,-2.7169,-0.2281,21.9981,0.00,0.1289
Cortinarius,-2.6822,-0.2281,22.0024,0.00,0.1289
Cortinarius,-2.7021,-0.2281,21.9662,0.00,0.1289
Cortinarius,-2.6057,-0.2281,21.9150,0.00,0.1289
Cortinarius,-2.5710,-0.2281,21.9193,0.00,0.1289
Cortinarius,-2.5909,-0.2281,21.8831,0.00,0.1289
Cortinarius,-2.6309,-0.2281,22.0527,0.00,0.1289
Cortinarius,-2.5961,-0.2281,22.0570,0.00,0.1289
Cortinarius,-2.6161,-0.2281,22.0208,0.00,0.1289
Cortinarius,-2.6075,-0.2281,22.1792,0.00,0.1289
Cortinarius,-2.5727,-0.2281,22.1835,0.00,0.1289
Cortinarius,-2.5926,-0.2281,22.1473,0.00,0.1289
Cortinarius,-2.6075,-0.2281,22.1792,0.00,0.1289
Cortinarius,-2.5727,-0.2281,22.1835,0.00,0.1289
Cortinarius,-2.5926,-0.2281,22.1473,0.00,0.1289
Cortinarius,-2.8945,-0.2281,21.9150,0.00,0.1289
Cortinarius,-2.8598,-0.2281,21.9193,0.00,0.1289
Cortinarius,-2.8797,-0.2281,21.8831,0.00,0.1289
Cortinarius,-2.9197,-0.2281,22.0527,0.00,0.1289
Cortinarius,-2.8849,-0.2281,22.0570,0.00,0.1289
Cortinarius,-2.9049,-0.2281,22.0208,0.00,0.1289
Cortinarius,-2.8963,-0.2281,22.1792,0.00,0.1289
Cortinarius,-2.8615,-0.2281,22.1835,0.00,0.1289
Cortinarius,-2.8815,-0.2281,22.1473,0.00,0.1289
Cortinarius,-2.8963,-0.2281,22.1792,0.00,0.1289
Cortinarius,-2.8615,-0.2281,22.1835,0.00,0.1289
Cortinarius,-2.8815,-0.2281,22.1473,0.00,0.1289
Cortinarius,-2.9744,-0.2281,21.8195,0.00,0.1289
Cortinarius,-2.9397,-0.2281,21.8238,0.00,0.1289
Cortinarius,-2.9596,-0.2281,21.7877,0.00,0.1289
Cortinarius,-2.9996,-0.2281,21.9573,0.00,0.1289
Cortinarius,-2.9648,-0.2281,21.9615,0.00,0.1289
Cortinarius,-2.9848,-0.2281,21.9254,0.00,0.1289
Cortinarius,-2.9762,-0.2281,22.0838,0.00,0.1289
Cortinarius,-2.9414,-0.2281,22.0880,0.00,0.1289
Cortinarius,-2.9614,-0.2281,22.0519,0.00,0.1289
Cortinarius,-2.9762,-0.2281,22.0838,0.00,0.1289
Cortinarius,-2.9414,-0.2281,22.0880,0.00,0.1289
Cortinarius,-2.9614,-0.2281,22.0519,0.00,0.1289
Cortinarius,-3.0722,-0.2281,21.8195,0.00,0.1289
Cortinarius,-3.0374,-0.2281,21.8238,0.00,0.1289
Cortinarius,-3.0573,-0.2281,21.7877,0.00,0.1289
Cortinarius,-3.0973,-0.2281,21.9573,0.00,0.1289
Cortinarius,-3.0626,-0.2281,21.9615,0.00,0.1289
Cortinarius,-3.0825,-0.2281,21.9254,0.00,0.1289
Cortinarius,-3.0739,-0.2281,22.0838,0.00,0.1289
Cortinarius,-3.0392,-0.2281,22.0880,0.00,0.1289
Cortinarius,-3.0591,-0.2281,22.0519,0.00,0.1289
Cortinarius,-3.0739,-0.2281,22.0838,0.00,0.1289
Cortinarius,-3.0392,-0.2281,22.0880,0.00,0.1289
Cortinarius,-3.0591,-0.2281,22.0519,0.00,0.1289
Cortinarius,-3.1726,-0.2281,22.1193,0.00,0.1289
Cortinarius,-3.1527,-0.2281,22.1554,0.00,0.1289
Cortinarius,-3.1874,-0.2281,22.1511,0.00,0.1289
Cortinarius,-3.1726,-0.2281,22.1193,0.00,0.1289
Cortinarius,-3.1527,-0.2281,22.1554,0.00,0.1289
Cortinarius,-3.1874,-0.2281,22.1511,0.00,0.1289
Cortinarius,-3.1960,-0.2281,21.9928,0.00,0.1289
Cortinarius,-3.1761,-0.2281,22.0289,0.00,0.1289
Cortinarius,-3.2109,-0.2281,22.0246,0.00,0.1289
Cortinarius,-3.1709,-0.2281,21.8551,0.00,0.1289
Cortinarius,-3.1509,-0.2281,21.8912,0.00,0.1289
Cortinarius,-3.1857,-0.2281,21.8869,0.00,0.1289
Cortinarius,-3.1863,-0.2281,21.7654,0.00,0.1289
Cortinarius,-3.1516,-0.2281,21.7697,0.00,0.1289
Cortinarius,-3.1715,-0.2281,21.7335,0.00,0.1289
Cortinarius,-2.5765,-0.2281,22.1193,0.00,0.1289
Cortinarius,-2.5565,-0.2281,22.1554,0.00,0.1289
Cortinarius,-2.5913,-0.2281,22.1511,0.00,0.1289
Cortinarius,-2.5765,-0.2281,22.1193,0.00,0.1289
Cortinarius,-2.5565,-0.2281,22.1554,0.00,0.1289
Cortinarius,-2.5913,-0.2281,22.1511,0.00,0.1289
Cortinarius,-2.5999,-0.2281,21.9928,0.00,0.1289
Cortinarius,-2.5799,-0.2281,22.0289,0.00,0.1289
Cortinarius,-2.6147,-0.2281,22.0246,0.00,0.1289
Cortinarius,-2.5747,-0.2281,21.8551,0.00,0.1289
Cortinarius,-2.5548,-0.2281,21.8912,0.00,0.1289
Cortinarius,-2.5895,-0.2281,21.8869,0.00,0.1289
Cortinarius,-2.5902,-0.2281,21.7654,0.00,0.1289
Cortinarius,-2.5554,-0.2281,21.7697,0.00,0.1289
Cortinarius,-2.5753,-0.2281,21.7335,0.00,0.1289
Cortinarius,-1.5076,-0.2281,22.1208,0.00,0.1289
Cortinarius,-1.5224,-0.2281,22.1526,0.00,0.1289
Cortinarius,-1.4876,-0.2281,22.1569,0.00,0.1289
Cortinarius,-1.6728,-0.2281,21.7419,0.00,0.1289
Cortinarius,-1.6380,-0.2281,21.7462,0.00,0.1289
Cortinarius,-1.6579,-0.2281,21.7101,0.00,0.1289
Cortinarius,-1.6728,-0.2281,21.7419,0.00,0.1289
Cortinarius,-1.6380,-0.2281,21.7462,0.00,0.1289
Cortinarius,-1.6579,-0.2281,21.7101,0.00,0.1289
Cortinarius,-1.3865,-0.2281,21.8001,0.00,0.1289
Cortinarius,-1.3517,-0.2281,21.8044,0.00,0.1289
Cortinarius,-1.3717,-0.2281,21.7683,0.00,0.1289
Cortinarius,-1.4778,-0.2281,21.8006,0.00,0.1289
Cortinarius,-1.4431,-0.2281,21.8048,0.00,0.1289
Cortinarius,-1.4630,-0.2281,21.7687,0.00,0.1289
Cortinarius,-1.5030,-0.2281,21.9383,0.00,0.1289
Cortinarius,-1.4683,-0.2281,21.9426,0.00,0.1289
Cortinarius,-1.4882,-0.2281,21.9064,0.00,0.1289
Cortinarius,-1.4796,-0.2281,22.0648,0.00,0.1289
Cortinarius,-1.4448,-0.2281,22.0691,0.00,0.1289
Cortinarius,-1.4648,-0.2281,22.0329,0.00,0.1289
Cortinarius,-1.4796,-0.2281,22.0648,0.00,0.1289
Cortinarius,-1.4448,-0.2281,22.0691,0.00,0.1289
Cortinarius,-1.4648,-0.2281,22.0329,0.00,0.1289
Cortinarius,-1.4778,-0.2281,21.8006,0.00,0.1289
Cortinarius,-1.4431,-0.2281,21.8048,0.00,0.1289
Cortinarius,-1.4630,-0.2281,21.7687,0.00,0.1289
Cortinarius,-1.5030,-0.2281,21.9383,0.00,0.1289
Cortinarius,-1.4683,-0.2281,21.9426,0.00,0.1289
Cortinarius,-1.4882,-0.2281,21.9064,0.00,0.1289
Cortinarius,-1.4796,-0.2281,22.0648,0.00,0.1289
Cortinarius,-1.4448,-0.2281,22.0691,0.00,0.1289
Cortinarius,-1.4648,-0.2281,22.0329,0.00,0.1289
Cortinarius,-1.4796,-0.2281,22.0648,0.00,0.1289
Cortinarius,-1.4448,-0.2281,22.0691,0.00,0.1289
Cortinarius,-1.4648,-0.2281,22.0329,0.00,0.1289
Cortinarius,-1.4088,-0.2281,21.7339,0.00,0.1289
Cortinarius,-1.3740,-0.2281,21.7382,0.00,0.1289
Cortinarius,-1.3940,-0.2281,21.7020,0.00,0.1289
Cortinarius,-1.4340,-0.2281,21.8716,0.00,0.1289
Cortinarius,-1.3992,-0.2281,21.8759,0.00,0.1289
Cortinarius,-1.4191,-0.2281,21.8398,0.00,0.1289
Cortinarius,-1.4106,-0.2281,21.9981,0.00,0.1289
Cortinarius,-1.3758,-0.2281,22.0024,0.00,0.1289
Cortinarius,-1.3957,-0.2281,21.9662,0.00,0.1289
Cortinarius,-1.4106,-0.2281,21.9981,0.00,0.1289
Cortinarius,-1.3758,-0.2281,22.0024,0.00,0.1289
Cortinarius,-1.3957,-0.2281,21.9662,0.00,0.1289
Cortinarius,-1.2993,-0.2281,21.9150,0.00,0.1289
Cortinarius,-1.2646,-0.2281,21.9193,0.00,0.1289
Cortinarius,-1.2845,-0.2281,21.8831,0.00,0.1289
Cortinarius,-1.3245,-0.2281,22.0527,0.00,0.1289
Cortinarius,-1.2898,-0.2281,22.0570,0.00,0.1289
Cortinarius,-1.3097,-0.2281,22.0208,0.00,0.1289
Cortinarius,-1.3011,-0.2281,22.1792,0.00,0.1289
Cortinarius,-1.2663,-0.2281,22.1835,0.00,0.1289
Cortinarius,-1.2863,-0.2281,22.1473,0.00,0.1289
Cortinarius,-1.3011,-0.2281,22.1792,0.00,0.1289
Cortinarius,-1.2663,-0.2281,22.1835,0.00,0.1289
Cortinarius,-1.2863,-0.2281,22.1473,0.00,0.1289
Cortinarius,-1.5881,-0.2281,21.9150,0.00,0.1289
Cortinarius,-1.5534,-0.2281,21.9193,0.00,0.1289
Cortinarius,-1.5733,-0.2281,21.8831,0.00,0.1289
Cortinarius,-1.6133,-0.2281,22.0527,0.00,0.1289
Cortinarius,-1.5786,-0.2281,22.0570,0.00,0.1289
Cortinarius,-1.5985,-0.2281,22.0208,0.00,0.1289
Cortinarius,-1.5899,-0.2281,22.1792,0.00,0.1289
Cortinarius,-1.5552,-0.2281,22.1835,0.00,0.1289
Cortinarius,-1.5751,-0.2281,22.1473,0.00,0.1289
Cortinarius,-1.5899,-0.2281,22.1792,0.00,0.1289
Cortinarius,-1.5552,-0.2281,22.1835,0.00,0.1289
Cortinarius,-1.5751,-0.2281,22.1473,0.00,0.1289
Cortinarius,-1.6680,-0.2281,21.8195,0.00,0.1289
Cortinarius,-1.6333,-0.2281,21.8238,0.00,0.1289
Cortinarius,-1.6532,-0.2281,21.7877,0.00,0.1289
Cortinarius,-1.6932,-0.2281,21.9573,0.00,0.1289
Cortinarius,-1.6585,-0.2281,21.9615,0.00,0.1289
Cortinarius,-1.6784,-0.2281,21.9254,0.00,0.1289
Cortinarius,-1.6698,-0.2281,22.0838,0.00,0.1289
Cortinarius,-1.6351,-0.2281,22.0880,0.00,0.1289
Cortinarius,-1.6550,-0.2281,22.0519,0.00,0.1289
Cortinarius,-1.6698,-0.2281,22.0838,0.00,0.1289
Cortinarius,-1.6351,-0.2281,22.0880,0.00,0.1289
Cortinarius,-1.6550,-0.2281,22.0519,0.00,0.1289
Cortinarius,-1.7658,-0.2281,21.8195,0.00,0.1289
Cortinarius,-1.7310,-0.2281,21.8238,0.00,0.1289
Cortinarius,-1.7510,-0.2281,21.7877,0.00,0.1289
Cortinarius,-1.7910,-0.2281,21.9573,0.00,0.1289
Cortinarius,-1.7562,-0.2281,21.9615,0.00,0.1289
Cortinarius,-1.7761,-0.2281,21.9254,0.00,0.1289
Cortinarius,-1.7675,-0.2281,22.0838,0.00,0.1289
Cortinarius,-1.7328,-0.2281,22.0880,0.00,0.1289
Cortinarius,-1.7527,-0.2281,22.0519,0.00,0.1289
Cortinarius,-1.7675,-0.2281,22.0838,0.00,0.1289
Cortinarius,-1.7328,-0.2281,22.0880,0.00,0.1289
Cortinarius,-1.7527,-0.2281,22.0519,0.00,0.1289
Cortinarius,-1.8662,-0.2281,22.1193,0.00,0.1289
Cortinarius,-1.8463,-0.2281,22.1554,0.00,0.1289
Cortinarius,-1.8811,-0.2281,22.1511,0.00,0.1289
Cortinarius,-1.8662,-0.2281,22.1193,0.00,0.1289
Cortinarius,-1.8463,-0.2281,22.1554,0.00,0.1289
Cortinarius,-1.8811,-0.2281,22.1511,0.00,0.1289
Cortinarius,-1.8897,-0.2281,21.9928,0.00,0.1289
Cortinarius,-1.8697,-0.2281,22.0289,0.00,0.1289
Cortinarius,-1.9045,-0.2281,22.0246,0.00,0.1289
Cortinarius,-1.8645,-0.2281,21.8551,0.00,0.1289
Cortinarius,-1.8445,-0.2281,21.8912,0.00,0.1289
Cortinarius,-1.8793,-0.2281,21.8869,0.00,0.1289
Cortinarius,-1.8799,-0.2281,21.7654,0.00,0.1289
Cortinarius,-1.8452,-0.2281,21.7697,0.00,0.1289
Cortinarius,-1.8651,-0.2281,21.7335,0.00,0.1289
Cortinarius,-1.2701,-0.2281,22.1193,0.00,0.1289
Cortinarius,-1.2502,-0.2281,22.1554,0.00,0.1289
Cortinarius,-1.2849,-0.2281,22.1511,0.00,0.1289
Cortinarius,-1.2701,-0.2281,22.1193,0.00,0.1289
Cortinarius,-1.2502,-0.2281,22.1554,0.00,0.1289
Cortinarius,-1.2849,-0.2281,22.1511,0.00,0.1289
Cortinarius,-1.2935,-0.2281,21.9928,0.00,0.1289
Cortinarius,-1.2736,-0.2281,22.0289,0.00,0.1289
Cortinarius,-1.3083,-0.2281,22.0246,0.00,0.1289
Cortinarius,-1.2683,-0.2281,21.8551,0.00,0.1289
Cortinarius,-1.2484,-0.2281,21.8912,0.00,0.1289
Cortinarius,-1.2832,-0.2281,21.8869,0.00,0.1289
Cortinarius,-1.2838,-0.2281,21.7654,0.00,0.1289
Cortinarius,-1.2490,-0.2281,21.7697,0.00,0.1289
Cortinarius,-1.2690,-0.2281,21.7335,0.00,0.1289
Cortinarius,-0.1251,-0.2281,22.1208,0.00,0.1289
Cortinarius,-0.1399,-0.2281,22.1526,0.00,0.1289
Cortinarius,-0.1051,-0.2281,22.1569,0.00,0.1289
Cortinarius,-0.2903,-0.2281,21.7419,0.00,0.1289
Cortinarius,-0.2555,-0.2281,21.7462,0.00,0.1289
Cortinarius,-0.2754,-0.2281,21.7101,0.00,0.1289
Cortinarius,-0.2903,-0.2281,21.7419,0.00,0.1289
Cortinarius,-0.2555,-0.2281,21.7462,0.00,0.1289
Cortinarius,-0.2754,-0.2281,21.7101,0.00,0.1289
Cortinarius,-0.0040,-0.2281,21.8001,0.00,0.1289
Cortinarius,0.0308,-0.2281,21.8044,0.00,0.1289
Cortinarius,0.0108,-0.2281,21.7683,0.00,0.1289
Cortinarius,-0.0954,-0.2281,21.8006,0.00,0.1289
Cortinarius,-0.0606,-0.2281,21.8048,0.00,0.1289
Cortinarius,-0.0805,-0.2281,21.7687,0.00,0.1289
Cortinarius,-0.1205,-0.2281,21.9383,0.00,0.1289
Cortinarius,-0.0858,-0.2281,21.9426,0.00,0.1289
Cortinarius,-0.1057,-0.2281,21.9064,0.00,0.1289
Cortinarius,-0.0971,-0.2281,22.0648,0.00,0.1289
Cortinarius,-0.0624,-0.2281,22.0691,0.00,0.1289
Cortinarius,-0.0823,-0.2281,22.0329,0.00,0.1289
Cortinarius,-0.0971,-0.2281,22.0648,0.00,0.1289
Cortinarius,-0.0624,-0.2281,22.0691,0.00,0.1289
Cortinarius,-0.0823,-0.2281,22.0329,0.00,0.1289
Cortinarius,-0.0954,-0.2281,21.8006,0.00,0.1289
Cortinarius,-0.0606,-0.2281,21.8048,0.00,0.1289
Cortinarius,-0.0805,-0.2281,21.7687,0.00,0.1289
Cortinarius,-0.1205,-0.2281,21.9383,0.00,0.1289
Cortinarius,-0.0858,-0.2281,21.9426,0.00,0.1289
Cortinarius,-0.1057,-0.2281,21.9064,0.00,0.1289
Cortinarius,-0.0971,-0.2281,22.0648,0.00,0.1289
Cortinarius,-0.0624,-0.2281,22.0691,0.00,0.1289
Cortinarius,-0.0823,-0.2281,22.0329,0.00,0.1289
Cortinarius,-0.0971,-0.2281,22.0648,0.00,0.1289
Cortinarius,-0.0624,-0.2281,22.0691,0.00,0.1289
Cortinarius,-0.0823,-0.2281,22.0329,0.00,0.1289
Cortinarius,-0.0263,-0.2281,21.7339,0.00,0.1289
Cortinarius,0.0085,-0.2281,21.7382,0.00,0.1289
Cortinarius,-0.0115,-0.2281,21.7020,0.00,0.1289
Cortinarius,-0.0515,-0.2281,21.8716,0.00,0.1289
Cortinarius,-0.0167,-0.2281,21.8759,0.00,0.1289
Cortinarius,-0.0367,-0.2281,21.8398,0.00,0.1289
Cortinarius,-0.0281,-0.2281,21.9981,0.00,0.1289
Cortinarius,0.0067,-0.2281,22.0024,0.00,0.1289
Cortinarius,-0.0132,-0.2281,21.9662,0.00,0.1289
Cortinarius,-0.0281,-0.2281,21.9981,0.00,0.1289
Cortinarius,0.0067,-0.2281,22.0024,0.00,0.1289
Cortinarius,-0.0132,-0.2281,21.9662,0.00,0.1289
Cortinarius,0.0831,-0.2281,21.9150,0.00,0.1289
Cortinarius,0.1179,-0.2281,21.9193,0.00,0.1289
Cortinarius,0.0980,-0.2281,21.8831,0.00,0.1289
Cortinarius,0.0580,-0.2281,22.0527,0.00,0.1289
Cortinarius,0.0927,-0.2281,22.0570,0.00,0.1289
Cortinarius,0.0728,-0.2281,22.0208,0.00,0.1289
Cortinarius,0.0814,-0.2281,22.1792,0.00,0.1289
Cortinarius,0.1161,-0.2281,22.1835,0.00,0.1289
Cortinarius,0.0962,-0.2281,22.1473,0.00,0.1289
Cortinarius,0.0814,-0.2281,22.1792,0.00,0.1289
Cortinarius,0.1161,-0.2281,22.1835,0.00,0.1289
Cortinarius,0.0962,-0.2281,22.1473,0.00,0.1289
Cortinarius,-0.2057,-0.2281,21.9150,0.00,0.1289
Cortinarius,-0.1709,-0.2281,21.9193,0.00,0.1289
Cortinarius,-0.1908,-0.2281,21.8831,0.00,0.1289
Cortinarius,-0.2308,-0.2281,22.0527,0.00,0.1289
Cortinarius,-0.1961,-0.2281,22.0570,0.00,0.1289
Cortinarius,-0.2160,-0.2281,22.0208,0.00,0.1289
Cortinarius,-0.2074,-0.2281,22.1792,0.00,0.1289
Cortinarius,-0.1727,-0.2281,22.1835,0.00,0.1289
Cortinarius,-0.1926,-0.2281,22.1473,0.00,0.1289
Cortinarius,-0.2074,-0.2281,22.1792,0.00,0.1289
Cortinarius,-0.1727,-0.2281,22.1835,0.00,0.1289
Cortinarius,-0.1926,-0.2281,22.1473,0.00,0.1289
Cortinarius,-0.2856,-0.2281,21.8195,0.00,0.1289
Cortinarius,-0.2508,-0.2281,21.8238,0.00,0.1289
Cortinarius,-0.2707,-0.2281,21.7877,0.00,0.1289
Cortinarius,-0.3107,-0.2281,21.9573,0.00,0.1289
Cortinarius,-0.2760,-0.2281,21.9615,0.00,0.1289
Cortinarius,-0.2959,-0.2281,21.9254,0.00,0.1289
Cortinarius,-0.2873,-0.2281,22.0838,0.00,0.1289
Cortinarius,-0.2526,-0.2281,22.0880,0.00,0.1289
Cortinarius,-0.2725,-0.2281,22.0519,0.00,0.1289
Cortinarius,-0.2873,-0.2281,22.0838,0.00,0.1289
Cortinarius,-0.2526,-0.2281,22.0880,0.00,0.1289
Cortinarius,-0.2725,-0.2281,22.0519,0.00,0.1289
Cortinarius,-0.3833,-0.2281,21.8195,0.00,0.1289
Cortinarius,-0.3485,-0.2281,21.8238,0.00,0.1289
Cortinarius,-0.3685,-0.2281,21.7877,0.00,0.1289
Cortinarius,-0.4085,-0.2281,21.9573,0.00,0.1289
Cortinarius,-0.3737,-0.2281,21.9615,0.00,0.1289
Cortinarius,-0.3936,-0.2281,21.9254,0.00,0.1289
Cortinarius,-0.3851,-0.2281,22.0838,0.00,0.1289
Cortinarius,-0.3503,-0.2281,22.0880,0.00,0.1289
Cortinarius,-0.3702,-0.2281,22.0519,0.00,0.1289
Cortinarius,-0.3851,-0.2281,22.0838,0.00,0.1289
Cortinarius,-0.3503,-0.2281,22.0880,0.00,0.1289
Cortinarius,-0.3702,-0.2281,22.0519,0.00,0.1289
Cortinarius,-0.4838,-0.2281,22.1193,0.00,0.1289
Cortinarius,-0.4638,-0.2281,22.1554,0.00,0.1289
Cortinarius,-0.4986,-0.2281,22.1511,0.00,0.1289
Cortinarius,-0.4838,-0.2281,22.1193,0.00,0.1289
Cortinarius,-0.4638,-0.2281,22.1554,0.00,0.1289
Cortinarius,-0.4986,-0.2281,22.1511,0.00,0.1289
Cortinarius,-0.5072,-0.2281,21.9928,0.00,0.1289
Cortinarius,-0.4872,-0.2281,22.0289,0.00,0.1289
Cortinarius,-0.5220,-0.2281,22.0246,0.00,0.1289
Cortinarius,-0.4820,-0.2281,21.8551,0.00,0.1289
Cortinarius,-0.4621,-0.2281,21.8912,0.00,0.1289
Cortinarius,-0.4968,-0.2281,21.8869,0.00,0.1289
Cortinarius,-0.4975,-0.2281,21.7654,0.00,0.1289
Cortinarius,-0.4627,-0.2281,21.7697,0.00,0.1289
Cortinarius,-0.4826,-0.2281,21.7335,0.00,0.1289
Cortinarius,0.1124,-0.2281,22.1193,0.00,0.1289
Cortinarius,0.1323,-0.2281,22.1554,0.00,0.1289
Cortinarius,0.0976,-0.2281,22.1511,0.00,0.1289
Cortinarius,0.1124,-0.2281,22.1193,0.00,0.1289
Cortinarius,0.1323,-0.2281,22.1554,0.00,0.1289
Cortinarius,0.0976,-0.2281,22.1511,0.00,0.1289
Cortinarius,0.0890,-0.2281,21.9928,0.00,0.1289
Cortinarius,0.1089,-0.2281,22.0289,0.00,0.1289
Cortinarius,0.0742,-0.2281,22.0246,0.00,0.1289
Cortinarius,0.1142,-0.2281,21.8551,0.00,0.1289
Cortinarius,0.1341,-0.2281,21.8912,0.00,0.1289
Cortinarius,0.0993,-0.2281,21.8869,0.00,0.1289
Cortinarius,0.0987,-0.2281,21.7654,0.00,0.1289
Cortinarius,0.1335,-0.2281,21.7697,0.00,0.1289
Cortinarius,0.1135,-0.2281,21.7335,0.00,0.1289
Cortinarius,-4.1443,-0.2281,0.1294,0.00,0.1289
Cortinarius,-4.1591,-0.2281,0.1612,0.00,0.1289
Cortinarius,-4.1244,-0.2281,0.1655,0.00,0.1289
Cortinarius,-4.3095,-0.2281,-0.2495,0.00,0.1289
Cortinarius,-4.2748,-0.2281,-0.2452,0.00,0.1289
Cortinarius,-4.2947,-0.2281,-0.2814,0.00,0.1289
Cortinarius,-4.3095,-0.2281,-0.2495,0.00,0.1289
Cortinarius,-4.2748,-0.2281,-0.2452,0.00,0.1289
Cortinarius,-4.2947,-0.2281,-0.2814,0.00,0.1289
Cortinarius,-4.0232,-0.2281,-0.1913,0.00,0.1289
Cortinarius,-3.9885,-0.2281,-0.1870,0.00,0.1289
Cortinarius,-4.0084,-0.2281,-0.2232,0.00,0.1289
Cortinarius,-4.1146,-0.2281,-0.1909,0.00,0.1289
Cortinarius,-4.0798,-0.2281,-0.1866,0.00,0.1289
Cortinarius,-4.0998,-0.2281,-0.2227,0.00,0.1289
Cortinarius,-4.1398,-0.2281,-0.0531,0.00,0.1289
Cortinarius,-4.1050,-0.2281,-0.0489,0.00,0.1289
Cortinarius,-4.1249,-0.2281,-0.0850,0.00,0.1289
Cortinarius,-4.1164,-0.2281,0.0734,0.00,0.1289
Cortinarius,-4.0816,-0.2281,0.0776,0.00,0.1289
Cortinarius,-4.1015,-0.2281,0.0415,0.00,0.1289
Cortinarius,-4.1164,-0.2281,0.0734,0.00,0.1289
Cortinarius,-4.0816,-0.2281,0.0776,0.00,0.1289
Cortinarius,-4.1015,-0.2281,0.0415,0.00,0.1289
Cortinarius,-4.1146,-0.2281,-0.1909,0.00,0.1289
Cortinarius,-4.0798,-0.2281,-0.1866,0.00,0.1289
Cortinarius,-4.0998,-0.2281,-0.2227,0.00,0.1289
Cortinarius,-4.1398,-0.2281,-0.0531,0.00,0.1289
Cortinarius,-4.1050,-0.2281,-0.0489,0.00,0.1289
Cortinarius,-4.1249,-0.2281,-0.0850,0.00,0.1289
Cortinarius,-4.1164,-0.2281,0.0734,0.00,0.1289
Cortinarius,-4.0816,-0.2281,0.0776,0.00,0.1289
Cortinarius,-4.1015,-0.2281,0.0415,0.00,0.1289
Cortinarius,-4.1164,-0.2281,0.0734,0.00,0.1289
Cortinarius,-4.0816,-0.2281,0.0776,0.00,0.1289
Cortinarius,-4.1015,-0.2281,0.0415,0.00,0.1289
Cortinarius,-4.0455,-0.2281,-0.2575,0.00,0.1289
Cortinarius,-4.0108,-0.2281,-0.2533,0.00,0.1289
Cortinarius,-4.0307,-0.2281,-0.2894,0.00,0.1289
Cortinarius,-4.0707,-0.2281,-0.1198,0.00,0.1289
Cortinarius,-4.0360,-0.2281,-0.1155,0.00,0.1289
Cortinarius,-4.0559,-0.2281,-0.1517,0.00,0.1289
Cortinarius,-4.0473,-0.2281,0.0067,0.00,0.1289
Cortinarius,-4.0126,-0.2281,0.0110,0.00,0.1289
Cortinarius,-4.0325,-0.2281,-0.0252,0.00,0.1289
Cortinarius,-4.0473,-0.2281,0.0067,0.00,0.1289
Cortinarius,-4.0126,-0.2281,0.0110,0.00,0.1289
Cortinarius,-4.0325,-0.2281,-0.0252,0.00,0.1289
Cortinarius,-3.9361,-0.2281,-0.0764,0.00,0.1289
Cortinarius,-3.9013,-0.2281,-0.0722,0.00,0.1289
Cortinarius,-3.9213,-0.2281,-0.1083,0.00,0.1289
Cortinarius,-3.9613,-0.2281,0.0613,0.00,0.1289
Cortinarius,-3.9265,-0.2281,0.0656,0.00,0.1289
Cortinarius,-3.9464,-0.2281,0.0294,0.00,0.1289
Cortinarius,-3.9379,-0.2281,0.1878,0.00,0.1289
Cortinarius,-3.9031,-0.2281,0.1921,0.00,0.1289
Cortinarius,-3.9230,-0.2281,0.1559,0.00,0.1289
Cortinarius,-3.9379,-0.2281,0.1878,0.00,0.1289
Cortinarius,-3.9031,-0.2281,0.1921,0.00,0.1289
Cortinarius,-3.9230,-0.2281,0.1559,0.00,0.1289
Cortinarius,-4.2249,-0.2281,-0.0764,0.00,0.1289
Cortinarius,-4.1901,-0.2281,-0.0722,0.00,0.1289
Cortinarius,-4.2101,-0.2281,-0.1083,0.00,0.1289
Cortinarius,-4.2501,-0.2281,0.0613,0.00,0.1289
Cortinarius,-4.2153,-0.2281,0.0656,0.00,0.1289
Cortinarius,-4.2353,-0.2281,0.0294,0.00,0.1289
Cortinarius,-4.2267,-0.2281,0.1878,0.00,0.1289
Cortinarius,-4.1919,-0.2281,0.1921,0.00,0.1289
Cortinarius,-4.2118,-0.2281,0.1559,0.00,0.1289
Cortinarius,-4.2267,-0.2281,0.1878,0.00,0.1289
Cortinarius,-4.1919,-0.2281,0.1921,0.00,0.1289
Cortinarius,-4.2118,-0.2281,0.1559,0.00,0.1289
Cortinarius,-4.3048,-0.2281,-0.1719,0.00,0.1289
Cortinarius,-4.2700,-0.2281,-0.1676,0.00,0.1289
Cortinarius,-4.2900,-0.2281,-0.2037,0.00,0.1289
Cortinarius,-4.3300,-0.2281,-0.0342,0.00,0.1289
Cortinarius,-4.2952,-0.2281,-0.0299,0.00,0.1289
Cortinarius,-4.3152,-0.2281,-0.0660,0.00,0.1289
Cortinarius,-4.3066,-0.2281,0.0923,0.00,0.1289
Cortinarius,-4.2718,-0.2281,0.0966,0.00,0.1289
Cortinarius,-4.2917,-0.2281,0.0605,0.00,0.1289
Cortinarius,-4.3066,-0.2281,0.0923,0.00,0.1289
Cortinarius,-4.2718,-0.2281,0.0966,0.00,0.1289
Cortinarius,-4.2917,-0.2281,0.0605,0.00,0.1289
Cortinarius,-4.4025,-0.2281,-0.1719,0.00,0.1289
Cortinarius,-4.3678,-0.2281,-0.1676,0.00,0.1289
Cortinarius,-4.3877,-0.2281,-0.2037,0.00,0.1289
Cortinarius,-4.4277,-0.2281,-0.0342,0.00,0.1289
Cortinarius,-4.3930,-0.2281,-0.0299,0.00,0.1289
Cortinarius,-4.4129,-0.2281,-0.0660,0.00,0.1289
Cortinarius,-4.4043,-0.2281,0.0923,0.00,0.1289
Cortinarius,-4.3695,-0.2281,0.0966,0.00,0.1289
Cortinarius,-4.3895,-0.2281,0.0605,0.00,0.1289
Cortinarius,-4.4043,-0.2281,0.0923,0.00,0.1289
Cortinarius,-4.3695,-0.2281,0.0966,0.00,0.1289
Cortinarius,-4.3895,-0.2281,0.0605,0.00,0.1289
Cortinarius,-4.5030,-0.2281,0.1278,0.00,0.1289
Cortinarius,-4.4831,-0.2281,0.1640,0.00,0.1289
Cortinarius,-4.5178,-0.2281,0.1597,0.00,0.1289
Cortinarius,-4.5030,-0.2281,0.1278,0.00,0.1289
Cortinarius,-4.4831,-0.2281,0.1640,0.00,0.1289
Cortinarius,-4.5178,-0.2281,0.1597,0.00,0.1289
Cortinarius,-4.5264,-0.2281,0.0014,0.00,0.1289
Cortinarius,-4.5065,-0.2281,0.0375,0.00,0.1289
Cortinarius,-4.5412,-0.2281,0.0332,0.00,0.1289
Cortinarius,-4.5012,-0.2281,-0.1364,0.00,0.1289
Cortinarius,-4.4813,-0.2281,-0.1002,0.00,0.1289
Cortinarius,-4.5161,-0.2281,-0.1045,0.00,0.1289
Cortinarius,-4.5167,-0.2281,-0.2260,0.00,0.1289
Cortinarius,-4.4819,-0.2281,-0.2218,0.00,0.1289
Cortinarius,-4.5019,-0.2281,-0.2579,0.00,0.1289
Cortinarius,-3.9068,-0.2281,0.1278,0.00,0.1289
Cortinarius,-3.8869,-0.2281,0.1640,0.00,0.1289
Cortinarius,-3.9217,-0.2281,0.1597,0.00,0.1289
Cortinarius,-3.9068,-0.2281,0.1278,0.00,0.1289
Cortinarius,-3.8869,-0.2281,0.1640,0.00,0.1289
Cortinarius,-3.9217,-0.2281,0.1597,0.00,0.1289
Cortinarius,-3.9303,-0.2281,0.0014,0.00,0.1289
Cortinarius,-3.9103,-0.2281,0.0375,0.00,0.1289
Cortinarius,-3.9451,-0.2281,0.0332,0.00,0.1289
Cortinarius,-3.9051,-0.2281,-0.1364,0.00,0.1289
Cortinarius,-3.8851,-0.2281,-0.1002,0.00,0.1289
Cortinarius,-3.9199,-0.2281,-0.1045,0.00,0.1289
Cortinarius,-3.9205,-0.2281,-0.2260,0.00,0.1289
Cortinarius,-3.8858,-0.2281,-0.2218,0.00,0.1289
Cortinarius,-3.9057,-0.2281,-0.2579,0.00,0.1289
Cortinarius,-2.8139,-0.2281,0.1294,0.00,0.1289
Cortinarius,-2.8288,-0.2281,0.1612,0.00,0.1289
Cortinarius,-2.7940,-0.2281,0.1655,0.00,0.1289
Cortinarius,-2.9791,-0.2281,-0.2495,0.00,0.1289
Cortinarius,-2.9444,-0.2281,-0.2452,0.00,0.1289
Cortinarius,-2.9643,-0.2281,-0.2814,0.00,0.1289
Cortinarius,-2.9791,-0.2281,-0.2495,0.00,0.1289
Cortinarius,-2.9444,-0.2281,-0.2452,0.00,0.1289
Cortinarius,-2.9643,-0.2281,-0.2814,0.00,0.1289
Cortinarius,-2.6929,-0.2281,-0.1913,0.00,0.1289
Cortinarius,-2.6581,-0.2281,-0.1870,0.00,0.1289
Cortinarius,-2.6780,-0.2281,-0.2232,0.00,0.1289
Cortinarius,-2.7842,-0.2281,-0.1909,0.00,0.1289
Cortinarius,-2.7495,-0.2281,-0.1866,0.00,0.1289
Cortinarius,-2.7694,-0.2281,-0.2227,0.00,0.1289
Cortinarius,-2.8094,-0.2281,-0.0531,0.00,0.1289
Cortinarius,-2.7746,-0.2281,-0.0489,0.00,0.1289
Cortinarius,-2.7946,-0.2281,-0.0850,0.00,0.1289
Cortinarius,-2.7860,-0.2281,0.0734,0.00,0.1289
Cortinarius,-2.7512,-0.2281,0.0776,0.00,0.1289
Cortinarius,-2.7711,-0.2281,0.0415,0.00,0.1289
Cortinarius,-2.7860,-0.2281,0.0734,0.00,0.1289
Cortinarius,-2.7512,-0.2281,0.0776,0.00,0.1289
Cortinarius,-2.7711,-0.2281,0.0415,0.00,0.1289
Cortinarius,-2.7842,-0.2281,-0.1909,0.00,0.1289
Cortinarius,-2.7495,-0.2281,-0.1866,0.00,0.1289
Cortinarius,-2.7694,-0.2281,-0.2227,0.00,0.1289
Cortinarius,-2.8094,-0.2281,-0.0531,0.00,0.1289
Cortinarius,-2.7746,-0.2281,-0.0489,0.00,0.1289
Cortinarius,-2.7946,-0.2281,-0.0850,0.00,0.1289
Cortinarius,-2.7860,-0.2281,0.0734,0.00,0.1289
Cortinarius,-2.7512,-0.2281,0.0776,0.00,0.1289
Cortinarius,-2.7711,-0.2281,0.0415,0.00,0.1289
Cortinarius,-2.7860,-0.2281,0.0734,0.00,0.1289
Cortinarius,-2.7512,-0.2281,0.0776,0.00,0.1289
Cortinarius,-2.7711,-0.2281,0.0415,0.00,0.1289
Cortinarius,-2.7152,-0.2281,-0.2575,0.00,0.1289
Cortinarius,-2.6804,-0.2281,-0.2533,0.00,0.1289
Cortinarius,-2.7003,-0.2281,-0.2894,0.00,0.1289
Cortinarius,-2.7404,-0.2281,-0.1198,0.00,0.1289
Cortinarius,-2.7056,-0.2281,-0.1155,0.00,0.1289
Cortinarius,-2.7255,-0.2281,-0.1517,0.00,0.1289
Cortinarius,-2.7169,-0.2281,0.0067,0.00,0.1289
Cortinarius,-2.6822,-0.2281,0.0110,0.00,0.1289
Cortinarius,-2.7021,-0.2281,-0.0252,0.00,0.1289
Cortinarius,-2.7169,-0.2281,0.0067,0.00,0.1289
Cortinarius,-2.6822,-0.2281,0.0110,0.00,0.1289
Cortinarius,-2.7021,-0.2281,-0.0252,0.00,0.1289
Cortinarius,-2.6057,-0.2281,-0.0764,0.00,0.1289
Cortinarius,-2.5710,-0.2281,-0.0722,0.00,0.1289
Cortinarius,-2.5909,-0.2281,-0.1083,0.00,0.1289
Cortinarius,-2.6309,-0.2281,0.0613,0.00,0.1289
Cortinarius,-2.5961,-0.2281,0.0656,0.00,0.1289
Cortinarius,-2.6161,-0.2281,0.0294,0.00,0.1289
Cortinarius,-2.6075,-0.2281,0.1878,0.00,0.1289
Cortinarius,-2.5727,-0.2281,0.1921,0.00,0.1289
Cortinarius,-2.5926,-0.2281,0.1559,0.00,0.1289
Cortinarius,-2.6075,-0.2281,0.1878,0.00,0.1289
Cortinarius,-2.5727,-0.2281,0.1921,0.00,0.1289
Cortinarius,-2.5926,-0.2281,0.1559,0.00,0.1289
Cortinarius,-2.8945,-0.2281,-0.0764,0.00,0.1289
Cortinarius,-2.8598,-0.2281,-0.0722,0.00,0.1289
Cortinarius,-2.8797,-0.2281,-0.1083,0.00,0.1289
Cortinarius,-2.9197,-0.2281,0.0613,0.00,0.1289
Cortinarius,-2.8849,-0.2281,0.0656,0.00,0.1289
Cortinarius,-2.9049,-0.2281,0.0294,0.00,0.1289
Cortinarius,-2.8963,-0.2281,0.1878,0.00,0.1289
Cortinarius,-2.8615,-0.2281,0.1921,0.00,0.1289
Cortinarius,-2.8815,-0.2281,0.1559,0.00,0.1289
Cortinarius,-2.8963,-0.2281,0.1878,0.00,0.1289
Cortinarius,-2.8615,-0.2281,0.1921,0.00,0.1289
Cortinarius,-2.8815,-0.2281,0.1559,0.00,0.1289
Cortinarius,-2.9744,-0.2281,-0.1719,0.00,0.1289
Cortinarius,-2.9397,-0.2281,-0.1676,0.00,0.1289
Cortinarius,-2.9596,-0.2281,-0.2037,0.00,0.1289
Cortinarius,-2.9996,-0.2281,-0.0342,0.00,0.1289
Cortinarius,-2.9648,-0.2281,-0.0299,0.00,0.1289
Cortinarius,-2.9848,-0.2281,-0.0660,0.00,0.1289
Cortinarius,-2.9762,-0.2281,0.0923,0.00,0.1289
Cortinarius,-2.9414,-0.2281,0.0966,0.00,0.1289
Cortinarius,-2.9614,-0.2281,0.0605,0.00,0.1289
Cortinarius,-2.9762,-0.2281,0.0923,0.00,0.1289
Cortinarius,-2.9414,-0.2281,0.0966,0.00,0.1289
Cortinarius,-2.9614,-0.2281,0.0605,0.00,0.1289
Cortinarius,-3.0722,-0.2281,-0.1719,0.00,0.1289
Cortinarius,-3.0374,-0.2281,-0.1676,0.00,0.1289
Cortinarius,-3.0573,-0.2281,-0.2037,0.00,0.1289
Cortinarius,-3.0973,-0.2281,-0.0342,0.00,0.1289
Cortinarius,-3.0626,-0.2281,-0.0299,0.00,0.1289
Cortinarius,-3.0825,-0.2281,-0.0660,0.00,0.1289
Cortinarius,-3.0739,-0.2281,0.0923,0.00,0.1289
Cortinarius,-3.0392,-0.2281,0.0966,0.00,0.1289
Cortinarius,-3.0591,-0.2281,0.0605,0.00,0.1289
Cortinarius,-3.0739,-0.2281,0.0923,0.00,0.1289
Cortinarius,-3.0392,-0.2281,0.0966,0.00,0.1289
Cortinarius,-3.0591,-0.2281,0.0605,0.00,0.1289
Cortinarius,-3.1726,-0.2281,0.1278,0.00,0.1289
Cortinarius,-3.1527,-0.2281,0.1640,0.00,0.1289
Cortinarius,-3.1874,-0.2281,0.1597,0.00,0.1289
Cortinarius,-3.1726,-0.2281,0.1278,0.00,0.1289
Cortinarius,-3.1527,-0.2281,0.1640,0.00,0.1289
Cortinarius,-3.1874,-0.2281,0.1597,0.00,0.1289
Cortinarius,-3.1960,-0.2281,0.0014,0.00,0.1289
Cortinarius,-3.1761,-0.2281,0.0375,0.00,0.1289
Cortinarius,-3.2109,-0.2281,0.0332,0.00,0.1289
Cortinarius,-3.1709,-0.2281,-0.1364,0.00,0.1289
Cortinarius,-3.1509,-0.2281,-0.1002,0.00,0.1289
Cortinarius,-3.1857,-0.2281,-0.1045,0.00,0.1289
Cortinarius,-3.1863,-0.2281,-0.2260,0.00,0.1289
Cortinarius,-3.1516,-0.2281,-0.2218,0.00,0.1289
Cortinarius,-3.1715,-0.2281,-0.2579,0.00,0.1289
Cortinarius,-2.5765,-0.2281,0.1278,0.00,0.1289
Cortinarius,-2.5565,-0.2281,0.1640,0.00,0.1289
Cortinarius,-2.5913,-0.2281,0.1597,0.00,0.1289
Cortinarius,-2.5765,-0.2281,0.1278,0.00,0.1289
Cortinarius,-2.5565,-0.2281,0.1640,0.00,0.1289
Cortinarius,-2.5913,-0.2281,0.1597,0.00,0.1289
Cortinarius,-2.5999,-0.2281,0.0014,0.00,0.1289
Cortinarius,-2.5799,-0.2281,0.0375,0.00,0.1289
Cortinarius,-2.6147,-0.2281,0.0332,0.00,0.1289
Cortinarius,-2.5747,-0.2281,-0.1364,0.00,0.1289
Cortinarius,-2.5548,-0.2281,-0.1002,0.00,0.1289
Cortinarius,-2.5895,-0.2281,-0.1045,0.00,0.1289
Cortinarius,-2.5902,-0.2281,-0.2260,0.00,0.1289
Cortinarius,-2.5554,-0.2281,-0.2218,0.00,0.1289
Cortinarius,-2.5753,-0.2281,-0.2579,0.00,0.1289
Cortinarius,-1.5076,-0.2281,0.1294,0.00,0.1289
Cortinarius,-1.5224,-0.2281,0.1612,0.00,0.1289
Cortinarius,-1.4876,-0.2281,0.1655,0.00,0.1289
Cortinarius,-1.6728,-0.2281,-0.2495,0.00,0.1289
Cortinarius,-1.6380,-0.2281,-0.2452,0.00,0.1289
Cortinarius,-1.6579,-0.2281,-0.2814,0.00,0.1289
Cortinarius,-1.6728,-0.2281,-0.2495,0.00,0.1289
Cortinarius,-1.6380,-0.2281,-0.2452,0.00,0.1289
Cortinarius,-1.6579,-0.2281,-0.2814,0.00,0.1289
Cortinarius,-1.3865,-0.2281,-0.1913,0.00,0.1289
Cortinarius,-1.3517,-0.2281,-0.1870,0.00,0.1289
Cortinarius,-1.3717,-0.2281,-0.2232,0.00,0.1289
Cortinarius,-1.4778,-0.2281,-0.1909,0.00,0.1289
Cortinarius,-1.4431,-0.2281,-0.1866,0.00,0.1289
Cortinarius,-1.4630,-0.2281,-0.2227,0.00,0.1289
Cortinarius,-1.5030,-0.2281,-0.0531,0.00,0.1289
Cortinarius,-1.4683,-0.2281,-0.0489,0.00,0.1289
Cortinarius,-1.4882,-0.2281,-0.0850,0.00,0.1289
Cortinarius,-1.4796,-0.2281,0.0734,0.00,0.1289
Cortinarius,-1.4448,-0.2281,0.0776,0.00,0.1289
Cortinarius,-1.4648,-0.2281,0.0415,0.00,0.1289
Cortinarius,-1.4796,-0.2281,0.0734,0.00,0.1289
Cortinarius,-1.4448,-0.2281,0.0776,0.00,0.1289
Cortinarius,-1.4648,-0.2281,0.0415,0.00,0.1289
Cortinarius,-1.4778,-0.2281,-0.1909,0.00,0.1289
Cortinarius,-1.4431,-0.2281,-0.1866,0.00,0.1289
Cortinarius,-1.4630,-0.2281,-0.2227,0.00,0.1289
Cortinarius,-1.5030,-0.2281,-0.0531,0.00,0.1289
Cortinarius,-1.4683,-0.2281,-0.0489,0.00,0.1289
Cortinarius,-1.4882,-0.2281,-0.0850,0.00,0.1289
Cortinarius,-1.4796,-0.2281,0.0734,0.00,0.1289
Cortinarius,-1.4448,-0.2281,0.0776,0.00,0.1289
Cortinarius,-1.4648,-0.2281,0.0415,0.00,0.1289
Cortinarius,-1.4796,-0.2281,0.0734,0.00,0.1289
Cortinarius,-1.4448,-0.2281,0.0776,0.00,0.1289
Cortinarius,-1.4648,-0.2281,0.0415,0.00,0.1289
Cortinarius,-1.4088,-0.2281,-0.2575,0.00,0.1289
Cortinarius,-1.3740,-0.2281,-0.2533,0.00,0.1289
Cortinarius,-1.3940,-0.2281,-0.2894,0.00,0.1289
Cortinarius,-1.4340,-0.2281,-0.1198,0.00,0.1289
Cortinarius,-1.3992,-0.2281,-0.1155,0.00,0.1289
Cortinarius,-1.4191,-0.2281,-0.1517,0.00,0.1289
Cortinarius,-1.4106,-0.2281,0.0067,0.00,0.1289
Cortinarius,-1.3758,-0.2281,0.0110,0.00,0.1289
Cortinarius,-1.3957,-0.2281,-0.0252,0.00,0.1289
Cortinarius,-1.4106,-0.2281,0.0067,0.00,0.1289
Cortinarius,-1.3758,-0.2281,0.0110,0.00,0.1289
Cortinarius,-1.3957,-0.2281,-0.0252,0.00,0.1289
Cortinarius,-1.2993,-0.2281,-0.0764,0.00,0.1289
Cortinarius,-1.2646,-0.2281,-0.0722,0.00,0.1289
Cortinarius,-1.2845,-0.2281,-0.1083,0.00,0.1289
Cortinarius,-1.3245,-0.2281,0.0613,0.00,0.1289
Cortinarius,-1.2898,-0.2281,0.0656,0.00,0.1289
Cortinarius,-1.3097,-0.2281,0.0294,0.00,0.1289
Cortinarius,-1.3011,-0.2281,0.1878,0.00,0.1289
Cortinarius,-1.2663,-0.2281,0.1921,0.00,0.1289
Cortinarius,-1.2863,-0.2281,0.1559,0.00,0.1289
Cortinarius,-1.3011,-0.2281,0.1878,0.00,0.1289
Cortinarius,-1.2663,-0.2281,0.1921,0.00,0.1289
Cortinarius,-1.2863,-0.2281,0.1559,0.00,0.1289
Cortinarius,-1.5881,-0.2281,-0.0764,0.00,0.1289
Cortinarius,-1.5534,-0.2281,-0.0722,0.00,0.1289
Cortinarius,-1.5733,-0.2281,-0.1083,0.00,0.1289
Cortinarius,-1.6133,-0.2281,0.0613,0.00,0.1289
Cortinarius,-1.5786,-0.2281,0.0656,0.00,0.1289
Cortinarius,-1.5985,-0.2281,0.0294,0.00,0.1289
Cortinarius,-1.5899,-0.2281,0.1878,0.00,0.1289
Cortinarius,-1.5552,-0.2281,0.1921,0.00,0.1289
Cortinarius,-1.5751,-0.2281,0.1559,0.00,0.1289
Cortinarius,-1.5899,-0.2281,0.1878,0.00,0.1289
Cortinarius,-1.5552,-0.2281,0.1921,0.00,0.1289
Cortinarius,-1.5751,-0.2281,0.1559,0.00,0.1289
Cortinarius,-1.6680,-0.2281,-0.1719,0.00,0.1289
Cortinarius,-1.6333,-0.2281,-0.1676,0.00,0.1289
Cortinarius,-1.6532,-0.2281,-0.2037,0.00,0.1289
Cortinarius,-1.6932,-0.2281,-0.0342,0.00,0.1289
Cortinarius,-1.6585,-0.2281,-0.0299,0.00,0.1289
Cortinarius,-1.6784,-0.2281,-0.0660,0.00,0.1289
Cortinarius,-1.6698,-0.2281,0.0923,0.00,0.1289
Cortinarius,-1.6351,-0.2281,0.0966,0.00,0.1289
Cortinarius,-1.6550,-0.2281,0.0605,0.00,0.1289
Cortinarius,-1.6698,-0.2281,0.0923,0.00,0.1289
Cortinarius,-1.6351,-0.2281,0.0966,0.00,0.1289
Cortinarius,-1.6550,-0.2281,0.0605,0.00,0.1289
Cortinarius,-1.7658,-0.2281,-0.1719,0.00,0.1289
Cortinarius,-1.7310,-0.2281,-0.1676,0.00,0.1289
Cortinarius,-1.7510,-0.2281,-0.2037,0.00,0.1289
Cortinarius,-1.7910,-0.2281,-0.0342,0.00,0.1289
Cortinarius,-1.7562,-0.2281,-0.0299,0.00,0.1289
Cortinarius,-1.7761,-0.2281,-0.0660,0.00,0.1289
Cortinarius,-1.7675,-0.2281,0.0923,0.00,0.1289
Cortinarius,-1.7328,-0.2281,0.0966,0.00,0.1289
Cortinarius,-1.7527,-0.2281,0.0605,0.00,0.1289
Cortinarius,-1.7675,-0.2281,0.0923,0.00,0.1289
Cortinarius,-1.7328,-0.2281,0.0966,0.00,0.1289
Cortinarius,-1.7527,-0.2281,0.0605,0.00,0.1289
Cortinarius,-1.8662,-0.2281,0.1278,0.00,0.1289
Cortinarius,-1.8463,-0.2281,0.1640,0.00,0.1289
Cortinarius,-1.8811,-0.2281,0.1597,0.00,0.1289
Cortinarius,-1.8662,-0.2281,0.1278,0.00,0.1289
Cortinarius,-1.8463,-0.2281,0.1640,0.00,0.1289
Cortinarius,-1.8811,-0.2281,0.1597,0.00,0.1289
Cortinarius,-1.8897,-0.2281,0.0014,0.00,0.1289
Cortinarius,-1.8697,-0.2281,0.0375,0.00,0.1289
Cortinarius,-1.9045,-0.2281,0.0332,0.00,0.1289
Cortinarius,-1.8645,-0.2281,-0.1364,0.00,0.1289
Cortinarius,-1.8445,-0.2281,-0.1002,0.00,0.1289
Cortinarius,-1.8793,-0.2281,-0.1045,0.00,0.1289
Cortinarius,-1.8799,-0.2281,-0.2260,0.00,0.1289
Cortinarius,-1.8452,-0.2281,-0.2218,0.00,0.1289
Cortinarius,-1.8651,-0.2281,-0.2579,0.00,0.1289
Cortinarius,-1.2701,-0.2281,0.1278,0.00,0.1289
Cortinarius,-1.2502,-0.2281,0.1640,0.00,0.1289
Cortinarius,-1.2849,-0.2281,0.1597,0.00,0.1289
Cortinarius,-1.2701,-0.2281,0.1278,0.00,0.1289
Cortinarius,-1.2502,-0.2281,0.1640,0.00,0.1289
Cortinarius,-1.2849,-0.2281,0.1597,0.00,0.1289
Cortinarius,-1.2935,-0.2281,0.0014,0.00,0.1289
Cortinarius,-1.2736,-0.2281,0.0375,0.00,0.1289
Cortinarius,-1.3083,-0.2281,0.0332,0.00,0.1289
Cortinarius,-1.2683,-0.2281,-0.1364,0.00,0.1289
Cortinarius,-1.2484,-0.2281,-0.1002,0.00,0.1289
Cortinarius,-1.2832,-0.2281,-0.1045,0.00,0.1289
Cortinarius,-1.2838,-0.2281,-0.2260,0.00,0.1289
Cortinarius,-1.2490,-0.2281,-0.2218,0.00,0.1289
Cortinarius,-1.2690,-0.2281,-0.2579,0.00,0.1289
Cortinarius,-0.1251,-0.2281,0.1294,0.00,0.1289
Cortinarius,-0.1399,-0.2281,0.1612,0.00,0.1289
Cortinarius,-0.1051,-0.2281,0.1655,0.00,0.1289
Cortinarius,-0.2903,-0.2281,-0.2495,0.00,0.1289
Cortinarius,-0.2555,-0.2281,-0.2452,0.00,0.1289
Cortinarius,-0.2754,-0.2281,-0.2814,0.00,0.1289
Cortinarius,-0.2903,-0.2281,-0.2495,0.00,0.1289
Cortinarius,-0.2555,-0.2281,-0.2452,0.00,0.1289
Cortinarius,-0.2754,-0.2281,-0.2814,0.00,0.1289
Cortinarius,-0.0040,-0.2281,-0.1913,0.00,0.1289
Cortinarius,0.0308,-0.2281,-0.1870,0.00,0.1289
Cortinarius,0.0108,-0.2281,-0.2232,0.00,0.1289
Cortinarius,-0.0954,-0.2281,-0.1909,0.00,0.1289
Cortinarius,-0.0606,-0.2281,-0.1866,0.00,0.1289
Cortinarius,-0.0805,-0.2281,-0.2227,0.00,0.1289
Cortinarius,-0.1205,-0.2281,-0.0531,0.00,0.1289
Cortinarius,-0.0858,-0.2281,-0.0489,0.00,0.1289
Cortinarius,-0.1057,-0.2281,-0.0850,0.00,0.1289
Cortinarius,-0.0971,-0.2281,0.0734,0.00,0.1289
Cortinarius,-0.0624,-0.2281,0.0776,0.00,0.1289
Cortinarius,-0.0823,-0.2281,0.0415,0.00,0.1289
Cortinarius,-0.0971,-0.2281,0.0734,0.00,0.1289
Cortinarius,-0.0624,-0.2281,0.0776,0.00,0.1289
Cortinarius,-0.0823,-0.2281,0.0415,0.00,0.1289
Cortinarius,-0.0954,-0.2281,-0.1909,0.00,0.1289
Cortinarius,-0.0606,-0.2281,-0.1866,0.00,0.1289
Cortinarius,-0.0805,-0.2281,-0.2227,0.00,0.1289
Cortinarius,-0.1205,-0.2281,-0.0531,0.00,0.1289
Cortinarius,-0.0858,-0.2281,-0.0489,0.00,0.1289
Cortinarius,-0.1057,-0.2281,-0.0850,0.00,0.1289
Cortinarius,-0.0971,-0.2281,0.0734,0.00,0.1289
Cortinarius,-0.0624,-0.2281,0.0776,0.00,0.1289
Cortinarius,-0.0823,-0.2281,0.0415,0.00,0.1289
Cortinarius,-0.0971,-0.2281,0.0734,0.00,0.1289
Cortinarius,-0.0624,-0.2281,0.0776,0.00,0.1289
Cortinarius,-0.0823,-0.2281,0.0415,0.00,0.1289
Cortinarius,-0.0263,-0.2281,-0.2575,0.00,0.1289
Cortinarius,0.0085,-0.2281,-0.2533,0.00,0.1289
Cortinarius,-0.0115,-0.2281,-0.2894,0.00,0.1289
Cortinarius,-0.0515,-0.2281,-0.1198,0.00,0.1289
Cortinarius,-0.0167,-0.2281,-0.1155,0.00,0.1289
Cortinarius,-0.0367,-0.2281,-0.1517,0.00,0.1289
Cortinarius,-0.0281,-0.2281,0.0067,0.00,0.1289
Cortinarius,0.0067,-0.2281,0.0110,0.00,0.1289
Cortinarius,-0.0132,-0.2281,-0.0252,0.00,0.1289
Cortinarius,-0.0281,-0.2281,0.0067,0.00,0.1289
Cortinarius,0.0067,-0.2281,0.0110,0.00,0.1289
Cortinarius,-0.0132,-0.2281,-0.0252,0.00,0.1289
Cortinarius,0.0831,-0.2281,-0.0764,0.00,0.1289
Cortinarius,0.1179,-0.2281,-0.0722,0.00,0.1289
Cortinarius,0.0980,-0.2281,-0.1083,0.00,0.1289
Cortinarius,0.0580,-0.2281,0.0613,0.00,0.1289
Cortinarius,0.0927,-0.2281,0.0656,0.00,0.1289
Cortinarius,0.0728,-0.2281,0.0294,0.00,0.1289
Cortinarius,0.0814,-0.2281,0.1878,0.00,0.1289
Cortinarius,0.1161,-0.2281,0.1921,0.00,0.1289
Cortinarius,0.0962,-0.2281,0.1559,0.00,0.1289
Cortinarius,0.0814,-0.2281,0.1878,0.00,0.1289
Cortinarius,0.1161,-0.2281,0.1921,0.00,0.1289
Cortinarius,0.0962,-0.2281,0.1559,0.00,0.1289
Cortinarius,-0.2057,-0.2281,-0.0764,0.00,0.1289
Cortinarius,-0.1709,-0.2281,-0.0722,0.00,0.1289
Cortinarius,-0.1908,-0.2281,-0.1083,0.00,0.1289
Cortinarius,-0.2308,-0.2281,0.0613,0.00,0.1289
Cortinarius,-0.1961,-0.2281,0.0656,0.00,0.1289
Cortinarius,-0.2160,-0.2281,0.0294,0.00,0.1289
Cortinarius,-0.2074,-0.2281,0.1878,0.00,0.1289
Cortinarius,-0.1727,-0.2281,0.1921,0.00,0.1289
Cortinarius,-0.1926,-0.2281,0.1559,0.00,0.1289
Cortinarius,-0.2074,-0.2281,0.1878,0.00,0.1289
Cortinarius,-0.1727,-0.2281,0.1921,0.00,0.1289
Cortinarius,-0.1926,-0.2281,0.1559,0.00,0.1289
Cortinarius,-0.2856,-0.2281,-0.1719,0.00,0.1289
Cortinarius,-0.2508,-0.2281,-0.1676,0.00,0.1289
Cortinarius,-0.2707,-0.2281,-0.2037,0.00,0.1289
Cortinarius,-0.3107,-0.2281,-0.0342,0.00,0.1289
Cortinarius,-0.2760,-0.2281,-0.0299,0.00,0.1289
Cortinarius,-0.2959,-0.2281,-0.0660,0.00,0.1289
Cortinarius,-0.2873,-0.2281,0.0923,0.00,0.1289
Cortinarius,-0.2526,-0.2281,0.0966,0.00,0.1289
Cortinarius,-0.2725,-0.2281,0.0605,0.00,0.1289
Cortinarius,-0.2873,-0.2281,0.0923,0.00,0.1289
Cortinarius,-0.2526,-0.2281,0.0966,0.00,0.1289
Cortinarius,-0.2725,-0.2281,0.0605,0.00,0.1289
Cortinarius,-0.3833,-0.2281,-0.1719,0.00,0.1289
Cortinarius,-0.3485,-0.2281,-0.1676,0.00,0.1289
Cortinarius,-0.3685,-0.2281,-0.2037,0.00,0.1289
Cortinarius,-0.4085,-0.2281,-0.0342,0.00,0.1289
Cortinarius,-0.3737,-0.2281,-0.0299,0.00,0.1289
Cortinarius,-0.3936,-0.2281,-0.0660,0.00,0.1289
Cortinarius,-0.3851,-0.2281,0.0923,0.00,0.1289
Cortinarius,-0.3503,-0.2281,0.0966,0.00,0.1289
Cortinarius,-0.3702,-0.2281,0.0605,0.00,0.1289
Cortinarius,-0.3851,-0.2281,0.0923,0.00,0.1289
Cortinarius,-0.3503,-0.2281,0.0966,0.00,0.1289
Cortinarius,-0.3702,-0.2281,0.0605,0.00,0.1289
Cortinarius,-0.4838,-0.2281,0.1278,0.00,0.1289
Cortinarius,-0.4638,-0.2281,0.1640,0.00,0.1289
Cortinarius,-0.4986,-0.2281,0.1597,0.00,0.1289
Cortinarius,-0.4838,-0.2281,0.1278,0.00,0.1289
Cortinarius,-0.4638,-0.2281,0.1640,0.00,0.1289
Cortinarius,-0.4986,-0.2281,0.1597,0.00,0.1289
Cortinarius,-0.5072,-0.2281,0.0014,0.00,0.1289
Cortinarius,-0.4872,-0.2281,0.0375,0.00,0.1289
Cortinarius,-0.5220,-0.2281,0.0332,0.00,0.1289
Cortinarius,-0.4820,-0.2281,-0.1364,0.00,0.1289
Cortinarius,-0.4621,-0.2281,-0.1002,0.00,0.1289
Cortinarius,-0.4968,-0.2281,-0.1045,0.00,0.1289
Cortinarius,-0.4975,-0.2281,-0.2260,0.00,0.1289
Cortinarius,-0.4627,-0.2281,-0.2218,0.00,0.1289
Cortinarius,-0.4826,-0.2281,-0.2579,0.00,0.1289
Cortinarius,0.1124,-0.2281,0.1278,0.00,0.1289
Cortinarius,0.1323,-0.2281,0.1640,0.00,0.1289
Cortinarius,0.0976,-0.2281,0.1597,0.00,0.1289
Cortinarius,0.1124,-0.2281,0.1278,0.00,0.1289
Cortinarius,0.1323,-0.2281,0.1640,0.00,0.1289
Cortinarius,0.0976,-0.2281,0.1597,0.00,0.1289
Cortinarius,0.0890,-0.2281,0.0014,0.00,0.1289
Cortinarius,0.1089,-0.2281,0.0375,0.00,0.1289
Cortinarius,0.0742,-0.2281,0.0332,0.00,0.1289
Cortinarius,0.1142,-0.2281,-0.1364,0.00,0.1289
Cortinarius,0.1341,-0.2281,-0.1002,0.00,0.1289
Cortinarius,0.0993,-0.2281,-0.1045,0.00,0.1289
Cortinarius,0.0987,-0.2281,-0.2260,0.00,0.1289
Cortinarius,0.1335,-0.2281,-0.2218,0.00,0.1289
Cortinarius,0.1135,-0.2281,-0.2579,0.00,0.1289
FloweringPea,-5.7035,-1.6996,12.7644,0.00,0.0930
FloweringPea,-5.7035,-1.6996,12.8782,0.00,0.0930
FloweringPea,-5.7035,-1.6996,12.9902,0.00,0.0930
FloweringPea,-5.7035,-1.6996,13.1010,0.00,0.0930
FloweringPea,-5.7035,-1.6996,13.2082,0.00,0.0930
FloweringPea,-5.6327,-1.6996,12.7644,0.00,0.0930
FloweringPea,-5.6327,-1.6996,12.8782,0.00,0.0930
FloweringPea,-5.6327,-1.6996,12.9902,0.00,0.0930
FloweringPea,-5.6327,-1.6996,13.1010,0.00,0.0930
FloweringPea,-5.6327,-1.6996,13.2082,0.00,0.0930
FloweringPea,-5.5641,-1.6996,12.7644,0.00,0.0930
FloweringPea,-5.5641,-1.6996,12.8782,0.00,0.0930
FloweringPea,-5.5641,-1.6996,12.9902,0.00,0.0930
FloweringPea,-5.5641,-1.6996,13.1010,0.00,0.0930
FloweringPea,-5.5641,-1.6996,13.2082,0.00,0.0930
FloweringPea,-5.4973,-1.6996,12.7644,0.00,0.0930
FloweringPea,-5.4973,-1.6996,12.8782,0.00,0.0930
FloweringPea,-5.4973,-1.6996,12.9902,0.00,0.0930
FloweringPea,-5.4973,-1.6996,13.1010,0.00,0.0930
FloweringPea,-5.4973,-1.6996,13.2082,0.00,0.0930
FloweringPea,-5.4238,-1.6996,12.7644,0.00,0.0930
FloweringPea,-5.4238,-1.6996,12.8782,0.00,0.0930
FloweringPea,-5.4238,-1.6996,12.9902,0.00,0.0930
FloweringPea,-5.4238,-1.6996,13.1010,0.00,0.0930
FloweringPea,-5.4238,-1.6996,13.2082,0.00,0.0930
FloweringPea,-5.3581,-1.6996,12.7644,0.00,0.0930
FloweringPea,-5.3581,-1.6996,12.8782,0.00,0.0930
FloweringPea,-5.3581,-1.6996,12.9902,0.00,0.0930
FloweringPea,-5.3581,-1.6996,13.1010,0.00,0.0930
FloweringPea,-5.3581,-1.6996,13.2082,0.00,0.0930
FloweringPea,-5.3009,-1.6996,12.7644,0.00,0.0930
FloweringPea,-5.3009,-1.6996,12.8782,0.00,0.0930
FloweringPea,-5.3009,-1.6996,12.9902,0.00,0.0930
FloweringPea,-5.3009,-1.6996,13.1010,0.00,0.0930
FloweringPea,-5.3009,-1.6996,13.2082,0.00,0.0930
FloweringPea,-5.2301,-1.6996,12.7644,0.00,0.0930
FloweringPea,-5.2301,-1.6996,12.8782,0.00,0.0930
FloweringPea,-5.2301,-1.6996,12.9902,0.00,0.0930
FloweringPea,-5.2301,-1.6996,13.1010,0.00,0.0930
FloweringPea,-5.2301,-1.6996,13.2082,0.00,0.0930
FloweringPea,-5.1615,-1.6996,12.7644,0.00,0.0930
FloweringPea,-5.1615,-1.6996,12.8782,0.00,0.0930
FloweringPea,-5.1615,-1.6996,12.9902,0.00,0.0930
FloweringPea,-5.1615,-1.6996,13.1010,0.00,0.0930
FloweringPea,-5.1615,-1.6996,13.2082,0.00,0.0930
FloweringPea,-5.0947,-1.6996,12.7644,0.00,0.0930
FloweringPea,-5.0947,-1.6996,12.8782,0.00,0.0930
FloweringPea,-5.0947,-1.6996,12.9902,0.00,0.0930
FloweringPea,-5.0947,-1.6996,13.1010,0.00,0.0930
FloweringPea,-5.0947,-1.6996,13.2082,0.00,0.0930
FloweringPea,-5.0212,-1.6996,12.7644,0.00,0.0930
FloweringPea,-5.0212,-1.6996,12.8782,0.00,0.0930
FloweringPea,-5.0212,-1.6996,12.9902,0.00,0.0930
FloweringPea,-5.0212,-1.6996,13.1010,0.00,0.0930
FloweringPea,-5.0212,-1.6996,13.2082,0.00,0.0930
FloweringPea,-4.9555,-1.6996,12.7644,0.00,0.0930
FloweringPea,-4.9555,-1.6996,12.8782,0.00,0.0930
FloweringPea,-4.9555,-1.6996,12.9902,0.00,0.0930
FloweringPea,-4.9555,-1.6996,13.1010,0.00,0.0930
FloweringPea,-4.9555,-1.6996,13.2082,0.00,0.0930
FloweringPea,-8.4473,-1.6996,12.7644,0.00,0.0930
FloweringPea,-8.4473,-1.6996,12.8782,0.00,0.0930
FloweringPea,-8.4473,-1.6996,12.9902,0.00,0.0930
FloweringPea,-8.4473,-1.6996,13.1010,0.00,0.0930
FloweringPea,-8.4473,-1.6996,13.2082,0.00,0.0930
FloweringPea,-8.3765,-1.6996,12.7644,0.00,0.0930
FloweringPea,-8.3765,-1.6996,12.8782,0.00,0.0930
FloweringPea,-8.3765,-1.6996,12.9902,0.00,0.0930
FloweringPea,-8.3765,-1.6996,13.1010,0.00,0.0930
FloweringPea,-8.3765,-1.6996,13.2082,0.00,0.0930
FloweringPea,-8.3079,-1.6996,12.7644,0.00,0.0930
FloweringPea,-8.3079,-1.6996,12.8782,0.00,0.0930
FloweringPea,-8.3079,-1.6996,12.9902,0.00,0.0930
FloweringPea,-8.3079,-1.6996,13.1010,0.00,0.0930
FloweringPea,-8.3079,-1.6996,13.2082,0.00,0.0930
FloweringPea,-8.2411,-1.6996,12.7644,0.00,0.0930
FloweringPea,-8.2411,-1.6996,12.8782,0.00,0.0930
FloweringPea,-8.2411,-1.6996,12.9902,0.00,0.0930
FloweringPea,-8.2411,-1.6996,13.1010,0.00,0.0930
FloweringPea,-8.2411,-1.6996,13.2082,0.00,0.0930
FloweringPea,-8.1676,-1.6996,12.7644,0.00,0.0930
FloweringPea,-8.1676,-1.6996,12.8782,0.00,0.0930
FloweringPea,-8.1676,-1.6996,12.9902,0.00,0.0930
FloweringPea,-8.1676,-1.6996,13.1010,0.00,0.0930
FloweringPea,-8.1676,-1.6996,13.2082,0.00,0.0930
FloweringPea,-8.1019,-1.6996,12.7644,0.00,0.0930
FloweringPea,-8.1019,-1.6996,12.8782,0.00,0.0930
FloweringPea,-8.1019,-1.6996,12.9902,0.00,0.0930
FloweringPea,-8.1019,-1.6996,13.1010,0.00,0.0930
FloweringPea,-8.1019,-1.6996,13.2082,0.00,0.0930
FloweringPea,-8.0447,-1.6996,12.7644,0.00,0.0930
FloweringPea,-8.0447,-1.6996,12.8782,0.00,0.0930
FloweringPea,-8.0447,-1.6996,12.9902,0.00,0.0930
FloweringPea,-8.0447,-1.6996,13.1010,0.00,0.0930
FloweringPea,-8.0447,-1.6996,13.2082,0.00,0.0930
FloweringPea,-7.9739,-1.6996,12.7644,0.00,0.0930
FloweringPea,-7.9739,-1.6996,12.8782,0.00,0.0930
FloweringPea,-7.9739,-1.6996,12.9902,0.00,0.0930
FloweringPea,-7.9739,-1.6996,13.1010,0.00,0.0930
FloweringPea,-7.9739,-1.6996,13.2082,0.00,0.0930
FloweringPea,-7.9053,-1.6996,12.7644,0.00,0.0930
FloweringPea,-7.9053,-1.6996,12.8782,0.00,0.0930
FloweringPea,-7.9053,-1.6996,12.9902,0.00,0.0930
FloweringPea,-7.9053,-1.6996,13.1010,0.00,0.0930
FloweringPea,-7.9053,-1.6996,13.2082,0.00,0.0930
FloweringPea,-7.8385,-1.6996,12.7644,0.00,0.0930
FloweringPea,-7.8385,-1.6996,12.8782,0.00,0.0930
FloweringPea,-7.8385,-1.6996,12.9902,0.00,0.0930
FloweringPea,-7.8385,-1.6996,13.1010,0.00,0.0930
FloweringPea,-7.8385,-1.6996,13.2082,0.00,0.0930
FloweringPea,-7.7650,-1.6996,12.7644,0.00,0.0930
FloweringPea,-7.7650,-1.6996,12.8782,0.00,0.0930
FloweringPea,-7.7650,-1.6996,12.9902,0.00,0.0930
FloweringPea,-7.7650,-1.6996,13.1010,0.00,0.0930
FloweringPea,-7.7650,-1.6996,13.2082,0.00,0.0930
FloweringPea,-7.6993,-1.6996,12.7644,0.00,0.0930
FloweringPea,-7.6993,-1.6996,12.8782,0.00,0.0930
FloweringPea,-7.6993,-1.6996,12.9902,0.00,0.0930
FloweringPea,-7.6993,-1.6996,13.1010,0.00,0.0930
FloweringPea,-7.6993,-1.6996,13.2082,0.00,0.0930
FloweringPea,-7.0943,-1.6996,12.7644,0.00,0.0930
FloweringPea,-7.0943,-1.6996,12.8782,0.00,0.0930
FloweringPea,-7.0943,-1.6996,12.9902,0.00,0.0930
FloweringPea,-7.0943,-1.6996,13.1010,0.00,0.0930
FloweringPea,-7.0943,-1.6996,13.2082,0.00,0.0930
FloweringPea,-7.0235,-1.6996,12.7644,0.00,0.0930
FloweringPea,-7.0235,-1.6996,12.8782,0.00,0.0930
FloweringPea,-7.0235,-1.6996,12.9902,0.00,0.0930
FloweringPea,-7.0235,-1.6996,13.1010,0.00,0.0930
FloweringPea,-7.0235,-1.6996,13.2082,0.00,0.0930
FloweringPea,-6.9549,-1.6996,12.7644,0.00,0.0930
FloweringPea,-6.9549,-1.6996,12.8782,0.00,0.0930
FloweringPea,-6.9549,-1.6996,12.9902,0.00,0.0930
FloweringPea,-6.9549,-1.6996,13.1010,0.00,0.0930
FloweringPea,-6.9549,-1.6996,13.2082,0.00,0.0930
FloweringPea,-6.8881,-1.6996,12.7644,0.00,0.0930
FloweringPea,-6.8881,-1.6996,12.8782,0.00,0.0930
FloweringPea,-6.8881,-1.6996,12.9902,0.00,0.0930
FloweringPea,-6.8881,-1.6996,13.1010,0.00,0.0930
FloweringPea,-6.8881,-1.6996,13.2082,0.00,0.0930
FloweringPea,-6.8145,-1.6996,12.7644,0.00,0.0930
FloweringPea,-6.8145,-1.6996,12.8782,0.00,0.0930
FloweringPea,-6.8145,-1.6996,12.9902,0.00,0.0930
FloweringPea,-6.8145,-1.6996,13.1010,0.00,0.0930
FloweringPea,-6.8145,-1.6996,13.2082,0.00,0.0930
FloweringPea,-6.7489,-1.6996,12.7644,0.00,0.0930
FloweringPea,-6.7489,-1.6996,12.8782,0.00,0.0930
FloweringPea,-6.7489,-1.6996,12.9902,0.00,0.0930
FloweringPea,-6.7489,-1.6996,13.1010,0.00,0.0930
FloweringPea,-6.7489,-1.6996,13.2082,0.00,0.0930
FloweringPea,-6.6917,-1.6996,12.7644,0.00,0.0930
FloweringPea,-6.6917,-1.6996,12.8782,0.00,0.0930
FloweringPea,-6.6917,-1.6996,12.9902,0.00,0.0930
FloweringPea,-6.6917,-1.6996,13.1010,0.00,0.0930
FloweringPea,-6.6917,-1.6996,13.2082,0.00,0.0930
FloweringPea,-6.6209,-1.6996,12.7644,0.00,0.0930
FloweringPea,-6.6209,-1.6996,12.8782,0.00,0.0930
FloweringPea,-6.6209,-1.6996,12.9902,0.00,0.0930
FloweringPea,-6.6209,-1.6996,13.1010,0.00,0.0930
FloweringPea,-6.6209,-1.6996,13.2082,0.00,0.0930
FloweringPea,-6.5523,-1.6996,12.7644,0.00,0.0930
FloweringPea,-6.5523,-1.6996,12.8782,0.00,0.0930
FloweringPea,-6.5523,-1.6996,12.9902,0.00,0.0930
FloweringPea,-6.5523,-1.6996,13.1010,0.00,0.0930
FloweringPea,-6.5523,-1.6996,13.2082,0.00,0.0930
FloweringPea,-6.4855,-1.6996,12.7644,0.00,0.0930
FloweringPea,-6.4855,-1.6996,12.8782,0.00,0.0930
FloweringPea,-6.4855,-1.6996,12.9902,0.00,0.0930
FloweringPea,-6.4855,-1.6996,13.1010,0.00,0.0930
FloweringPea,-6.4855,-1.6996,13.2082,0.00,0.0930
FloweringPea,-6.4119,-1.6996,12.7644,0.00,0.0930
FloweringPea,-6.4119,-1.6996,12.8782,0.00,0.0930
FloweringPea,-6.4119,-1.6996,12.9902,0.00,0.0930
FloweringPea,-6.4119,-1.6996,13.1010,0.00,0.0930
FloweringPea,-6.4119,-1.6996,13.2082,0.00,0.0930
FloweringPea,-6.3462,-1.6996,12.7644,0.00,0.0930
FloweringPea,-6.3462,-1.6996,12.8782,0.00,0.0930
FloweringPea,-6.3462,-1.6996,12.9902,0.00,0.0930
FloweringPea,-6.3462,-1.6996,13.1010,0.00,0.0930
FloweringPea,-6.3462,-1.6996,13.2082,0.00,0.0930
FloweringPea,-4.3504,-1.6996,12.7644,0.00,0.0930
FloweringPea,-4.3504,-1.6996,12.8782,0.00,0.0930
FloweringPea,-4.3504,-1.6996,12.9902,0.00,0.0930
FloweringPea,-4.3504,-1.6996,13.1010,0.00,0.0930
FloweringPea,-4.3504,-1.6996,13.2082,0.00,0.0930
FloweringPea,-4.2796,-1.6996,12.7644,0.00,0.0930
FloweringPea,-4.2796,-1.6996,12.8782,0.00,0.0930
FloweringPea,-4.2796,-1.6996,12.9902,0.00,0.0930
FloweringPea,-4.2796,-1.6996,13.1010,0.00,0.0930
FloweringPea,-4.2796,-1.6996,13.2082,0.00,0.0930
FloweringPea,-4.2110,-1.6996,12.7644,0.00,0.0930
FloweringPea,-4.2110,-1.6996,12.8782,0.00,0.0930
FloweringPea,-4.2110,-1.6996,12.9902,0.00,0.0930
FloweringPea,-4.2110,-1.6996,13.1010,0.00,0.0930
FloweringPea,-4.2110,-1.6996,13.2082,0.00,0.0930
FloweringPea,-4.1442,-1.6996,12.7644,0.00,0.0930
FloweringPea,-4.1442,-1.6996,12.8782,0.00,0.0930
FloweringPea,-4.1442,-1.6996,12.9902,0.00,0.0930
FloweringPea,-4.1442,-1.6996,13.1010,0.00,0.0930
FloweringPea,-4.1442,-1.6996,13.2082,0.00,0.0930
FloweringPea,-4.0707,-1.6996,12.7644,0.00,0.0930
FloweringPea,-4.0707,-1.6996,12.8782,0.00,0.0930
FloweringPea,-4.0707,-1.6996,12.9902,0.00,0.0930
FloweringPea,-4.0707,-1.6996,13.1010,0.00,0.0930
FloweringPea,-4.0707,-1.6996,13.2082,0.00,0.0930
FloweringPea,-4.0050,-1.6996,12.7644,0.00,0.0930
FloweringPea,-4.0050,-1.6996,12.8782,0.00,0.0930
FloweringPea,-4.0050,-1.6996,12.9902,0.00,0.0930
FloweringPea,-4.0050,-1.6996,13.1010,0.00,0.0930
FloweringPea,-4.0050,-1.6996,13.2082,0.00,0.0930
FloweringPea,-3.9478,-1.6996,12.7644,0.00,0.0930
FloweringPea,-3.9478,-1.6996,12.8782,0.00,0.0930
FloweringPea,-3.9478,-1.6996,12.9902,0.00,0.0930
FloweringPea,-3.9478,-1.6996,13.1010,0.00,0.0930
FloweringPea,-3.9478,-1.6996,13.2082,0.00,0.0930
FloweringPea,-3.8770,-1.6996,12.7644,0.00,0.0930
FloweringPea,-3.8770,-1.6996,12.8782,0.00,0.0930
FloweringPea,-3.8770,-1.6996,12.9902,0.00,0.0930
FloweringPea,-3.8770,-1.6996,13.1010,0.00,0.0930
FloweringPea,-3.8770,-1.6996,13.2082,0.00,0.0930
FloweringPea,-3.8084,-1.6996,12.7644,0.00,0.0930
FloweringPea,-3.8084,-1.6996,12.8782,0.00,0.0930
FloweringPea,-3.8084,-1.6996,12.9902,0.00,0.0930
FloweringPea,-3.8084,-1.6996,13.1010,0.00,0.0930
FloweringPea,-3.8084,-1.6996,13.2082,0.00,0.0930
FloweringPea,-3.7416,-1.6996,12.7644,0.00,0.0930
FloweringPea,-3.7416,-1.6996,12.8782,0.00,0.0930
FloweringPea,-3.7416,-1.6996,12.9902,0.00,0.0930
FloweringPea,-3.7416,-1.6996,13.1010,0.00,0.0930
FloweringPea,-3.7416,-1.6996,13.2082,0.00,0.0930
FloweringPea,-3.6680,-1.6996,12.7644,0.00,0.0930
FloweringPea,-3.6680,-1.6996,12.8782,0.00,0.0930
FloweringPea,-3.6680,-1.6996,12.9902,0.00,0.0930
FloweringPea,-3.6680,-1.6996,13.1010,0.00,0.0930
FloweringPea,-3.6680,-1.6996,13.2082,0.00,0.0930
FloweringPea,-3.6024,-1.6996,12.7644,0.00,0.0930
FloweringPea,-3.6024,-1.6996,12.8782,0.00,0.0930
FloweringPea,-3.6024,-1.6996,12.9902,0.00,0.0930
FloweringPea,-3.6024,-1.6996,13.1010,0.00,0.0930
FloweringPea,-3.6024,-1.6996,13.2082,0.00,0.0930
FloweringPea,-2.9565,-1.6996,12.7644,0.00,0.0930
FloweringPea,-2.9565,-1.6996,12.8782,0.00,0.0930
FloweringPea,-2.9565,-1.6996,12.9902,0.00,0.0930
FloweringPea,-2.9565,-1.6996,13.1010,0.00,0.0930
FloweringPea,-2.9565,-1.6996,13.2082,0.00,0.0930
FloweringPea,-2.8857,-1.6996,12.7644,0.00,0.0930
FloweringPea,-2.8857,-1.6996,12.8782,0.00,0.0930
FloweringPea,-2.8857,-1.6996,12.9902,0.00,0.0930
FloweringPea,-2.8857,-1.6996,13.1010,0.00,0.0930
FloweringPea,-2.8857,-1.6996,13.2082,0.00,0.0930
FloweringPea,-2.8171,-1.6996,12.7644,0.00,0.0930
FloweringPea,-2.8171,-1.6996,12.8782,0.00,0.0930
FloweringPea,-2.8171,-1.6996,12.9902,0.00,0.0930
FloweringPea,-2.8171,-1.6996,13.1010,0.00,0.0930
FloweringPea,-2.8171,-1.6996,13.2082,0.00,0.0930
FloweringPea,-2.7503,-1.6996,12.7644,0.00,0.0930
FloweringPea,-2.7503,-1.6996,12.8782,0.00,0.0930
FloweringPea,-2.7503,-1.6996,12.9902,0.00,0.0930
FloweringPea,-2.7503,-1.6996,13.1010,0.00,0.0930
FloweringPea,-2.7503,-1.6996,13.2082,0.00,0.0930
FloweringPea,-2.6768,-1.6996,12.7644,0.00,0.0930
FloweringPea,-2.6768,-1.6996,12.8782,0.00,0.0930
FloweringPea,-2.6768,-1.6996,12.9902,0.00,0.0930
FloweringPea,-2.6768,-1.6996,13.1010,0.00,0.0930
FloweringPea,-2.6768,-1.6996,13.2082,0.00,0.0930
FloweringPea,-2.6111,-1.6996,12.7644,0.00,0.0930
FloweringPea,-2.6111,-1.6996,12.8782,0.00,0.0930
FloweringPea,-2.6111,-1.6996,12.9902,0.00,0.0930
FloweringPea,-2.6111,-1.6996,13.1010,0.00,0.0930
FloweringPea,-2.6111,-1.6996,13.2082,0.00,0.0930
FloweringPea,-2.5539,-1.6996,12.7644,0.00,0.0930
FloweringPea,-2.5539,-1.6996,12.8782,0.00,0.0930
FloweringPea,-2.5539,-1.6996,12.9902,0.00,0.0930
FloweringPea,-2.5539,-1.6996,13.1010,0.00,0.0930
FloweringPea,-2.5539,-1.6996,13.2082,0.00,0.0930
FloweringPea,-2.4831,-1.6996,12.7644,0.00,0.0930
FloweringPea,-2.4831,-1.6996,12.8782,0.00,0.0930
FloweringPea,-2.4831,-1.6996,12.9902,0.00,0.0930
FloweringPea,-2.4831,-1.6996,13.1010,0.00,0.0930
FloweringPea,-2.4831,-1.6996,13.2082,0.00,0.0930
FloweringPea,-2.4145,-1.6996,12.7644,0.00,0.0930
FloweringPea,-2.4145,-1.6996,12.8782,0.00,0.0930
FloweringPea,-2.4145,-1.6996,12.9902,0.00,0.0930
FloweringPea,-2.4145,-1.6996,13.1010,0.00,0.0930
FloweringPea,-2.4145,-1.6996,13.2082,0.00,0.0930
FloweringPea,-2.3477,-1.6996,12.7644,0.00,0.0930
FloweringPea,-2.3477,-1.6996,12.8782,0.00,0.0930
FloweringPea,-2.3477,-1.6996,12.9902,0.00,0.0930
FloweringPea,-2.3477,-1.6996,13.1010,0.00,0.0930
FloweringPea,-2.3477,-1.6996,13.2082,0.00,0.0930
FloweringPea,-2.2742,-1.6996,12.7644,0.00,0.0930
FloweringPea,-2.2742,-1.6996,12.8782,0.00,0.0930
FloweringPea,-2.2742,-1.6996,12.9902,0.00,0.0930
FloweringPea,-2.2742,-1.6996,13.1010,0.00,0.0930
FloweringPea,-2.2742,-1.6996,13.2082,0.00,0.0930
FloweringPea,-2.2085,-1.6996,12.7644,0.00,0.0930
FloweringPea,-2.2085,-1.6996,12.8782,0.00,0.0930
FloweringPea,-2.2085,-1.6996,12.9902,0.00,0.0930
FloweringPea,-2.2085,-1.6996,13.1010,0.00,0.0930
FloweringPea,-2.2085,-1.6996,13.2082,0.00,0.0930
FloweringPea,-1.6215,-1.6996,12.7644,0.00,0.0930
FloweringPea,-1.6215,-1.6996,12.8782,0.00,0.0930
FloweringPea,-1.6215,-1.6996,12.9902,0.00,0.0930
FloweringPea,-1.6215,-1.6996,13.1010,0.00,0.0930
FloweringPea,-1.6215,-1.6996,13.2082,0.00,0.0930
FloweringPea,-1.5507,-1.6996,12.7644,0.00,0.0930
FloweringPea,-1.5507,-1.6996,12.8782,0.00,0.0930
FloweringPea,-1.5507,-1.6996,12.9902,0.00,0.0930
FloweringPea,-1.5507,-1.6996,13.1010,0.00,0.0930
FloweringPea,-1.5507,-1.6996,13.2082,0.00,0.0930
FloweringPea,-1.4821,-1.6996,12.7644,0.00,0.0930
FloweringPea,-1.4821,-1.6996,12.8782,0.00,0.0930
FloweringPea,-1.4821,-1.6996,12.9902,0.00,0.0930
FloweringPea,-1.4821,-1.6996,13.1010,0.00,0.0930
FloweringPea,-1.4821,-1.6996,13.2082,0.00,0.0930
FloweringPea,-1.4153,-1.6996,12.7644,0.00,0.0930
FloweringPea,-1.4153,-1.6996,12.8782,0.00,0.0930
FloweringPea,-1.4153,-1.6996,12.9902,0.00,0.0930
FloweringPea,-1.4153,-1.6996,13.1010,0.00,0.0930
FloweringPea,-1.4153,-1.6996,13.2082,0.00,0.0930
FloweringPea,-1.3418,-1.6996,12.7644,0.00,0.0930
FloweringPea,-1.3418,-1.6996,12.8782,0.00,0.0930
FloweringPea,-1.3418,-1.6996,12.9902,0.00,0.0930
FloweringPea,-1.3418,-1.6996,13.1010,0.00,0.0930
FloweringPea,-1.3418,-1.6996,13.2082,0.00,0.0930
FloweringPea,-1.2761,-1.6996,12.7644,0.00,0.0930
FloweringPea,-1.2761,-1.6996,12.8782,0.00,0.0930
FloweringPea,-1.2761,-1.6996,12.9902,0.00,0.0930
FloweringPea,-1.2761,-1.6996,13.1010,0.00,0.0930
FloweringPea,-1.2761,-1.6996,13.2082,0.00,0.0930
FloweringPea,-1.2189,-1.6996,12.7644,0.00,0.0930
FloweringPea,-1.2189,-1.6996,12.8782,0.00,0.0930
FloweringPea,-1.2189,-1.6996,12.9902,0.00,0.0930
FloweringPea,-1.2189,-1.6996,13.1010,0.00,0.0930
FloweringPea,-1.2189,-1.6996,13.2082,0.00,0.0930
FloweringPea,-1.1481,-1.6996,12.7644,0.00,0.0930
FloweringPea,-1.1481,-1.6996,12.8782,0.00,0.0930
FloweringPea,-1.1481,-1.6996,12.9902,0.00,0.0930
FloweringPea,-1.1481,-1.6996,13.1010,0.00,0.0930
FloweringPea,-1.1481,-1.6996,13.2082,0.00,0.0930
FloweringPea,-1.0795,-1.6996,12.7644,0.00,0.0930
FloweringPea,-1.0795,-1.6996,12.8782,0.00,0.0930
FloweringPea,-1.0795,-1.6996,12.9902,0.00,0.0930
FloweringPea,-1.0795,-1.6996,13.1010,0.00,0.0930
FloweringPea,-1.0795,-1.6996,13.2082,0.00,0.0930
FloweringPea,-1.0127,-1.6996,12.7644,0.00,0.0930
FloweringPea,-1.0127,-1.6996,12.8782,0.00,0.0930
FloweringPea,-1.0127,-1.6996,12.9902,0.00,0.0930
FloweringPea,-1.0127,-1.6996,13.1010,0.00,0.0930
FloweringPea,-1.0127,-1.6996,13.2082,0.00,0.0930
FloweringPea,-0.9392,-1.6996,12.7644,0.00,0.0930
FloweringPea,-0.9392,-1.6996,12.8782,0.00,0.0930
FloweringPea,-0.9392,-1.6996,12.9902,0.00,0.0930
FloweringPea,-0.9392,-1.6996,13.1010,0.00,0.0930
FloweringPea,-0.9392,-1.6996,13.2082,0.00,0.0930
FloweringPea,-0.8735,-1.6996,12.7644,0.00,0.0930
FloweringPea,-0.8735,-1.6996,12.8782,0.00,0.0930
FloweringPea,-0.8735,-1.6996,12.9902,0.00,0.0930
FloweringPea,-0.8735,-1.6996,13.1010,0.00,0.0930
FloweringPea,-0.8735,-1.6996,13.2082,0.00,0.0930
FloweringPea,-0.2127,-1.6996,12.7644,0.00,0.0930
FloweringPea,-0.2127,-1.6996,12.8782,0.00,0.0930
FloweringPea,-0.2127,-1.6996,12.9902,0.00,0.0930
FloweringPea,-0.2127,-1.6996,13.1010,0.00,0.0930
FloweringPea,-0.2127,-1.6996,13.2082,0.00,0.0930
FloweringPea,-0.1419,-1.6996,12.7644,0.00,0.0930
FloweringPea,-0.1419,-1.6996,12.8782,0.00,0.0930
FloweringPea,-0.1419,-1.6996,12.9902,0.00,0.0930
FloweringPea,-0.1419,-1.6996,13.1010,0.00,0.0930
FloweringPea,-0.1419,-1.6996,13.2082,0.00,0.0930
FloweringPea,-0.0733,-1.6996,12.7644,0.00,0.0930
FloweringPea,-0.0733,-1.6996,12.8782,0.00,0.0930
FloweringPea,-0.0733,-1.6996,12.9902,0.00,0.0930
FloweringPea,-0.0733,-1.6996,13.1010,0.00,0.0930
FloweringPea,-0.0733,-1.6996,13.2082,0.00,0.0930
FloweringPea,-0.0065,-1.6996,12.7644,0.00,0.0930
FloweringPea,-0.0065,-1.6996,12.8782,0.00,0.0930
FloweringPea,-0.0065,-1.6996,12.9902,0.00,0.0930
FloweringPea,-0.0065,-1.6996,13.1010,0.00,0.0930
FloweringPea,-0.0065,-1.6996,13.2082,0.00,0.0930
FloweringPea,0.0670,-1.6996,12.7644,0.00,0.0930
FloweringPea,0.0670,-1.6996,12.8782,0.00,0.0930
FloweringPea,0.0670,-1.6996,12.9902,0.00,0.0930
FloweringPea,0.0670,-1.6996,13.1010,0.00,0.0930
FloweringPea,0.0670,-1.6996,13.2082,0.00,0.0930
FloweringPea,0.1327,-1.6996,12.7644,0.00,0.0930
FloweringPea,0.1327,-1.6996,12.8782,0.00,0.0930
FloweringPea,0.1327,-1.6996,12.9902,0.00,0.0930
FloweringPea,0.1327,-1.6996,13.1010,0.00,0.0930
FloweringPea,0.1327,-1.6996,13.2082,0.00,0.0930
FloweringPea,0.1899,-1.6996,12.7644,0.00,0.0930
FloweringPea,0.1899,-1.6996,12.8782,0.00,0.0930
FloweringPea,0.1899,-1.6996,12.9902,0.00,0.0930
FloweringPea,0.1899,-1.6996,13.1010,0.00,0.0930
FloweringPea,0.1899,-1.6996,13.2082,0.00,0.0930
FloweringPea,0.2607,-1.6996,12.7644,0.00,0.0930
FloweringPea,0.2607,-1.6996,12.8782,0.00,0.0930
FloweringPea,0.2607,-1.6996,12.9902,0.00,0.0930
FloweringPea,0.2607,-1.6996,13.1010,0.00,0.0930
FloweringPea,0.2607,-1.6996,13.2082,0.00,0.0930
FloweringPea,0.3293,-1.6996,12.7644,0.00,0.0930
FloweringPea,0.3293,-1.6996,12.8782,0.00,0.0930
FloweringPea,0.3293,-1.6996,12.9902,0.00,0.0930
FloweringPea,0.3293,-1.6996,13.1010,0.00,0.0930
FloweringPea,0.3293,-1.6996,13.2082,0.00,0.0930
FloweringPea,0.3961,-1.6996,12.7644,0.00,0.0930
FloweringPea,0.3961,-1.6996,12.8782,0.00,0.0930
FloweringPea,0.3961,-1.6996,12.9902,0.00,0.0930
FloweringPea,0.3961,-1.6996,13.1010,0.00,0.0930
FloweringPea,0.3961,-1.6996,13.2082,0.00,0.0930
FloweringPea,0.4696,-1.6996,12.7644,0.00,0.0930
FloweringPea,0.4696,-1.6996,12.8782,0.00,0.0930
FloweringPea,0.4696,-1.6996,12.9902,0.00,0.0930
FloweringPea,0.4696,-1.6996,13.1010,0.00,0.0930
FloweringPea,0.4696,-1.6996,13.2082,0.00,0.0930
FloweringPea,0.5353,-1.6996,12.7644,0.00,0.0930
FloweringPea,0.5353,-1.6996,12.8782,0.00,0.0930
FloweringPea,0.5353,-1.6996,12.9902,0.00,0.0930
FloweringPea,0.5353,-1.6996,13.1010,0.00,0.0930
FloweringPea,0.5353,-1.6996,13.2082,0.00,0.0930
FloweringPea,-5.7035,-1.6996,12.7639,0.00,0.0930
FloweringPea,-5.7035,-1.6996,12.8777,0.00,0.0930
FloweringPea,-5.7035,-1.6996,12.9897,0.00,0.0930
FloweringPea,-5.7035,-1.6996,13.1005,0.00,0.0930
FloweringPea,-5.7035,-1.6996,13.2077,0.00,0.0930
FloweringPea,-5.6327,-1.6996,12.7639,0.00,0.0930
FloweringPea,-5.6327,-1.6996,12.8777,0.00,0.0930
FloweringPea,-5.6327,-1.6996,12.9897,0.00,0.0930
FloweringPea,-5.6327,-1.6996,13.1005,0.00,0.0930
FloweringPea,-5.6327,-1.6996,13.2077,0.00,0.0930
FloweringPea,-5.5641,-1.6996,12.7639,0.00,0.0930
FloweringPea,-5.5641,-1.6996,12.8777,0.00,0.0930
FloweringPea,-5.5641,-1.6996,12.9897,0.00,0.0930
FloweringPea,-5.5641,-1.6996,13.1005,0.00,0.0930
FloweringPea,-5.5641,-1.6996,13.2077,0.00,0.0930
FloweringPea,-5.4973,-1.6996,12.7639,0.00,0.0930
FloweringPea,-5.4973,-1.6996,12.8777,0.00,0.0930
FloweringPea,-5.4973,-1.6996,12.9897,0.00,0.0930
FloweringPea,-5.4973,-1.6996,13.1005,0.00,0.0930
FloweringPea,-5.4973,-1.6996,13.2077,0.00,0.0930
FloweringPea,-5.4238,-1.6996,12.7639,0.00,0.0930
FloweringPea,-5.4238,-1.6996,12.8777,0.00,0.0930
FloweringPea,-5.4238,-1.6996,12.9897,0.00,0.0930
FloweringPea,-5.4238,-1.6996,13.1005,0.00,0.0930
FloweringPea,-5.4238,-1.6996,13.2077,0.00,0.0930
FloweringPea,-5.3581,-1.6996,12.7639,0.00,0.0930
FloweringPea,-5.3581,-1.6996,12.8777,0.00,0.0930
FloweringPea,-5.3581,-1.6996,12.9897,0.00,0.0930
FloweringPea,-5.3581,-1.6996,13.1005,0.00,0.0930
FloweringPea,-5.3581,-1.6996,13.2077,0.00,0.0930
FloweringPea,-5.3009,-1.6996,12.7639,0.00,0.0930
FloweringPea,-5.3009,-1.6996,12.8777,0.00,0.0930
FloweringPea,-5.3009,-1.6996,12.9897,0.00,0.0930
FloweringPea,-5.3009,-1.6996,13.1005,0.00,0.0930
FloweringPea,-5.3009,-1.6996,13.2077,0.00,0.0930
FloweringPea,-5.2301,-1.6996,12.7639,0.00,0.0930
FloweringPea,-5.2301,-1.6996,12.8777,0.00,0.0930
FloweringPea,-5.2301,-1.6996,12.9897,0.00,0.0930
FloweringPea,-5.2301,-1.6996,13.1005,0.00,0.0930
FloweringPea,-5.2301,-1.6996,13.2077,0.00,0.0930
FloweringPea,-5.1615,-1.6996,12.7639,0.00,0.0930
FloweringPea,-5.1615,-1.6996,12.8777,0.00,0.0930
FloweringPea,-5.1615,-1.6996,12.9897,0.00,0.0930
FloweringPea,-5.1615,-1.6996,13.1005,0.00,0.0930
FloweringPea,-5.1615,-1.6996,13.2077,0.00,0.0930
FloweringPea,-5.0947,-1.6996,12.7639,0.00,0.0930
FloweringPea,-5.0947,-1.6996,12.8777,0.00,0.0930
FloweringPea,-5.0947,-1.6996,12.9897,0.00,0.0930
FloweringPea,-5.0947,-1.6996,13.1005,0.00,0.0930
FloweringPea,-5.0947,-1.6996,13.2077,0.00,0.0930
FloweringPea,-5.0212,-1.6996,12.7639,0.00,0.0930
FloweringPea,-5.0212,-1.6996,12.8777,0.00,0.0930
FloweringPea,-5.0212,-1.6996,12.9897,0.00,0.0930
FloweringPea,-5.0212,-1.6996,13.1005,0.00,0.0930
FloweringPea,-5.0212,-1.6996,13.2077,0.00,0.0930
FloweringPea,-4.9555,-1.6996,12.7639,0.00,0.0930
FloweringPea,-4.9555,-1.6996,12.8777,0.00,0.0930
FloweringPea,-4.9555,-1.6996,12.9897,0.00,0.0930
FloweringPea,-4.9555,-1.6996,13.1005,0.00,0.0930
FloweringPea,-4.9555,-1.6996,13.2077,0.00,0.0930
FloweringPea,-8.4473,-1.6996,12.7639,0.00,0.0930
FloweringPea,-8.4473,-1.6996,12.8777,0.00,0.0930
FloweringPea,-8.4473,-1.6996,12.9897,0.00,0.0930
FloweringPea,-8.4473,-1.6996,13.1005,0.00,0.0930
FloweringPea,-8.4473,-1.6996,13.2077,0.00,0.0930
FloweringPea,-8.3765,-1.6996,12.7639,0.00,0.0930
FloweringPea,-8.3765,-1.6996,12.8777,0.00,0.0930
FloweringPea,-8.3765,-1.6996,12.9897,0.00,0.0930
FloweringPea,-8.3765,-1.6996,13.1005,0.00,0.0930
FloweringPea,-8.3765,-1.6996,13.2077,0.00,0.0930
FloweringPea,-8.3079,-1.6996,12.7639,0.00,0.0930
FloweringPea,-8.3079,-1.6996,12.8777,0.00,0.0930
FloweringPea,-8.3079,-1.6996,12.9897,0.00,0.0930
FloweringPea,-8.3079,-1.6996,13.1005,0.00,0.0930
FloweringPea,-8.3079,-1.6996,13.2077,0.00,0.0930
FloweringPea,-8.2411,-1.6996,12.7639,0.00,0.0930
FloweringPea,-8.2411,-1.6996,12.8777,0.00,0.0930
FloweringPea,-8.2411,-1.6996,12.9897,0.00,0.0930
FloweringPea,-8.2411,-1.6996,13.1005,0.00,0.0930
FloweringPea,-8.2411,-1.6996,13.2077,0.00,0.0930
FloweringPea,-8.1676,-1.6996,12.7639,0.00,0.0930
FloweringPea,-8.1676,-1.6996,12.8777,0.00,0.0930
FloweringPea,-8.1676,-1.6996,12.9897,0.00,0.0930
FloweringPea,-8.1676,-1.6996,13.1005,0.00,0.0930
FloweringPea,-8.1676,-1.6996,13.2077,0.00,0.0930
FloweringPea,-8.1019,-1.6996,12.7639,0.00,0.0930
FloweringPea,-8.1019,-1.6996,12.8777,0.00,0.0930
FloweringPea,-8.1019,-1.6996,12.9897,0.00,0.0930
FloweringPea,-8.1019,-1.6996,13.1005,0.00,0.0930
FloweringPea,-8.1019,-1.6996,13.2077,0.00,0.0930
FloweringPea,-8.0447,-1.6996,12.7639,0.00,0.0930
FloweringPea,-8.0447,-1.6996,12.8777,0.00,0.0930
FloweringPea,-8.0447,-1.6996,12.9897,0.00,0.0930
FloweringPea,-8.0447,-1.6996,13.1005,0.00,0.0930
FloweringPea,-8.0447,-1.6996,13.2077,0.00,0.0930
FloweringPea,-7.9739,-1.6996,12.7639,0.00,0.0930
FloweringPea,-7.9739,-1.6996,12.8777,0.00,0.0930
FloweringPea,-7.9739,-1.6996,12.9897,0.00,0.0930
FloweringPea,-7.9739,-1.6996,13.1005,0.00,0.0930
FloweringPea,-7.9739,-1.6996,13.2077,0.00,0.0930
FloweringPea,-7.9053,-1.6996,12.7639,0.00,0.0930
FloweringPea,-7.9053,-1.6996,12.8777,0.00,0.0930
FloweringPea,-7.9053,-1.6996,12.9897,0.00,0.0930
FloweringPea,-7.9053,-1.6996,13.1005,0.00,0.0930
FloweringPea,-7.9053,-1.6996,13.2077,0.00,0.0930
FloweringPea,-7.8385,-1.6996,12.7639,0.00,0.0930
FloweringPea,-7.8385,-1.6996,12.8777,0.00,0.0930
FloweringPea,-7.8385,-1.6996,12.9897,0.00,0.0930
FloweringPea,-7.8385,-1.6996,13.1005,0.00,0.0930
FloweringPea,-7.8385,-1.6996,13.2077,0.00,0.0930
FloweringPea,-7.7650,-1.6996,12.7639,0.00,0.0930
FloweringPea,-7.7650,-1.6996,12.8777,0.00,0.0930
FloweringPea,-7.7650,-1.6996,12.9897,0.00,0.0930
FloweringPea,-7.7650,-1.6996,13.1005,0.00,0.0930
FloweringPea,-7.7650,-1.6996,13.2077,0.00,0.0930
FloweringPea,-7.6993,-1.6996,12.7639,0.00,0.0930
FloweringPea,-7.6993,-1.6996,12.8777,0.00,0.0930
FloweringPea,-7.6993,-1.6996,12.9897,0.00,0.0930
FloweringPea,-7.6993,-1.6996,13.1005,0.00,0.0930
FloweringPea,-7.6993,-1.6996,13.2077,0.00,0.0930
FloweringPea,-7.0943,-1.6996,12.7639,0.00,0.0930
FloweringPea,-7.0943,-1.6996,12.8777,0.00,0.0930
FloweringPea,-7.0943,-1.6996,12.9897,0.00,0.0930
FloweringPea,-7.0943,-1.6996,13.1005,0.00,0.0930
FloweringPea,-7.0943,-1.6996,13.2077,0.00,0.0930
FloweringPea,-7.0235,-1.6996,12.7639,0.00,0.0930
FloweringPea,-7.0235,-1.6996,12.8777,0.00,0.0930
FloweringPea,-7.0235,-1.6996,12.9897,0.00,0.0930
FloweringPea,-7.0235,-1.6996,13.1005,0.00,0.0930
FloweringPea,-7.0235,-1.6996,13.2077,0.00,0.0930
FloweringPea,-6.9549,-1.6996,12.7639,0.00,0.0930
FloweringPea,-6.9549,-1.6996,12.8777,0.00,0.0930
FloweringPea,-6.9549,-1.6996,12.9897,0.00,0.0930
FloweringPea,-6.9549,-1.6996,13.1005,0.00,0.0930
FloweringPea,-6.9549,-1.6996,13.2077,0.00,0.0930
FloweringPea,-6.8881,-1.6996,12.7639,0.00,0.0930
FloweringPea,-6.8881,-1.6996,12.8777,0.00,0.0930
FloweringPea,-6.8881,-1.6996,12.9897,0.00,0.0930
FloweringPea,-6.8881,-1.6996,13.1005,0.00,0.0930
FloweringPea,-6.8881,-1.6996,13.2077,0.00,0.0930
FloweringPea,-6.8145,-1.6996,12.7639,0.00,0.0930
FloweringPea,-6.8145,-1.6996,12.8777,0.00,0.0930
FloweringPea,-6.8145,-1.6996,12.9897,0.00,0.0930
FloweringPea,-6.8145,-1.6996,13.1005,0.00,0.0930
FloweringPea,-6.8145,-1.6996,13.2077,0.00,0.0930
FloweringPea,-6.7489,-1.6996,12.7639,0.00,0.0930
FloweringPea,-6.7489,-1.6996,12.8777,0.00,0.0930
FloweringPea,-6.7489,-1.6996,12.9897,0.00,0.0930
FloweringPea,-6.7489,-1.6996,13.1005,0.00,0.0930
FloweringPea,-6.7489,-1.6996,13.2077,0.00,0.0930
FloweringPea,-6.6917,-1.6996,12.7639,0.00,0.0930
FloweringPea,-6.6917,-1.6996,12.8777,0.00,0.0930
FloweringPea,-6.6917,-1.6996,12.9897,0.00,0.0930
FloweringPea,-6.6917,-1.6996,13.1005,0.00,0.0930
FloweringPea,-6.6917,-1.6996,13.2077,0.00,0.0930
FloweringPea,-6.6209,-1.6996,12.7639,0.00,0.0930
FloweringPea,-6.6209,-1.6996,12.8777,0.00,0.0930
FloweringPea,-6.6209,-1.6996,12.9897,0.00,0.0930
FloweringPea,-6.6209,-1.6996,13.1005,0.00,0.0930
FloweringPea,-6.6209,-1.6996,13.2077,0.00,0.0930
FloweringPea,-6.5523,-1.6996,12.7639,0.00,0.0930
FloweringPea,-6.5523,-1.6996,12.8777,0.00,0.0930
FloweringPea,-6.5523,-1.6996,12.9897,0.00,0.0930
FloweringPea,-6.5523,-1.6996,13.1005,0.00,0.0930
FloweringPea,-6.5523,-1.6996,13.2077,0.00,0.0930
FloweringPea,-6.4855,-1.6996,12.7639,0.00,0.0930
FloweringPea,-6.4855,-1.6996,12.8777,0.00,0.0930
FloweringPea,-6.4855,-1.6996,12.9897,0.00,0.0930
FloweringPea,-6.4855,-1.6996,13.1005,0.00,0.0930
FloweringPea,-6.4855,-1.6996,13.2077,0.00,0.0930
FloweringPea,-6.4119,-1.6996,12.7639,0.00,0.0930
FloweringPea,-6.4119,-1.6996,12.8777,0.00,0.0930
FloweringPea,-6.4119,-1.6996,12.9897,0.00,0.0930
FloweringPea,-6.4119,-1.6996,13.1005,0.00,0.0930
FloweringPea,-6.4119,-1.6996,13.2077,0.00,0.0930
FloweringPea,-6.3462,-1.6996,12.7639,0.00,0.0930
FloweringPea,-6.3462,-1.6996,12.8777,0.00,0.0930
FloweringPea,-6.3462,-1.6996,12.9897,0.00,0.0930
FloweringPea,-6.3462,-1.6996,13.1005,0.00,0.0930
FloweringPea,-6.3462,-1.6996,13.2077,0.00,0.0930
FloweringPea,-4.3504,-1.6996,12.7639,0.00,0.0930
FloweringPea,-4.3504,-1.6996,12.8777,0.00,0.0930
FloweringPea,-4.3504,-1.6996,12.9897,0.00,0.0930
FloweringPea,-4.3504,-1.6996,13.1005,0.00,0.0930
FloweringPea,-4.3504,-1.6996,13.2077,0.00,0.0930
FloweringPea,-4.2796,-1.6996,12.7639,0.00,0.0930
FloweringPea,-4.2796,-1.6996,12.8777,0.00,0.0930
FloweringPea,-4.2796,-1.6996,12.9897,0.00,0.0930
FloweringPea,-4.2796,-1.6996,13.1005,0.00,0.0930
FloweringPea,-4.2796,-1.6996,13.2077,0.00,0.0930
FloweringPea,-4.2110,-1.6996,12.7639,0.00,0.0930
FloweringPea,-4.2110,-1.6996,12.8777,0.00,0.0930
FloweringPea,-4.2110,-1.6996,12.9897,0.00,0.0930
FloweringPea,-4.2110,-1.6996,13.1005,0.00,0.0930
FloweringPea,-4.2110,-1.6996,13.2077,0.00,0.0930
FloweringPea,-4.1442,-1.6996,12.7639,0.00,0.0930
FloweringPea,-4.1442,-1.6996,12.8777,0.00,0.0930
FloweringPea,-4.1442,-1.6996,12.9897,0.00,0.0930
FloweringPea,-4.1442,-1.6996,13.1005,0.00,0.0930
FloweringPea,-4.1442,-1.6996,13.2077,0.00,0.0930
FloweringPea,-4.0707,-1.6996,12.7639,0.00,0.0930
FloweringPea,-4.0707,-1.6996,12.8777,0.00,0.0930
FloweringPea,-4.0707,-1.6996,12.9897,0.00,0.0930
FloweringPea,-4.0707,-1.6996,13.1005,0.00,0.0930
FloweringPea,-4.0707,-1.6996,13.2077,0.00,0.0930
FloweringPea,-4.0050,-1.6996,12.7639,0.00,0.0930
FloweringPea,-4.0050,-1.6996,12.8777,0.00,0.0930
FloweringPea,-4.0050,-1.6996,12.9897,0.00,0.0930
FloweringPea,-4.0050,-1.6996,13.1005,0.00,0.0930
FloweringPea,-4.0050,-1.6996,13.2077,0.00,0.0930
FloweringPea,-3.9478,-1.6996,12.7639,0.00,0.0930
FloweringPea,-3.9478,-1.6996,12.8777,0.00,0.0930
FloweringPea,-3.9478,-1.6996,12.9897,0.00,0.0930
FloweringPea,-3.9478,-1.6996,13.1005,0.00,0.0930
FloweringPea,-3.9478,-1.6996,13.2077,0.00,0.0930
FloweringPea,-3.8770,-1.6996,12.7639,0.00,0.0930
FloweringPea,-3.8770,-1.6996,12.8777,0.00,0.0930
FloweringPea,-3.8770,-1.6996,12.9897,0.00,0.0930
FloweringPea,-3.8770,-1.6996,13.1005,0.00,0.0930
FloweringPea,-3.8770,-1.6996,13.2077,0.00,0.0930
FloweringPea,-3.8084,-1.6996,12.7639,0.00,0.0930
FloweringPea,-3.8084,-1.6996,12.8777,0.00,0.0930
FloweringPea,-3.8084,-1.6996,12.9897,0.00,0.0930
FloweringPea,-3.8084,-1.6996,13.1005,0.00,0.0930
FloweringPea,-3.8084,-1.6996,13.2077,0.00,0.0930
FloweringPea,-3.7416,-1.6996,12.7639,0.00,0.0930
FloweringPea,-3.7416,-1.6996,12.8777,0.00,0.0930
FloweringPea,-3.7416,-1.6996,12.9897,0.00,0.0930
FloweringPea,-3.7416,-1.6996,13.1005,0.00,0.0930
FloweringPea,-3.7416,-1.6996,13.2077,0.00,0.0930
FloweringPea,-3.6680,-1.6996,12.7639,0.00,0.0930
FloweringPea,-3.6680,-1.6996,12.8777,0.00,0.0930
FloweringPea,-3.6680,-1.6996,12.9897,0.00,0.0930
FloweringPea,-3.6680,-1.6996,13.1005,0.00,0.0930
FloweringPea,-3.6680,-1.6996,13.2077,0.00,0.0930
FloweringPea,-3.6024,-1.6996,12.7639,0.00,0.0930
FloweringPea,-3.6024,-1.6996,12.8777,0.00,0.0930
FloweringPea,-3.6024,-1.6996,12.9897,0.00,0.0930
FloweringPea,-3.6024,-1.6996,13.1005,0.00,0.0930
FloweringPea,-3.6024,-1.6996,13.2077,0.00,0.0930
FloweringPea,-2.9565,-1.6996,12.7639,0.00,0.0930
FloweringPea,-2.9565,-1.6996,12.8777,0.00,0.0930
FloweringPea,-2.9565,-1.6996,12.9897,0.00,0.0930
FloweringPea,-2.9565,-1.6996,13.1005,0.00,0.0930
FloweringPea,-2.9565,-1.6996,13.2077,0.00,0.0930
FloweringPea,-2.8857,-1.6996,12.7639,0.00,0.0930
FloweringPea,-2.8857,-1.6996,12.8777,0.00,0.0930
FloweringPea,-2.8857,-1.6996,12.9897,0.00,0.0930
FloweringPea,-2.8857,-1.6996,13.1005,0.00,0.0930
FloweringPea,-2.8857,-1.6996,13.2077,0.00,0.0930
FloweringPea,-2.8171,-1.6996,12.7639,0.00,0.0930
FloweringPea,-2.8171,-1.6996,12.8777,0.00,0.0930
FloweringPea,-2.8171,-1.6996,12.9897,0.00,0.0930
FloweringPea,-2.8171,-1.6996,13.1005,0.00,0.0930
FloweringPea,-2.8171,-1.6996,13.2077,0.00,0.0930
FloweringPea,-2.7503,-1.6996,12.7639,0.00,0.0930
FloweringPea,-2.7503,-1.6996,12.8777,0.00,0.0930
FloweringPea,-2.7503,-1.6996,12.9897,0.00,0.0930
FloweringPea,-2.7503,-1.6996,13.1005,0.00,0.0930
FloweringPea,-2.7503,-1.6996,13.2077,0.00,0.0930
FloweringPea,-2.6768,-1.6996,12.7639,0.00,0.0930
FloweringPea,-2.6768,-1.6996,12.8777,0.00,0.0930
FloweringPea,-2.6768,-1.6996,12.9897,0.00,0.0930
FloweringPea,-2.6768,-1.6996,13.1005,0.00,0.0930
FloweringPea,-2.6768,-1.6996,13.2077,0.00,0.0930
FloweringPea,-2.6111,-1.6996,12.7639,0.00,0.0930
FloweringPea,-2.6111,-1.6996,12.8777,0.00,0.0930
FloweringPea,-2.6111,-1.6996,12.9897,0.00,0.0930
FloweringPea,-2.6111,-1.6996,13.1005,0.00,0.0930
FloweringPea,-2.6111,-1.6996,13.2077,0.00,0.0930
FloweringPea,-2.5539,-1.6996,12.7639,0.00,0.0930
FloweringPea,-2.5539,-1.6996,12.8777,0.00,0.0930
FloweringPea,-2.5539,-1.6996,12.9897,0.00,0.0930
FloweringPea,-2.5539,-1.6996,13.1005,0.00,0.0930
FloweringPea,-2.5539,-1.6996,13.2077,0.00,0.0930
FloweringPea,-2.4831,-1.6996,12.7639,0.00,0.0930
FloweringPea,-2.4831,-1.6996,12.8777,0.00,0.0930
FloweringPea,-2.4831,-1.6996,12.9897,0.00,0.0930
FloweringPea,-2.4831,-1.6996,13.1005,0.00,0.0930
FloweringPea,-2.4831,-1.6996,13.2077,0.00,0.0930
FloweringPea,-2.4145,-1.6996,12.7639,0.00,0.0930
FloweringPea,-2.4145,-1.6996,12.8777,0.00,0.0930
FloweringPea,-2.4145,-1.6996,12.9897,0.00,0.0930
FloweringPea,-2.4145,-1.6996,13.1005,0.00,0.0930
FloweringPea,-2.4145,-1.6996,13.2077,0.00,0.0930
FloweringPea,-2.3477,-1.6996,12.7639,0.00,0.0930
FloweringPea,-2.3477,-1.6996,12.8777,0.00,0.0930
FloweringPea,-2.3477,-1.6996,12.9897,0.00,0.0930
FloweringPea,-2.3477,-1.6996,13.1005,0.00,0.0930
FloweringPea,-2.3477,-1.6996,13.2077,0.00,0.0930
FloweringPea,-2.2742,-1.6996,12.7639,0.00,0.0930
FloweringPea,-2.2742,-1.6996,12.8777,0.00,0.0930
FloweringPea,-2.2742,-1.6996,12.9897,0.00,0.0930
FloweringPea,-2.2742,-1.6996,13.1005,0.00,0.0930
FloweringPea,-2.2742,-1.6996,13.2077,0.00,0.0930
FloweringPea,-2.2085,-1.6996,12.7639,0.00,0.0930
FloweringPea,-2.2085,-1.6996,12.8777,0.00,0.0930
FloweringPea,-2.2085,-1.6996,12.9897,0.00,0.0930
FloweringPea,-2.2085,-1.6996,13.1005,0.00,0.0930
FloweringPea,-2.2085,-1.6996,13.2077,0.00,0.0930
FloweringPea,-1.6215,-1.6996,12.7639,0.00,0.0930
FloweringPea,-1.6215,-1.6996,12.8777,0.00,0.0930
FloweringPea,-1.6215,-1.6996,12.9897,0.00,0.0930
FloweringPea,-1.6215,-1.6996,13.1005,0.00,0.0930
FloweringPea,-1.6215,-1.6996,13.2077,0.00,0.0930
FloweringPea,-1.5507,-1.6996,12.7639,0.00,0.0930
FloweringPea,-1.5507,-1.6996,12.8777,0.00,0.0930
FloweringPea,-1.5507,-1.6996,12.9897,0.00,0.0930
FloweringPea,-1.5507,-1.6996,13.1005,0.00,0.0930
FloweringPea,-1.5507,-1.6996,13.2077,0.00,0.0930
FloweringPea,-1.4821,-1.6996,12.7639,0.00,0.0930
FloweringPea,-1.4821,-1.6996,12.8777,0.00,0.0930
FloweringPea,-1.4821,-1.6996,12.9897,0.00,0.0930
FloweringPea,-1.4821,-1.6996,13.1005,0.00,0.0930
FloweringPea,-1.4821,-1.6996,13.2077,0.00,0.0930
FloweringPea,-1.4153,-1.6996,12.7639,0.00,0.0930
FloweringPea,-1.4153,-1.6996,12.8777,0.00,0.0930
FloweringPea,-1.4153,-1.6996,12.9897,0.00,0.0930
FloweringPea,-1.4153,-1.6996,13.1005,0.00,0.0930
FloweringPea,-1.4153,-1.6996,13.2077,0.00,0.0930
FloweringPea,-1.3418,-1.6996,12.7639,0.00,0.0930
FloweringPea,-1.3418,-1.6996,12.8777,0.00,0.0930
FloweringPea,-1.3418,-1.6996,12.9897,0.00,0.0930
FloweringPea,-1.3418,-1.6996,13.1005,0.00,0.0930
FloweringPea,-1.3418,-1.6996,13.2077,0.00,0.0930
FloweringPea,-1.2761,-1.6996,12.7639,0.00,0.0930
FloweringPea,-1.2761,-1.6996,12.8777,0.00,0.0930
FloweringPea,-1.2761,-1.6996,12.9897,0.00,0.0930
FloweringPea,-1.2761,-1.6996,13.1005,0.00,0.0930
FloweringPea,-1.2761,-1.6996,13.2077,0.00,0.0930
FloweringPea,-1.2189,-1.6996,12.7639,0.00,0.0930
FloweringPea,-1.2189,-1.6996,12.8777,0.00,0.0930
FloweringPea,-1.2189,-1.6996,12.9897,0.00,0.0930
FloweringPea,-1.2189,-1.6996,13.1005,0.00,0.0930
FloweringPea,-1.2189,-1.6996,13.2077,0.00,0.0930
FloweringPea,-1.1481,-1.6996,12.7639,0.00,0.0930
FloweringPea,-1.1481,-1.6996,12.8777,0.00,0.0930
FloweringPea,-1.1481,-1.6996,12.9897,0.00,0.0930
FloweringPea,-1.1481,-1.6996,13.1005,0.00,0.0930
FloweringPea,-1.1481,-1.6996,13.2077,0.00,0.0930
FloweringPea,-1.0795,-1.6996,12.7639,0.00,0.0930
FloweringPea,-1.0795,-1.6996,12.8777,0.00,0.0930
FloweringPea,-1.0795,-1.6996,12.9897,0.00,0.0930
FloweringPea,-1.0795,-1.6996,13.1005,0.00,0.0930
FloweringPea,-1.0795,-1.6996,13.2077,0.00,0.0930
FloweringPea,-1.0127,-1.6996,12.7639,0.00,0.0930
FloweringPea,-1.0127,-1.6996,12.8777,0.00,0.0930
FloweringPea,-1.0127,-1.6996,12.9897,0.00,0.0930
FloweringPea,-1.0127,-1.6996,13.1005,0.00,0.0930
FloweringPea,-1.0127,-1.6996,13.2077,0.00,0.0930
FloweringPea,-0.9392,-1.6996,12.7639,0.00,0.0930
FloweringPea,-0.9392,-1.6996,12.8777,0.00,0.0930
FloweringPea,-0.9392,-1.6996,12.9897,0.00,0.0930
FloweringPea,-0.9392,-1.6996,13.1005,0.00,0.0930
FloweringPea,-0.9392,-1.6996,13.2077,0.00,0.0930
FloweringPea,-0.8735,-1.6996,12.7639,0.00,0.0930
FloweringPea,-0.8735,-1.6996,12.8777,0.00,0.0930
FloweringPea,-0.8735,-1.6996,12.9897,0.00,0.0930
FloweringPea,-0.8735,-1.6996,13.1005,0.00,0.0930
FloweringPea,-0.8735,-1.6996,13.2077,0.00,0.0930
FloweringPea,-0.2127,-1.6996,12.7639,0.00,0.0930
FloweringPea,-0.2127,-1.6996,12.8777,0.00,0.0930
FloweringPea,-0.2127,-1.6996,12.9897,0.00,0.0930
FloweringPea,-0.2127,-1.6996,13.1005,0.00,0.0930
FloweringPea,-0.2127,-1.6996,13.2077,0.00,0.0930
FloweringPea,-0.1419,-1.6996,12.7639,0.00,0.0930
FloweringPea,-0.1419,-1.6996,12.8777,0.00,0.0930
FloweringPea,-0.1419,-1.6996,12.9897,0.00,0.0930
FloweringPea,-0.1419,-1.6996,13.1005,0.00,0.0930
FloweringPea,-0.1419,-1.6996,13.2077,0.00,0.0930
FloweringPea,-0.0733,-1.6996,12.7639,0.00,0.0930
FloweringPea,-0.0733,-1.6996,12.8777,0.00,0.0930
FloweringPea,-0.0733,-1.6996,12.9897,0.00,0.0930
FloweringPea,-0.0733,-1.6996,13.1005,0.00,0.0930
FloweringPea,-0.0733,-1.6996,13.2077,0.00,0.0930
FloweringPea,-0.0065,-1.6996,12.7639,0.00,0.0930
FloweringPea,-0.0065,-1.6996,12.8777,0.00,0.0930
FloweringPea,-0.0065,-1.6996,12.9897,0.00,0.0930
FloweringPea,-0.0065,-1.6996,13.1005,0.00,0.0930
FloweringPea,-0.0065,-1.6996,13.2077,0.00,0.0930
FloweringPea,0.0670,-1.6996,12.7639,0.00,0.0930
FloweringPea,0.0670,-1.6996,12.8777,0.00,0.0930
FloweringPea,0.0670,-1.6996,12.9897,0.00,0.0930
FloweringPea,0.0670,-1.6996,13.1005,0.00,0.0930
FloweringPea,0.0670,-1.6996,13.2077,0.00,0.0930
FloweringPea,0.1327,-1.6996,12.7639,0.00,0.0930
FloweringPea,0.1327,-1.6996,12.8777,0.00,0.0930
FloweringPea,0.1327,-1.6996,12.9897,0.00,0.0930
FloweringPea,0.1327,-1.6996,13.1005,0.00,0.0930
FloweringPea,0.1327,-1.6996,13.2077,0.00,0.0930
FloweringPea,0.1899,-1.6996,12.7639,0.00,0.0930
FloweringPea,0.1899,-1.6996,12.8777,0.00,0.0930
FloweringPea,0.1899,-1.6996,12.9897,0.00,0.0930
FloweringPea,0.1899,-1.6996,13.1005,0.00,0.0930
FloweringPea,0.1899,-1.6996,13.2077,0.00,0.0930
FloweringPea,0.2607,-1.6996,12.7639,0.00,0.0930
FloweringPea,0.2607,-1.6996,12.8777,0.00,0.0930
FloweringPea,0.2607,-1.6996,12.9897,0.00,0.0930
FloweringPea,0.2607,-1.6996,13.1005,0.00,0.0930
FloweringPea,0.2607,-1.6996,13.2077,0.00,0.0930
FloweringPea,0.3293,-1.6996,12.7639,0.00,0.0930
FloweringPea,0.3293,-1.6996,12.8777,0.00,0.0930
FloweringPea,0.3293,-1.6996,12.9897,0.00,0.0930
FloweringPea,0.3293,-1.6996,13.1005,0.00,0.0930
FloweringPea,0.3293,-1.6996,13.2077,0.00,0.0930
FloweringPea,0.3961,-1.6996,12.7639,0.00,0.0930
FloweringPea,0.3961,-1.6996,12.8777,0.00,0.0930
FloweringPea,0.3961,-1.6996,12.9897,0.00,0.0930
FloweringPea,0.3961,-1.6996,13.1005,0.00,0.0930
FloweringPea,0.3961,-1.6996,13.2077,0.00,0.0930
FloweringPea,0.4696,-1.6996,12.7639,0.00,0.0930
FloweringPea,0.4696,-1.6996,12.8777,0.00,0.0930
FloweringPea,0.4696,-1.6996,12.9897,0.00,0.0930
FloweringPea,0.4696,-1.6996,13.1005,0.00,0.0930
FloweringPea,0.4696,-1.6996,13.2077,0.00,0.0930
FloweringPea,0.5353,-1.6996,12.7639,0.00,0.0930
FloweringPea,0.5353,-1.6996,12.8777,0.00,0.0930
FloweringPea,0.5353,-1.6996,12.9897,0.00,0.0930
FloweringPea,0.5353,-1.6996,13.1005,0.00,0.0930
FloweringPea,0.5353,-1.6996,13.2077,0.00,0.0930
FloweringPea,-5.7035,-1.6996,0.0416,0.00,0.0930
FloweringPea,-5.7035,-1.6996,0.1554,0.00,0.0930
FloweringPea,-5.7035,-1.6996,0.2674,0.00,0.0930
FloweringPea,-5.7035,-1.6996,0.3782,0.00,0.0930
FloweringPea,-5.7035,-1.6996,0.4855,0.00,0.0930
FloweringPea,-5.6327,-1.6996,0.0416,0.00,0.0930
FloweringPea,-5.6327,-1.6996,0.1554,0.00,0.0930
FloweringPea,-5.6327,-1.6996,0.2674,0.00,0.0930
FloweringPea,-5.6327,-1.6996,0.3782,0.00,0.0930
FloweringPea,-5.6327,-1.6996,0.4855,0.00,0.0930
FloweringPea,-5.5641,-1.6996,0.0416,0.00,0.0930
FloweringPea,-5.5641,-1.6996,0.1554,0.00,0.0930
FloweringPea,-5.5641,-1.6996,0.2674,0.00,0.0930
FloweringPea,-5.5641,-1.6996,0.3782,0.00,0.0930
FloweringPea,-5.5641,-1.6996,0.4855,0.00,0.0930
FloweringPea,-5.4973,-1.6996,0.0416,0.00,0.0930
FloweringPea,-5.4973,-1.6996,0.1554,0.00,0.0930
FloweringPea,-5.4973,-1.6996,0.2674,0.00,0.0930
FloweringPea,-5.4973,-1.6996,0.3782,0.00,0.0930
FloweringPea,-5.4973,-1.6996,0.4855,0.00,0.0930
FloweringPea,-5.4238,-1.6996,0.0416,0.00,0.0930
FloweringPea,-5.4238,-1.6996,0.1554,0.00,0.0930
FloweringPea,-5.4238,-1.6996,0.2674,0.00,0.0930
FloweringPea,-5.4238,-1.6996,0.3782,0.00,0.0930
FloweringPea,-5.4238,-1.6996,0.4855,0.00,0.0930
FloweringPea,-5.3581,-1.6996,0.0416,0.00,0.0930
FloweringPea,-5.3581,-1.6996,0.1554,0.00,0.0930
FloweringPea,-5.3581,-1.6996,0.2674,0.00,0.0930
FloweringPea,-5.3581,-1.6996,0.3782,0.00,0.0930
FloweringPea,-5.3581,-1.6996,0.4855,0.00,0.0930
FloweringPea,-5.3009,-1.6996,0.0416,0.00,0.0930
FloweringPea,-5.3009,-1.6996,0.1554,0.00,0.0930
FloweringPea,-5.3009,-1.6996,0.2674,0.00,0.0930
FloweringPea,-5.3009,-1.6996,0.3782,0.00,0.0930
FloweringPea,-5.3009,-1.6996,0.4855,0.00,0.0930
FloweringPea,-5.2301,-1.6996,0.0416,0.00,0.0930
FloweringPea,-5.2301,-1.6996,0.1554,0.00,0.0930
FloweringPea,-5.2301,-1.6996,0.2674,0.00,0.0930
FloweringPea,-5.2301,-1.6996,0.3782,0.00,0.0930
FloweringPea,-5.2301,-1.6996,0.4855,0.00,0.0930
FloweringPea,-5.1615,-1.6996,0.0416,0.00,0.0930
FloweringPea,-5.1615,-1.6996,0.1554,0.00,0.0930
FloweringPea,-5.1615,-1.6996,0.2674,0.00,0.0930
FloweringPea,-5.1615,-1.6996,0.3782,0.00,0.0930
FloweringPea,-5.1615,-1.6996,0.4855,0.00,0.0930
FloweringPea,-5.0947,-1.6996,0.0416,0.00,0.0930
FloweringPea,-5.0947,-1.6996,0.1554,0.00,0.0930
FloweringPea,-5.0947,-1.6996,0.2674,0.00,0.0930
FloweringPea,-5.0947,-1.6996,0.3782,0.00,0.0930
FloweringPea,-5.0947,-1.6996,0.4855,0.00,0.0930
FloweringPea,-5.0212,-1.6996,0.0416,0.00,0.0930
FloweringPea,-5.0212,-1.6996,0.1554,0.00,0.0930
FloweringPea,-5.0212,-1.6996,0.2674,0.00,0.0930
FloweringPea,-5.0212,-1.6996,0.3782,0.00,0.0930
FloweringPea,-5.0212,-1.6996,0.4855,0.00,0.0930
FloweringPea,-4.9555,-1.6996,0.0416,0.00,0.0930
FloweringPea,-4.9555,-1.6996,0.1554,0.00,0.0930
FloweringPea,-4.9555,-1.6996,0.2674,0.00,0.0930
FloweringPea,-4.9555,-1.6996,0.3782,0.00,0.0930
FloweringPea,-4.9555,-1.6996,0.4855,0.00,0.0930
FloweringPea,-8.4473,-1.6996,0.0416,0.00,0.0930
FloweringPea,-8.4473,-1.6996,0.1554,0.00,0.0930
FloweringPea,-8.4473,-1.6996,0.2674,0.00,0.0930
FloweringPea,-8.4473,-1.6996,0.3782,0.00,0.0930
FloweringPea,-8.4473,-1.6996,0.4855,0.00,0.0930
FloweringPea,-8.3765,-1.6996,0.0416,0.00,0.0930
FloweringPea,-8.3765,-1.6996,0.1554,0.00,0.0930
FloweringPea,-8.3765,-1.6996,0.2674,0.00,0.0930
FloweringPea,-8.3765,-1.6996,0.3782,0.00,0.0930
FloweringPea,-8.3765,-1.6996,0.4855,0.00,0.0930
FloweringPea,-8.3079,-1.6996,0.0416,0.00,0.0930
FloweringPea,-8.3079,-1.6996,0.1554,0.00,0.0930
FloweringPea,-8.3079,-1.6996,0.2674,0.00,0.0930
FloweringPea,-8.3079,-1.6996,0.3782,0.00,0.0930
FloweringPea,-8.3079,-1.6996,0.4855,0.00,0.0930
FloweringPea,-8.2411,-1.6996,0.0416,0.00,0.0930
FloweringPea,-8.2411,-1.6996,0.1554,0.00,0.0930
FloweringPea,-8.2411,-1.6996,0.2674,0.00,0.0930
FloweringPea,-8.2411,-1.6996,0.3782,0.00,0.0930
FloweringPea,-8.2411,-1.6996,0.4855,0.00,0.0930
FloweringPea,-8.1676,-1.6996,0.0416,0.00,0.0930
FloweringPea,-8.1676,-1.6996,0.1554,0.00,0.0930
FloweringPea,-8.1676,-1.6996,0.2674,0.00,0.0930
FloweringPea,-8.1676,-1.6996,0.3782,0.00,0.0930
FloweringPea,-8.1676,-1.6996,0.4855,0.00,0.0930
FloweringPea,-8.1019,-1.6996,0.0416,0.00,0.0930
FloweringPea,-8.1019,-1.6996,0.1554,0.00,0.0930
FloweringPea,-8.1019,-1.6996,0.2674,0.00,0.0930
FloweringPea,-8.1019,-1.6996,0.3782,0.00,0.0930
FloweringPea,-8.1019,-1.6996,0.4855,0.00,0.0930
FloweringPea,-8.0447,-1.6996,0.0416,0.00,0.0930
FloweringPea,-8.0447,-1.6996,0.1554,0.00,0.0930
FloweringPea,-8.0447,-1.6996,0.2674,0.00,0.0930
FloweringPea,-8.0447,-1.6996,0.3782,0.00,0.0930
FloweringPea,-8.0447,-1.6996,0.4855,0.00,0.0930
FloweringPea,-7.9739,-1.6996,0.0416,0.00,0.0930
FloweringPea,-7.9739,-1.6996,0.1554,0.00,0.0930
FloweringPea,-7.9739,-1.6996,0.2674,0.00,0.0930
FloweringPea,-7.9739,-1.6996,0.3782,0.00,0.0930
FloweringPea,-7.9739,-1.6996,0.4855,0.00,0.0930
FloweringPea,-7.9053,-1.6996,0.0416,0.00,0.0930
FloweringPea,-7.9053,-1.6996,0.1554,0.00,0.0930
FloweringPea,-7.9053,-1.6996,0.2674,0.00,0.0930
FloweringPea,-7.9053,-1.6996,0.3782,0.00,0.0930
FloweringPea,-7.9053,-1.6996,0.4855,0.00,0.0930
FloweringPea,-7.8385,-1.6996,0.0416,0.00,0.0930
FloweringPea,-7.8385,-1.6996,0.1554,0.00,0.0930
FloweringPea,-7.8385,-1.6996,0.2674,0.00,0.0930
FloweringPea,-7.8385,-1.6996,0.3782,0.00,0.0930
FloweringPea,-7.8385,-1.6996,0.4855,0.00,0.0930
FloweringPea,-7.7650,-1.6996,0.0416,0.00,0.0930
FloweringPea,-7.7650,-1.6996,0.1554,0.00,0.0930
FloweringPea,-7.7650,-1.6996,0.2674,0.00,0.0930
FloweringPea,-7.7650,-1.6996,0.3782,0.00,0.0930
FloweringPea,-7.7650,-1.6996,0.4855,0.00,0.0930
FloweringPea,-7.6993,-1.6996,0.0416,0.00,0.0930
FloweringPea,-7.6993,-1.6996,0.1554,0.00,0.0930
FloweringPea,-7.6993,-1.6996,0.2674,0.00,0.0930
FloweringPea,-7.6993,-1.6996,0.3782,0.00,0.0930
FloweringPea,-7.6993,-1.6996,0.4855,0.00,0.0930
FloweringPea,-7.0943,-1.6996,0.0416,0.00,0.0930
FloweringPea,-7.0943,-1.6996,0.1554,0.00,0.0930
FloweringPea,-7.0943,-1.6996,0.2674,0.00,0.0930
FloweringPea,-7.0943,-1.6996,0.3782,0.00,0.0930
FloweringPea,-7.0943,-1.6996,0.4855,0.00,0.0930
FloweringPea,-7.0235,-1.6996,0.0416,0.00,0.0930
FloweringPea,-7.0235,-1.6996,0.1554,0.00,0.0930
FloweringPea,-7.0235,-1.6996,0.2674,0.00,0.0930
FloweringPea,-7.0235,-1.6996,0.3782,0.00,0.0930
FloweringPea,-7.0235,-1.6996,0.4855,0.00,0.0930
FloweringPea,-6.9549,-1.6996,0.0416,0.00,0.0930
FloweringPea,-6.9549,-1.6996,0.1554,0.00,0.0930
FloweringPea,-6.9549,-1.6996,0.2674,0.00,0.0930
FloweringPea,-6.9549,-1.6996,0.3782,0.00,0.0930
FloweringPea,-6.9549,-1.6996,0.4855,0.00,0.0930
FloweringPea,-6.8881,-1.6996,0.0416,0.00,0.0930
FloweringPea,-6.8881,-1.6996,0.1554,0.00,0.0930
FloweringPea,-6.8881,-1.6996,0.2674,0.00,0.0930
FloweringPea,-6.8881,-1.6996,0.3782,0.00,0.0930
FloweringPea,-6.8881,-1.6996,0.4855,0.00,0.0930
FloweringPea,-6.8145,-1.6996,0.0416,0.00,0.0930
FloweringPea,-6.8145,-1.6996,0.1554,0.00,0.0930
FloweringPea,-6.8145,-1.6996,0.2674,0.00,0.0930
FloweringPea,-6.8145,-1.6996,0.3782,0.00,0.0930
FloweringPea,-6.8145,-1.6996,0.4855,0.00,0.0930
FloweringPea,-6.7489,-1.6996,0.0416,0.00,0.0930
FloweringPea,-6.7489,-1.6996,0.1554,0.00,0.0930
FloweringPea,-6.7489,-1.6996,0.2674,0.00,0.0930
FloweringPea,-6.7489,-1.6996,0.3782,0.00,0.0930
FloweringPea,-6.7489,-1.6996,0.4855,0.00,0.0930
FloweringPea,-6.6917,-1.6996,0.0416,0.00,0.0930
FloweringPea,-6.6917,-1.6996,0.1554,0.00,0.0930
FloweringPea,-6.6917,-1.6996,0.2674,0.00,0.0930
FloweringPea,-6.6917,-1.6996,0.3782,0.00,0.0930
FloweringPea,-6.6917,-1.6996,0.4855,0.00,0.0930
FloweringPea,-6.6209,-1.6996,0.0416,0.00,0.0930
FloweringPea,-6.6209,-1.6996,0.1554,0.00,0.0930
FloweringPea,-6.6209,-1.6996,0.2674,0.00,0.0930
FloweringPea,-6.6209,-1.6996,0.3782,0.00,0.0930
FloweringPea,-6.6209,-1.6996,0.4855,0.00,0.0930
FloweringPea,-6.5523,-1.6996,0.0416,0.00,0.0930
FloweringPea,-6.5523,-1.6996,0.1554,0.00,0.0930
FloweringPea,-6.5523,-1.6996,0.2674,0.00,0.0930
FloweringPea,-6.5523,-1.6996,0.3782,0.00,0.0930
FloweringPea,-6.5523,-1.6996,0.4855,0.00,0.0930
FloweringPea,-6.4855,-1.6996,0.0416,0.00,0.0930
FloweringPea,-6.4855,-1.6996,0.1554,0.00,0.0930
FloweringPea,-6.4855,-1.6996,0.2674,0.00,0.0930
FloweringPea,-6.4855,-1.6996,0.3782,0.00,0.0930
FloweringPea,-6.4855,-1.6996,0.4855,0.00,0.0930
FloweringPea,-6.4119,-1.6996,0.0416,0.00,0.0930
FloweringPea,-6.4119,-1.6996,0.1554,0.00,0.0930
FloweringPea,-6.4119,-1.6996,0.2674,0.00,0.0930
FloweringPea,-6.4119,-1.6996,0.3782,0.00,0.0930
FloweringPea,-6.4119,-1.6996,0.4855,0.00,0.0930
FloweringPea,-6.3462,-1.6996,0.0416,0.00,0.0930
FloweringPea,-6.3462,-1.6996,0.1554,0.00,0.0930
FloweringPea,-6.3462,-1.6996,0.2674,0.00,0.0930
FloweringPea,-6.3462,-1.6996,0.3782,0.00,0.0930
FloweringPea,-6.3462,-1.6996,0.4855,0.00,0.0930
FloweringPea,-4.3504,-1.6996,0.0416,0.00,0.0930
FloweringPea,-4.3504,-1.6996,0.1554,0.00,0.0930
FloweringPea,-4.3504,-1.6996,0.2674,0.00,0.0930
FloweringPea,-4.3504,-1.6996,0.3782,0.00,0.0930
FloweringPea,-4.3504,-1.6996,0.4855,0.00,0.0930
FloweringPea,-4.2796,-1.6996,0.0416,0.00,0.0930
FloweringPea,-4.2796,-1.6996,0.1554,0.00,0.0930
FloweringPea,-4.2796,-1.6996,0.2674,0.00,0.0930
FloweringPea,-4.2796,-1.6996,0.3782,0.00,0.0930
FloweringPea,-4.2796,-1.6996,0.4855,0.00,0.0930
FloweringPea,-4.2110,-1.6996,0.0416,0.00,0.0930
FloweringPea,-4.2110,-1.6996,0.1554,0.00,0.0930
FloweringPea,-4.2110,-1.6996,0.2674,0.00,0.0930
FloweringPea,-4.2110,-1.6996,0.3782,0.00,0.0930
FloweringPea,-4.2110,-1.6996,0.4855,0.00,0.0930
FloweringPea,-4.1442,-1.6996,0.0416,0.00,0.0930
FloweringPea,-4.1442,-1.6996,0.1554,0.00,0.0930
FloweringPea,-4.1442,-1.6996,0.2674,0.00,0.0930
FloweringPea,-4.1442,-1.6996,0.3782,0.00,0.0930
FloweringPea,-4.1442,-1.6996,0.4855,0.00,0.0930
FloweringPea,-4.0707,-1.6996,0.0416,0.00,0.0930
FloweringPea,-4.0707,-1.6996,0.1554,0.00,0.0930
FloweringPea,-4.0707,-1.6996,0.2674,0.00,0.0930
FloweringPea,-4.0707,-1.6996,0.3782,0.00,0.0930
FloweringPea,-4.0707,-1.6996,0.4855,0.00,0.0930
FloweringPea,-4.0050,-1.6996,0.0416,0.00,0.0930
FloweringPea,-4.0050,-1.6996,0.1554,0.00,0.0930
FloweringPea,-4.0050,-1.6996,0.2674,0.00,0.0930
FloweringPea,-4.0050,-1.6996,0.3782,0.00,0.0930
FloweringPea,-4.0050,-1.6996,0.4855,0.00,0.0930
FloweringPea,-3.9478,-1.6996,0.0416,0.00,0.0930
FloweringPea,-3.9478,-1.6996,0.1554,0.00,0.0930
FloweringPea,-3.9478,-1.6996,0.2674,0.00,0.0930
FloweringPea,-3.9478,-1.6996,0.3782,0.00,0.0930
FloweringPea,-3.9478,-1.6996,0.4855,0.00,0.0930
FloweringPea,-3.8770,-1.6996,0.0416,0.00,0.0930
FloweringPea,-3.8770,-1.6996,0.1554,0.00,0.0930
FloweringPea,-3.8770,-1.6996,0.2674,0.00,0.0930
FloweringPea,-3.8770,-1.6996,0.3782,0.00,0.0930
FloweringPea,-3.8770,-1.6996,0.4855,0.00,0.0930
FloweringPea,-3.8084,-1.6996,0.0416,0.00,0.0930
FloweringPea,-3.8084,-1.6996,0.1554,0.00,0.0930
FloweringPea,-3.8084,-1.6996,0.2674,0.00,0.0930
FloweringPea,-3.8084,-1.6996,0.3782,0.00,0.0930
FloweringPea,-3.8084,-1.6996,0.4855,0.00,0.0930
FloweringPea,-3.7416,-1.6996,0.0416,0.00,0.0930
FloweringPea,-3.7416,-1.6996,0.1554,0.00,0.0930
FloweringPea,-3.7416,-1.6996,0.2674,0.00,0.0930
FloweringPea,-3.7416,-1.6996,0.3782,0.00,0.0930
FloweringPea,-3.7416,-1.6996,0.4855,0.00,0.0930
FloweringPea,-3.6680,-1.6996,0.0416,0.00,0.0930
FloweringPea,-3.6680,-1.6996,0.1554,0.00,0.0930
FloweringPea,-3.6680,-1.6996,0.2674,0.00,0.0930
FloweringPea,-3.6680,-1.6996,0.3782,0.00,0.0930
FloweringPea,-3.6680,-1.6996,0.4855,0.00,0.0930
FloweringPea,-3.6024,-1.6996,0.0416,0.00,0.0930
FloweringPea,-3.6024,-1.6996,0.1554,0.00,0.0930
FloweringPea,-3.6024,-1.6996,0.2674,0.00,0.0930
FloweringPea,-3.6024,-1.6996,0.3782,0.00,0.0930
FloweringPea,-3.6024,-1.6996,0.4855,0.00,0.0930
FloweringPea,-2.9565,-1.6996,0.0416,0.00,0.0930
FloweringPea,-2.9565,-1.6996,0.1554,0.00,0.0930
FloweringPea,-2.9565,-1.6996,0.2674,0.00,0.0930
FloweringPea,-2.9565,-1.6996,0.3782,0.00,0.0930
FloweringPea,-2.9565,-1.6996,0.4855,0.00,0.0930
FloweringPea,-2.8857,-1.6996,0.0416,0.00,0.0930
FloweringPea,-2.8857,-1.6996,0.1554,0.00,0.0930
FloweringPea,-2.8857,-1.6996,0.2674,0.00,0.0930
FloweringPea,-2.8857,-1.6996,0.3782,0.00,0.0930
FloweringPea,-2.8857,-1.6996,0.4855,0.00,0.0930
FloweringPea,-2.8171,-1.6996,0.0416,0.00,0.0930
FloweringPea,-2.8171,-1.6996,0.1554,0.00,0.0930
FloweringPea,-2.8171,-1.6996,0.2674,0.00,0.0930
FloweringPea,-2.8171,-1.6996,0.3782,0.00,0.0930
FloweringPea,-2.8171,-1.6996,0.4855,0.00,0.0930
FloweringPea,-2.7503,-1.6996,0.0416,0.00,0.0930
FloweringPea,-2.7503,-1.6996,0.1554,0.00,0.0930
FloweringPea,-2.7503,-1.6996,0.2674,0.00,0.0930
FloweringPea,-2.7503,-1.6996,0.3782,0.00,0.0930
FloweringPea,-2.7503,-1.6996,0.4855,0.00,0.0930
FloweringPea,-2.6768,-1.6996,0.0416,0.00,0.0930
FloweringPea,-2.6768,-1.6996,0.1554,0.00,0.0930
FloweringPea,-2.6768,-1.6996,0.2674,0.00,0.0930
FloweringPea,-2.6768,-1.6996,0.3782,0.00,0.0930
FloweringPea,-2.6768,-1.6996,0.4855,0.00,0.0930
FloweringPea,-2.6111,-1.6996,0.0416,0.00,0.0930
FloweringPea,-2.6111,-1.6996,0.1554,0.00,0.0930
FloweringPea,-2.6111,-1.6996,0.2674,0.00,0.0930
FloweringPea,-2.6111,-1.6996,0.3782,0.00,0.0930
FloweringPea,-2.6111,-1.6996,0.4855,0.00,0.0930
FloweringPea,-2.5539,-1.6996,0.0416,0.00,0.0930
FloweringPea,-2.5539,-1.6996,0.1554,0.00,0.0930
FloweringPea,-2.5539,-1.6996,0.2674,0.00,0.0930
FloweringPea,-2.5539,-1.6996,0.3782,0.00,0.0930
FloweringPea,-2.5539,-1.6996,0.4855,0.00,0.0930
FloweringPea,-2.4831,-1.6996,0.0416,0.00,0.0930
FloweringPea,-2.4831,-1.6996,0.1554,0.00,0.0930
FloweringPea,-2.4831,-1.6996,0.2674,0.00,0.0930
FloweringPea,-2.4831,-1.6996,0.3782,0.00,0.0930
FloweringPea,-2.4831,-1.6996,0.4855,0.00,0.0930
FloweringPea,-2.4145,-1.6996,0.0416,0.00,0.0930
FloweringPea,-2.4145,-1.6996,0.1554,0.00,0.0930
FloweringPea,-2.4145,-1.6996,0.2674,0.00,0.0930
FloweringPea,-2.4145,-1.6996,0.3782,0.00,0.0930
FloweringPea,-2.4145,-1.6996,0.4855,0.00,0.0930
FloweringPea,-2.3477,-1.6996,0.0416,0.00,0.0930
FloweringPea,-2.3477,-1.6996,0.1554,0.00,0.0930
FloweringPea,-2.3477,-1.6996,0.2674,0.00,0.0930
FloweringPea,-2.3477,-1.6996,0.3782,0.00,0.0930
FloweringPea,-2.3477,-1.6996,0.4855,0.00,0.0930
FloweringPea,-2.2742,-1.6996,0.0416,0.00,0.0930
FloweringPea,-2.2742,-1.6996,0.1554,0.00,0.0930
FloweringPea,-2.2742,-1.6996,0.2674,0.00,0.0930
FloweringPea,-2.2742,-1.6996,0.3782,0.00,0.0930
FloweringPea,-2.2742,-1.6996,0.4855,0.00,0.0930
FloweringPea,-2.2085,-1.6996,0.0416,0.00,0.0930
FloweringPea,-2.2085,-1.6996,0.1554,0.00,0.0930
FloweringPea,-2.2085,-1.6996,0.2674,0.00,0.0930
FloweringPea,-2.2085,-1.6996,0.3782,0.00,0.0930
FloweringPea,-2.2085,-1.6996,0.4855,0.00,0.0930
FloweringPea,-1.6215,-1.6996,0.0416,0.00,0.0930
FloweringPea,-1.6215,-1.6996,0.1554,0.00,0.0930
FloweringPea,-1.6215,-1.6996,0.2674,0.00,0.0930
FloweringPea,-1.6215,-1.6996,0.3782,0.00,0.0930
FloweringPea,-1.6215,-1.6996,0.4855,0.00,0.0930
FloweringPea,-1.5507,-1.6996,0.0416,0.00,0.0930
FloweringPea,-1.5507,-1.6996,0.1554,0.00,0.0930
FloweringPea,-1.5507,-1.6996,0.2674,0.00,0.0930
FloweringPea,-1.5507,-1.6996,0.3782,0.00,0.0930
FloweringPea,-1.5507,-1.6996,0.4855,0.00,0.0930
FloweringPea,-1.4821,-1.6996,0.0416,0.00,0.0930
FloweringPea,-1.4821,-1.6996,0.1554,0.00,0.0930
FloweringPea,-1.4821,-1.6996,0.2674,0.00,0.0930
FloweringPea,-1.4821,-1.6996,0.3782,0.00,0.0930
FloweringPea,-1.4821,-1.6996,0.4855,0.00,0.0930
FloweringPea,-1.4153,-1.6996,0.0416,0.00,0.0930
FloweringPea,-1.4153,-1.6996,0.1554,0.00,0.0930
FloweringPea,-1.4153,-1.6996,0.2674,0.00,0.0930
FloweringPea,-1.4153,-1.6996,0.3782,0.00,0.0930
FloweringPea,-1.4153,-1.6996,0.4855,0.00,0.0930
FloweringPea,-1.3418,-1.6996,0.0416,0.00,0.0930
FloweringPea,-1.3418,-1.6996,0.1554,0.00,0.0930
FloweringPea,-1.3418,-1.6996,0.2674,0.00,0.0930
FloweringPea,-1.3418,-1.6996,0.3782,0.00,0.0930
FloweringPea,-1.3418,-1.6996,0.4855,0.00,0.0930
FloweringPea,-1.2761,-1.6996,0.0416,0.00,0.0930
FloweringPea,-1.2761,-1.6996,0.1554,0.00,0.0930
FloweringPea,-1.2761,-1.6996,0.2674,0.00,0.0930
FloweringPea,-1.2761,-1.6996,0.3782,0.00,0.0930
FloweringPea,-1.2761,-1.6996,0.4855,0.00,0.0930
FloweringPea,-1.2189,-1.6996,0.0416,0.00,0.0930
FloweringPea,-1.2189,-1.6996,0.1554,0.00,0.0930
FloweringPea,-1.2189,-1.6996,0.2674,0.00,0.0930
FloweringPea,-1.2189,-1.6996,0.3782,0.00,0.0930
FloweringPea,-1.2189,-1.6996,0.4855,0.00,0.0930
FloweringPea,-1.1481,-1.6996,0.0416,0.00,0.0930
FloweringPea,-1.1481,-1.6996,0.1554,0.00,0.0930
FloweringPea,-1.1481,-1.6996,0.2674,0.00,0.0930
FloweringPea,-1.1481,-1.6996,0.3782,0.00,0.0930
FloweringPea,-1.1481,-1.6996,0.4855,0.00,0.0930
FloweringPea,-1.0795,-1.6996,0.0416,0.00,0.0930
FloweringPea,-1.0795,-1.6996,0.1554,0.00,0.0930
FloweringPea,-1.0795,-1.6996,0.2674,0.00,0.0930
FloweringPea,-1.0795,-1.6996,0.3782,0.00,0.0930
FloweringPea,-1.0795,-1.6996,0.4855,0.00,0.0930
FloweringPea,-1.0127,-1.6996,0.0416,0.00,0.0930
FloweringPea,-1.0127,-1.6996,0.1554,0.00,0.0930
FloweringPea,-1.0127,-1.6996,0.2674,0.00,0.0930
FloweringPea,-1.0127,-1.6996,0.3782,0.00,0.0930
FloweringPea,-1.0127,-1.6996,0.4855,0.00,0.0930
FloweringPea,-0.9392,-1.6996,0.0416,0.00,0.0930
FloweringPea,-0.9392,-1.6996,0.1554,0.00,0.0930
FloweringPea,-0.9392,-1.6996,0.2674,0.00,0.0930
FloweringPea,-0.9392,-1.6996,0.3782,0.00,0.0930
FloweringPea,-0.9392,-1.6996,0.4855,0.00,0.0930
FloweringPea,-0.8735,-1.6996,0.0416,0.00,0.0930
FloweringPea,-0.8735,-1.6996,0.1554,0.00,0.0930
FloweringPea,-0.8735,-1.6996,0.2674,0.00,0.0930
FloweringPea,-0.8735,-1.6996,0.3782,0.00,0.0930
FloweringPea,-0.8735,-1.6996,0.4855,0.00,0.0930
FloweringPea,-0.2127,-1.6996,0.0416,0.00,0.0930
FloweringPea,-0.2127,-1.6996,0.1554,0.00,0.0930
FloweringPea,-0.2127,-1.6996,0.2674,0.00,0.0930
FloweringPea,-0.2127,-1.6996,0.3782,0.00,0.0930
FloweringPea,-0.2127,-1.6996,0.4855,0.00,0.0930
FloweringPea,-0.1419,-1.6996,0.0416,0.00,0.0930
FloweringPea,-0.1419,-1.6996,0.1554,0.00,0.0930
FloweringPea,-0.1419,-1.6996,0.2674,0.00,0.0930
FloweringPea,-0.1419,-1.6996,0.3782,0.00,0.0930
FloweringPea,-0.1419,-1.6996,0.4855,0.00,0.0930
FloweringPea,-0.0733,-1.6996,0.0416,0.00,0.0930
FloweringPea,-0.0733,-1.6996,0.1554,0.00,0.0930
FloweringPea,-0.0733,-1.6996,0.2674,0.00,0.0930
FloweringPea,-0.0733,-1.6996,0.3782,0.00,0.0930
FloweringPea,-0.0733,-1.6996,0.4855,0.00,0.0930
FloweringPea,-0.0065,-1.6996,0.0416,0.00,0.0930
FloweringPea,-0.0065,-1.6996,0.1554,0.00,0.0930
FloweringPea,-0.0065,-1.6996,0.2674,0.00,0.0930
FloweringPea,-0.0065,-1.6996,0.3782,0.00,0.0930
FloweringPea,-0.0065,-1.6996,0.4855,0.00,0.0930
FloweringPea,0.0670,-1.6996,0.0416,0.00,0.0930
FloweringPea,0.0670,-1.6996,0.1554,0.00,0.0930
FloweringPea,0.0670,-1.6996,0.2674,0.00,0.0930
FloweringPea,0.0670,-1.6996,0.3782,0.00,0.0930
FloweringPea,0.0670,-1.6996,0.4855,0.00,0.0930
FloweringPea,0.1327,-1.6996,0.0416,0.00,0.0930
FloweringPea,0.1327,-1.6996,0.1554,0.00,0.0930
FloweringPea,0.1327,-1.6996,0.2674,0.00,0.0930
FloweringPea,0.1327,-1.6996,0.3782,0.00,0.0930
FloweringPea,0.1327,-1.6996,0.4855,0.00,0.0930
FloweringPea,0.1899,-1.6996,0.0416,0.00,0.0930
FloweringPea,0.1899,-1.6996,0.1554,0.00,0.0930
FloweringPea,0.1899,-1.6996,0.2674,0.00,0.0930
FloweringPea,0.1899,-1.6996,0.3782,0.00,0.0930
FloweringPea,0.1899,-1.6996,0.4855,0.00,0.0930
FloweringPea,0.2607,-1.6996,0.0416,0.00,0.0930
FloweringPea,0.2607,-1.6996,0.1554,0.00,0.0930
FloweringPea,0.2607,-1.6996,0.2674,0.00,0.0930
FloweringPea,0.2607,-1.6996,0.3782,0.00,0.0930
FloweringPea,0.2607,-1.6996,0.4855,0.00,0.0930
FloweringPea,0.3293,-1.6996,0.0416,0.00,0.0930
FloweringPea,0.3293,-1.6996,0.1554,0.00,0.0930
FloweringPea,0.3293,-1.6996,0.2674,0.00,0.0930
FloweringPea,0.3293,-1.6996,0.3782,0.00,0.0930
FloweringPea,0.3293,-1.6996,0.4855,0.00,0.0930
FloweringPea,0.3961,-1.6996,0.0416,0.00,0.0930
FloweringPea,0.3961,-1.6996,0.1554,0.00,0.0930
FloweringPea,0.3961,-1.6996,0.2674,0.00,0.0930
FloweringPea,0.3961,-1.6996,0.3782,0.00,0.0930
FloweringPea,0.3961,-1.6996,0.4855,0.00,0.0930
FloweringPea,0.4696,-1.6996,0.0416,0.00,0.0930
FloweringPea,0.4696,-1.6996,0.1554,0.00,0.0930
FloweringPea,0.4696,-1.6996,0.2674,0.00,0.0930
FloweringPea,0.4696,-1.6996,0.3782,0.00,0.0930
FloweringPea,0.4696,-1.6996,0.4855,0.00,0.0930
FloweringPea,0.5353,-1.6996,0.0416,0.00,0.0930
FloweringPea,0.5353,-1.6996,0.1554,0.00,0.0930
FloweringPea,0.5353,-1.6996,0.2674,0.00,0.0930
FloweringPea,0.5353,-1.6996,0.3782,0.00,0.0930
FloweringPea,0.5353,-1.6996,0.4855,0.00,0.0930
Grapes,4.7791,1.5043,22.0799,-19.60,0.0432
Grapes,4.9962,1.5043,22.1852,-19.60,0.0432
Grapes,4.8647,1.3861,22.3217,-19.60,0.0432
Grapes,4.8544,1.3861,22.0616,-19.60,0.0432
Grapes,4.4857,1.5043,22.0487,-19.60,0.0432
Grapes,4.6626,1.4937,22.1539,-19.60,0.0432
Grapes,4.5872,1.3861,22.2904,-19.60,0.0432
Grapes,4.5769,1.3861,22.0303,-19.60,0.0432
Grapes,1.8689,1.5043,28.9657,0.00,0.0432
Grapes,1.9092,1.5043,29.0918,0.00,0.0432
Grapes,1.9306,1.3861,29.2443,0.00,0.0432
Grapes,2.0082,1.3861,28.9958,0.00,0.0432
Grapes,4.7791,1.5043,22.0799,-19.60,0.0432
Grapes,4.9962,1.5043,22.1852,-19.60,0.0432
Grapes,4.8647,1.3861,22.3217,-19.60,0.0432
Grapes,4.8544,1.3861,22.0616,-19.60,0.0432
Grapes,4.4857,1.5043,22.0487,-19.60,0.0432
Grapes,4.6626,1.4937,22.1539,-19.60,0.0432
Grapes,4.5872,1.3861,22.2904,-19.60,0.0432
Grapes,4.5769,1.3861,22.0303,-19.60,0.0432
Grapes,1.8689,1.5043,28.9657,0.00,0.0432
Grapes,1.9092,1.5043,29.0918,0.00,0.0432
Grapes,1.9306,1.3861,29.2443,0.00,0.0432
Grapes,2.0082,1.3861,28.9958,0.00,0.0432
Grapes,0.2808,1.5043,21.0725,-19.60,0.0432
Grapes,0.4980,1.5043,21.1777,-19.60,0.0432
Grapes,0.3665,1.3861,21.3142,-19.60,0.0432
Grapes,0.3562,1.3861,21.0541,-19.60,0.0432
Grapes,1.7504,1.5043,21.0878,-19.60,0.0432
Grapes,1.9676,1.5043,21.1931,-19.60,0.0432
Grapes,1.8361,1.3861,21.3296,-19.60,0.0432
Grapes,1.8258,1.3861,21.0695,-19.60,0.0432
Grapes,1.7781,1.5043,22.0700,-19.60,0.0432
Grapes,1.9953,1.5043,22.1753,-19.60,0.0432
Grapes,1.8637,1.3861,22.3118,-19.60,0.0432
Grapes,1.8534,1.3861,22.0516,-19.60,0.0432
Grapes,3.2719,1.5043,22.0593,-19.60,0.0432
Grapes,3.4890,1.5043,22.1646,-19.60,0.0432
Grapes,3.3575,1.3861,22.3011,-19.60,0.0432
Grapes,3.3472,1.3861,22.0410,-19.60,0.0432
Grapes,3.2640,1.5043,21.0558,-19.60,0.0432
Grapes,3.4812,1.5043,21.1611,-19.60,0.0432
Grapes,3.3496,1.3861,21.2976,-19.60,0.0432
Grapes,3.3393,1.3861,21.0375,-19.60,0.0432
Grapes,4.7624,1.5043,21.0802,-19.60,0.0432
Grapes,4.9796,1.5043,21.1855,-19.60,0.0432
Grapes,4.8480,1.3861,21.3220,-19.60,0.0432
Grapes,4.8377,1.3861,21.0619,-19.60,0.0432
Grapes,-0.0125,1.5043,21.0412,-19.60,0.0432
Grapes,0.1643,1.4937,21.1465,-19.60,0.0432
Grapes,0.0890,1.3861,21.2830,-19.60,0.0432
Grapes,0.0787,1.3861,21.0229,-19.60,0.0432
Grapes,1.4571,1.5043,21.0566,-19.60,0.0432
Grapes,1.6339,1.4937,21.1618,-19.60,0.0432
Grapes,1.5586,1.3861,21.2983,-19.60,0.0432
Grapes,1.5483,1.3861,21.0382,-19.60,0.0432
Grapes,1.4848,1.5043,22.0387,-19.60,0.0432
Grapes,1.6616,1.4937,22.1440,-19.60,0.0432
Grapes,1.5863,1.3861,22.2805,-19.60,0.0432
Grapes,1.5760,1.3861,22.0204,-19.60,0.0432
Grapes,2.9786,1.5043,22.0281,-19.60,0.0432
Grapes,3.1554,1.4937,22.1333,-19.60,0.0432
Grapes,3.0801,1.3861,22.2698,-19.60,0.0432
Grapes,3.0698,1.3861,22.0097,-19.60,0.0432
Grapes,2.9707,1.5043,21.0246,-19.60,0.0432
Grapes,3.1475,1.4937,21.1299,-19.60,0.0432
Grapes,3.0722,1.3861,21.2664,-19.60,0.0432
Grapes,3.0619,1.3861,21.0062,-19.60,0.0432
Grapes,4.4691,1.5043,21.0489,-19.60,0.0432
Grapes,4.6459,1.4937,21.1542,-19.60,0.0432
Grapes,4.5706,1.3861,21.2907,-19.60,0.0432
Grapes,4.5603,1.3861,21.0306,-19.60,0.0432
Grapes,0.3129,1.5043,28.9418,0.00,0.0432
Grapes,0.3532,1.5043,29.0679,0.00,0.0432
Grapes,0.3746,1.3861,29.2205,0.00,0.0432
Grapes,0.4522,1.3861,28.9720,0.00,0.0432
Grapes,-1.1576,1.5043,28.9418,0.00,0.0432
Grapes,-1.1173,1.5043,29.0679,0.00,0.0432
Grapes,-1.0958,1.3861,29.2205,0.00,0.0432
Grapes,-1.0182,1.3861,28.9720,0.00,0.0432
Grapes,-2.5782,1.5043,27.9483,0.00,0.0432
Grapes,-2.5380,1.5043,28.0744,0.00,0.0432
Grapes,-2.5165,1.3861,28.2269,0.00,0.0432
Grapes,-2.4389,1.3861,27.9784,0.00,0.0432
Grapes,-1.1245,1.5043,27.9483,0.00,0.0432
Grapes,-1.0842,1.5043,28.0744,0.00,0.0432
Grapes,-1.0628,1.3861,28.2269,0.00,0.0432
Grapes,-0.9852,1.3861,27.9784,0.00,0.0432
Grapes,0.3297,1.5043,27.9483,0.00,0.0432
Grapes,0.3700,1.5043,28.0744,0.00,0.0432
Grapes,0.3915,1.3861,28.2269,0.00,0.0432
Grapes,0.4690,1.3861,27.9784,0.00,0.0432
Grapes,1.8197,1.5043,27.9483,0.00,0.0432
Grapes,1.8600,1.5043,28.0744,0.00,0.0432
Grapes,1.8815,1.3861,28.2269,0.00,0.0432
Grapes,1.9591,1.3861,27.9784,0.00,0.0432
Grapes,4.7533,1.5043,-6.9375,-19.60,0.0432
Grapes,4.9704,1.5043,-6.8322,-19.60,0.0432
Grapes,4.8389,1.3861,-6.6957,-19.60,0.0432
Grapes,4.8286,1.3861,-6.9558,-19.60,0.0432
Grapes,3.2430,1.5043,-6.9375,-19.60,0.0432
Grapes,3.4602,1.5043,-6.8322,-19.60,0.0432
Grapes,3.3286,1.3861,-6.6957,-19.60,0.0432
Grapes,3.3183,1.3861,-6.9558,-19.60,0.0432
Grapes,1.7771,1.5043,-6.9375,-19.60,0.0432
Grapes,1.9942,1.5043,-6.8322,-19.60,0.0432
Grapes,1.8627,1.3861,-6.6957,-19.60,0.0432
Grapes,1.8524,1.3861,-6.9558,-19.60,0.0432
Grapes,0.2587,1.5043,-5.9295,-19.60,0.0432
Grapes,0.4759,1.5043,-5.8243,-19.60,0.0432
Grapes,0.3443,1.3861,-5.6878,-19.60,0.0432
Grapes,0.3340,1.3861,-5.9479,-19.60,0.0432
Grapes,3.2363,1.5043,-5.9295,-19.60,0.0432
Grapes,3.4534,1.5043,-5.8243,-19.60,0.0432
Grapes,3.3219,1.3861,-5.6878,-19.60,0.0432
Grapes,3.3116,1.3861,-5.9479,-19.60,0.0432
Grapes,1.7719,1.5043,-5.9295,-19.60,0.0432
Grapes,1.9890,1.5043,-5.8243,-19.60,0.0432
Grapes,1.8575,1.3861,-5.6878,-19.60,0.0432
Grapes,1.8472,1.3861,-5.9479,-19.60,0.0432
Grapes,4.4599,1.5043,-6.9687,-19.60,0.0432
Grapes,4.6367,1.4937,-6.8634,-19.60,0.0432
Grapes,4.5614,1.3861,-6.7269,-19.60,0.0432
Grapes,4.5511,1.3861,-6.9871,-19.60,0.0432
Grapes,2.9497,1.5043,-6.9687,-19.60,0.0432
Grapes,3.1265,1.4937,-6.8634,-19.60,0.0432
Grapes,3.0512,1.3861,-6.7269,-19.60,0.0432
Grapes,3.0409,1.3861,-6.9871,-19.60,0.0432
Grapes,1.4837,1.5043,-6.9687,-19.60,0.0432
Grapes,1.6605,1.4937,-6.8634,-19.60,0.0432
Grapes,1.5852,1.3861,-6.7269,-19.60,0.0432
Grapes,1.5749,1.3861,-6.9871,-19.60,0.0432
Grapes,-0.0346,1.5043,-5.9608,-19.60,0.0432
Grapes,0.1422,1.4937,-5.8555,-19.60,0.0432
Grapes,0.0669,1.3861,-5.7190,-19.60,0.0432
Grapes,0.0566,1.3861,-5.9791,-19.60,0.0432
Grapes,2.9430,1.5043,-5.9608,-19.60,0.0432
Grapes,3.1198,1.4937,-5.8555,-19.60,0.0432
Grapes,3.0445,1.3861,-5.7190,-19.60,0.0432
Grapes,3.0342,1.3861,-5.9791,-19.60,0.0432
Grapes,1.4786,1.5043,-5.9608,-19.60,0.0432
Grapes,1.6554,1.4937,-5.8555,-19.60,0.0432
Grapes,1.5801,1.3861,-5.7190,-19.60,0.0432
Grapes,1.5698,1.3861,-5.9791,-19.60,0.0432
Grapes,1.8343,1.5043,-0.0745,0.00,0.0432
Grapes,1.8746,1.5043,0.0516,0.00,0.0432
Grapes,1.8961,1.3861,0.2042,0.00,0.0432
Grapes,1.9736,1.3861,-0.0444,0.00,0.0432
Grapes,0.3241,1.5043,-0.0745,0.00,0.0432
Grapes,0.3643,1.5043,0.0516,0.00,0.0432
Grapes,0.3858,1.3861,0.2042,0.00,0.0432
Grapes,0.4634,1.3861,-0.0444,0.00,0.0432
Grapes,-1.1419,1.5043,-0.0745,0.00,0.0432
Grapes,-1.1016,1.5043,0.0516,0.00,0.0432
Grapes,-1.0801,1.3861,0.2042,0.00,0.0432
Grapes,-1.0026,1.3861,-0.0444,0.00,0.0432
Grapes,-2.6603,1.5043,0.9334,0.00,0.0432
Grapes,-2.6200,1.5043,1.0595,0.00,0.0432
Grapes,-2.5985,1.3861,1.2121,0.00,0.0432
Grapes,-2.5209,1.3861,0.9636,0.00,0.0432
Grapes,0.3173,1.5043,0.9334,0.00,0.0432
Grapes,0.3576,1.5043,1.0595,0.00,0.0432
Grapes,0.3791,1.3861,1.2121,0.00,0.0432
Grapes,0.4566,1.3861,0.9636,0.00,0.0432
Grapes,-1.1471,1.5043,0.9334,0.00,0.0432
Grapes,-1.1068,1.5043,1.0595,0.00,0.0432
Grapes,-1.0853,1.3861,1.2121,0.00,0.0432
Grapes,-1.0078,1.3861,0.9636,0.00,0.0432
Grapes,4.8033,1.5043,-5.9295,-19.60,0.0432
Grapes,5.0204,1.5043,-5.8243,-19.60,0.0432
Grapes,4.8889,1.3861,-5.6878,-19.60,0.0432
Grapes,4.8786,1.3861,-5.9479,-19.60,0.0432
Grapes,4.5099,1.5043,-5.9608,-19.60,0.0432
Grapes,4.6868,1.4937,-5.8555,-19.60,0.0432
Grapes,4.6115,1.3861,-5.7190,-19.60,0.0432
Grapes,4.6012,1.3861,-5.9791,-19.60,0.0432
Grapes,1.8843,1.5043,0.9334,0.00,0.0432
Grapes,1.9246,1.5043,1.0595,0.00,0.0432
Grapes,1.9461,1.3861,1.2121,0.00,0.0432
Grapes,2.0236,1.3861,0.9636,0.00,0.0432
Lettuce,-10.5482,-0.4951,16.5967,0.00,0.1205
Lettuce,-10.5482,-0.4951,16.8440,0.00,0.1205
Lettuce,-10.2778,-0.4951,16.5967,0.00,0.1205
Lettuce,-10.2778,-0.4951,16.8440,0.00,0.1205
Lettuce,-10.0085,-0.4951,16.8440,0.00,0.1205
Lettuce,-10.0085,-0.4951,16.5967,0.00,0.1205
Lettuce,-11.8990,-0.4951,16.5967,0.00,0.1205
Lettuce,-11.8990,-0.4951,16.8440,0.00,0.1205
Lettuce,-11.6286,-0.4951,16.5967,0.00,0.1205
Lettuce,-11.6286,-0.4951,16.8440,0.00,0.1205
Lettuce,-11.3594,-0.4951,16.8440,0.00,0.1205
Lettuce,-11.3594,-0.4951,16.5967,0.00,0.1205
Lettuce,-13.2435,-0.4951,16.5967,0.00,0.1205
Lettuce,-13.2435,-0.4951,16.8440,0.00,0.1205
Lettuce,-12.9731,-0.4951,16.5967,0.00,0.1205
Lettuce,-12.9731,-0.4951,16.8440,0.00,0.1205
Lettuce,-12.7038,-0.4951,16.8440,0.00,0.1205
Lettuce,-12.7038,-0.4951,16.5967,0.00,0.1205
Lettuce,-9.2201,-0.4951,16.5967,0.00,0.1205
Lettuce,-9.2201,-0.4951,16.8440,0.00,0.1205
Lettuce,-8.9498,-0.4951,16.5967,0.00,0.1205
Lettuce,-8.9498,-0.4951,16.8440,0.00,0.1205
Lettuce,-8.6805,-0.4951,16.8440,0.00,0.1205
Lettuce,-8.6805,-0.4951,16.5967,0.00,0.1205
Lettuce,-7.8757,-0.4951,16.5967,0.00,0.1205
Lettuce,-7.8757,-0.4951,16.8440,0.00,0.1205
Lettuce,-7.6053,-0.4951,16.5967,0.00,0.1205
Lettuce,-7.6053,-0.4951,16.8440,0.00,0.1205
Lettuce,-7.3360,-0.4951,16.8440,0.00,0.1205
Lettuce,-7.3360,-0.4951,16.5967,0.00,0.1205
Lettuce,-6.5248,-0.4951,16.5967,0.00,0.1205
Lettuce,-6.5248,-0.4951,16.8440,0.00,0.1205
Lettuce,-6.2544,-0.4951,16.5967,0.00,0.1205
Lettuce,-6.2544,-0.4951,16.8440,0.00,0.1205
Lettuce,-5.9852,-0.4951,16.8440,0.00,0.1205
Lettuce,-5.9852,-0.4951,16.5967,0.00,0.1205
Lettuce,-10.5482,-0.4951,0.2358,0.00,0.1205
Lettuce,-10.5482,-0.4951,0.4832,0.00,0.1205
Lettuce,-10.2778,-0.4951,0.2358,0.00,0.1205
Lettuce,-10.2778,-0.4951,0.4832,0.00,0.1205
Lettuce,-10.0085,-0.4951,0.4832,0.00,0.1205
Lettuce,-10.0085,-0.4951,0.2358,0.00,0.1205
Lettuce,-11.8990,-0.4951,0.2358,0.00,0.1205
Lettuce,-11.8990,-0.4951,0.4832,0.00,0.1205
Lettuce,-11.6286,-0.4951,0.2358,0.00,0.1205
Lettuce,-11.6286,-0.4951,0.4832,0.00,0.1205
Lettuce,-11.3594,-0.4951,0.4832,0.00,0.1205
Lettuce,-11.3594,-0.4951,0.2358,0.00,0.1205
Lettuce,-13.2435,-0.4951,0.2358,0.00,0.1205
Lettuce,-13.2435,-0.4951,0.4832,0.00,0.1205
Lettuce,-12.9731,-0.4951,0.2358,0.00,0.1205
Lettuce,-12.9731,-0.4951,0.4832,0.00,0.1205
Lettuce,-12.7038,-0.4951,0.4832,0.00,0.1205
Lettuce,-12.7038,-0.4951,0.2358,0.00,0.1205
Lettuce,-9.2201,-0.4951,0.2358,0.00,0.1205
Lettuce,-9.2201,-0.4951,0.4832,0.00,0.1205
Lettuce,-8.9498,-0.4951,0.2358,0.00,0.1205
Lettuce,-8.9498,-0.4951,0.4832,0.00,0.1205
Lettuce,-8.6805,-0.4951,0.4832,0.00,0.1205
Lettuce,-8.6805,-0.4951,0.2358,0.00,0.1205
Lettuce,-7.8757,-0.4951,0.2358,0.00,0.1205
Lettuce,-7.8757,-0.4951,0.4832,0.00,0.1205
Lettuce,-7.6053,-0.4951,0.2358,0.00,0.1205
Lettuce,-7.6053,-0.4951,0.4832,0.00,0.1205
Lettuce,-7.3360,-0.4951,0.4832,0.00,0.1205
Lettuce,-7.3360,-0.4951,0.2358,0.00,0.1205
Lettuce,-6.5248,-0.4951,0.2358,0.00,0.1205
Lettuce,-6.5248,-0.4951,0.4832,0.00,0.1205
Lettuce,-6.2544,-0.4951,0.2358,0.00,0.1205
Lettuce,-6.2544,-0.4951,0.4832,0.00,0.1205
Lettuce,-5.9852,-0.4951,0.4832,0.00,0.1205
Lettuce,-5.9852,-0.4951,0.2358,0.00,0.1205
Onion,-5.5623,-1.3154,18.2181,0.00,0.1366
Onion,-5.5623,-1.3154,18.1154,0.00,0.1366
Onion,-5.5623,-1.3154,18.0141,0.00,0.1366
Onion,-5.5623,-1.3154,17.9070,0.00,0.1366
Onion,-5.5623,-1.3154,18.3237,0.00,0.1366
Onion,-5.4878,-1.3154,18.2181,0.00,0.1366
Onion,-5.4878,-1.3154,18.1154,0.00,0.1366
Onion,-5.4878,-1.3154,18.0141,0.00,0.1366
Onion,-5.4878,-1.3154,17.9070,0.00,0.1366
Onion,-5.4878,-1.3154,18.3237,0.00,0.1366
Onion,-5.4063,-1.3154,18.2181,0.00,0.1366
Onion,-5.4063,-1.3154,18.1154,0.00,0.1366
Onion,-5.4063,-1.3154,18.0141,0.00,0.1366
Onion,-5.4063,-1.3154,17.9070,0.00,0.1366
Onion,-5.4063,-1.3154,18.3237,0.00,0.1366
Onion,-5.3301,-1.3154,18.2181,0.00,0.1366
Onion,-5.3301,-1.3154,18.1154,0.00,0.1366
Onion,-5.3301,-1.3154,18.0141,0.00,0.1366
Onion,-5.3301,-1.3154,17.9070,0.00,0.1366
Onion,-5.3301,-1.3154,18.3237,0.00,0.1366
Onion,-5.2515,-1.3154,18.2181,0.00,0.1366
Onion,-5.2515,-1.3154,18.1154,0.00,0.1366
Onion,-5.2515,-1.3154,18.0141,0.00,0.1366
Onion,-5.2515,-1.3154,17.9070,0.00,0.1366
Onion,-5.2515,-1.3154,18.3237,0.00,0.1366
Onion,-5.1650,-1.3154,18.2181,0.00,0.1366
Onion,-5.1650,-1.3154,18.1154,0.00,0.1366
Onion,-5.1650,-1.3154,18.0141,0.00,0.1366
Onion,-5.1650,-1.3154,17.9070,0.00,0.1366
Onion,-5.1650,-1.3154,18.3237,0.00,0.1366
Onion,-5.0846,-1.3154,18.2181,0.00,0.1366
Onion,-5.0846,-1.3154,18.1154,0.00,0.1366
Onion,-5.0846,-1.3154,18.0141,0.00,0.1366
Onion,-5.0846,-1.3154,17.9070,0.00,0.1366
Onion,-5.0846,-1.3154,18.3237,0.00,0.1366
Onion,-5.0052,-1.3154,18.2181,0.00,0.1366
Onion,-5.0052,-1.3154,18.1154,0.00,0.1366
Onion,-5.0052,-1.3154,18.0141,0.00,0.1366
Onion,-5.0052,-1.3154,17.9070,0.00,0.1366
Onion,-5.0052,-1.3154,18.3237,0.00,0.1366
Onion,-4.9214,-1.3154,18.2181,0.00,0.1366
Onion,-4.9214,-1.3154,18.1154,0.00,0.1366
Onion,-4.9214,-1.3154,18.0141,0.00,0.1366
Onion,-4.9214,-1.3154,17.9070,0.00,0.1366
Onion,-4.9214,-1.3154,18.3237,0.00,0.1366
Onion,-4.8394,-1.3154,18.2181,0.00,0.1366
Onion,-4.8394,-1.3154,18.1154,0.00,0.1366
Onion,-4.8394,-1.3154,18.0141,0.00,0.1366
Onion,-4.8394,-1.3154,17.9070,0.00,0.1366
Onion,-4.8394,-1.3154,18.3237,0.00,0.1366
Onion,-4.7559,-1.3154,18.3237,0.00,0.1366
Onion,-4.7559,-1.3154,18.2181,0.00,0.1366
Onion,-4.7559,-1.3154,18.1154,0.00,0.1366
Onion,-4.7559,-1.3154,18.0141,0.00,0.1366
Onion,-4.7559,-1.3154,17.9070,0.00,0.1366
Onion,-2.9321,-1.3154,18.2181,0.00,0.1366
Onion,-2.9321,-1.3154,18.1154,0.00,0.1366
Onion,-2.9321,-1.3154,18.0141,0.00,0.1366
Onion,-2.9321,-1.3154,17.9070,0.00,0.1366
Onion,-2.9321,-1.3154,18.3237,0.00,0.1366
Onion,-2.8577,-1.3154,18.2181,0.00,0.1366
Onion,-2.8577,-1.3154,18.1154,0.00,0.1366
Onion,-2.8577,-1.3154,18.0141,0.00,0.1366
Onion,-2.8577,-1.3154,17.9070,0.00,0.1366
Onion,-2.8577,-1.3154,18.3237,0.00,0.1366
Onion,-2.7761,-1.3154,18.2181,0.00,0.1366
Onion,-2.7761,-1.3154,18.1154,0.00,0.1366
Onion,-2.7761,-1.3154,18.0141,0.00,0.1366
Onion,-2.7761,-1.3154,17.9070,0.00,0.1366
Onion,-2.7761,-1.3154,18.3237,0.00,0.1366
Onion,-2.6999,-1.3154,18.2181,0.00,0.1366
Onion,-2.6999,-1.3154,18.1154,0.00,0.1366
Onion,-2.6999,-1.3154,18.0141,0.00,0.1366
Onion,-2.6999,-1.3154,17.9070,0.00,0.1366
Onion,-2.6999,-1.3154,18.3237,0.00,0.1366
Onion,-2.6214,-1.3154,18.2181,0.00,0.1366
Onion,-2.6214,-1.3154,18.1154,0.00,0.1366
Onion,-2.6214,-1.3154,18.0141,0.00,0.1366
Onion,-2.6214,-1.3154,17.9070,0.00,0.1366
Onion,-2.6214,-1.3154,18.3237,0.00,0.1366
Onion,-2.5349,-1.3154,18.2181,0.00,0.1366
Onion,-2.5349,-1.3154,18.1154,0.00,0.1366
Onion,-2.5349,-1.3154,18.0141,0.00,0.1366
Onion,-2.5349,-1.3154,17.9070,0.00,0.1366
Onion,-2.5349,-1.3154,18.3237,0.00,0.1366
Onion,-2.4545,-1.3154,18.2181,0.00,0.1366
Onion,-2.4545,-1.3154,18.1154,0.00,0.1366
Onion,-2.4545,-1.3154,18.0141,0.00,0.1366
Onion,-2.4545,-1.3154,17.9070,0.00,0.1366
Onion,-2.4545,-1.3154,18.3237,0.00,0.1366
Onion,-2.3750,-1.3154,18.2181,0.00,0.1366
Onion,-2.3750,-1.3154,18.1154,0.00,0.1366
Onion,-2.3750,-1.3154,18.0141,0.00,0.1366
Onion,-2.3750,-1.3154,17.9070,0.00,0.1366
Onion,-2.3750,-1.3154,18.3237,0.00,0.1366
Onion,-2.2912,-1.3154,18.2181,0.00,0.1366
Onion,-2.2912,-1.3154,18.1154,0.00,0.1366
Onion,-2.2912,-1.3154,18.0141,0.00,0.1366
Onion,-2.2912,-1.3154,17.9070,0.00,0.1366
Onion,-2.2912,-1.3154,18.3237,0.00,0.1366
Onion,-2.2093,-1.3154,18.2181,0.00,0.1366
Onion,-2.2093,-1.3154,18.1154,0.00,0.1366
Onion,-2.2093,-1.3154,18.0141,0.00,0.1366
Onion,-2.2093,-1.3154,17.9070,0.00,0.1366
Onion,-2.2093,-1.3154,18.3237,0.00,0.1366
Onion,-2.1257,-1.3154,18.3237,0.00,0.1366
Onion,-2.1257,-1.3154,18.2181,0.00,0.1366
Onion,-2.1257,-1.3154,18.1154,0.00,0.1366
Onion,-2.1257,-1.3154,18.0141,0.00,0.1366
Onion,-2.1257,-1.3154,17.9070,0.00,0.1366
Onion,-4.2699,-1.3154,18.2181,0.00,0.1366
Onion,-4.2699,-1.3154,18.1154,0.00,0.1366
Onion,-4.2699,-1.3154,18.0141,0.00,0.1366
Onion,-4.2699,-1.3154,17.9070,0.00,0.1366
Onion,-4.2699,-1.3154,18.3237,0.00,0.1366
Onion,-4.1954,-1.3154,18.2181,0.00,0.1366
Onion,-4.1954,-1.3154,18.1154,0.00,0.1366
Onion,-4.1954,-1.3154,18.0141,0.00,0.1366
Onion,-4.1954,-1.3154,17.9070,0.00,0.1366
Onion,-4.1954,-1.3154,18.3237,0.00,0.1366
Onion,-4.1139,-1.3154,18.2181,0.00,0.1366
Onion,-4.1139,-1.3154,18.1154,0.00,0.1366
Onion,-4.1139,-1.3154,18.0141,0.00,0.1366
Onion,-4.1139,-1.3154,17.9070,0.00,0.1366
Onion,-4.1139,-1.3154,18.3237,0.00,0.1366
Onion,-4.0377,-1.3154,18.2181,0.00,0.1366
Onion,-4.0377,-1.3154,18.1154,0.00,0.1366
Onion,-4.0377,-1.3154,18.0141,0.00,0.1366
Onion,-4.0377,-1.3154,17.9070,0.00,0.1366
Onion,-4.0377,-1.3154,18.3237,0.00,0.1366
Onion,-3.9591,-1.3154,18.2181,0.00,0.1366
Onion,-3.9591,-1.3154,18.1154,0.00,0.1366
Onion,-3.9591,-1.3154,18.0141,0.00,0.1366
Onion,-3.9591,-1.3154,17.9070,0.00,0.1366
Onion,-3.9591,-1.3154,18.3237,0.00,0.1366
Onion,-3.8726,-1.3154,18.2181,0.00,0.1366
Onion,-3.8726,-1.3154,18.1154,0.00,0.1366
Onion,-3.8726,-1.3154,18.0141,0.00,0.1366
Onion,-3.8726,-1.3154,17.9070,0.00,0.1366
Onion,-3.8726,-1.3154,18.3237,0.00,0.1366
Onion,-3.7923,-1.3154,18.2181,0.00,0.1366
Onion,-3.7923,-1.3154,18.1154,0.00,0.1366
Onion,-3.7923,-1.3154,18.0141,0.00,0.1366
Onion,-3.7923,-1.3154,17.9070,0.00,0.1366
Onion,-3.7923,-1.3154,18.3237,0.00,0.1366
Onion,-3.7128,-1.3154,18.2181,0.00,0.1366
Onion,-3.7128,-1.3154,18.1154,0.00,0.1366
Onion,-3.7128,-1.3154,18.0141,0.00,0.1366
Onion,-3.7128,-1.3154,17.9070,0.00,0.1366
Onion,-3.7128,-1.3154,18.3237,0.00,0.1366
Onion,-3.6290,-1.3154,18.2181,0.00,0.1366
Onion,-3.6290,-1.3154,18.1154,0.00,0.1366
Onion,-3.6290,-1.3154,18.0141,0.00,0.1366
Onion,-3.6290,-1.3154,17.9070,0.00,0.1366
Onion,-3.6290,-1.3154,18.3237,0.00,0.1366
Onion,-3.5471,-1.3154,18.2181,0.00,0.1366
Onion,-3.5471,-1.3154,18.1154,0.00,0.1366
Onion,-3.5471,-1.3154,18.0141,0.00,0.1366
Onion,-3.5471,-1.3154,17.9070,0.00,0.1366
Onion,-3.5471,-1.3154,18.3237,0.00,0.1366
Onion,-3.4635,-1.3154,18.3237,0.00,0.1366
Onion,-3.4635,-1.3154,18.2181,0.00,0.1366
Onion,-3.4635,-1.3154,18.1154,0.00,0.1366
Onion,-3.4635,-1.3154,18.0141,0.00,0.1366
Onion,-3.4635,-1.3154,17.9070,0.00,0.1366
Onion,-1.6422,-1.3154,18.2181,0.00,0.1366
Onion,-1.6422,-1.3154,18.1154,0.00,0.1366
Onion,-1.6422,-1.3154,18.0141,0.00,0.1366
Onion,-1.6422,-1.3154,17.9070,0.00,0.1366
Onion,-1.6422,-1.3154,18.3237,0.00,0.1366
Onion,-1.5678,-1.3154,18.2181,0.00,0.1366
Onion,-1.5678,-1.3154,18.1154,0.00,0.1366
Onion,-1.5678,-1.3154,18.0141,0.00,0.1366
Onion,-1.5678,-1.3154,17.9070,0.00,0.1366
Onion,-1.5678,-1.3154,18.3237,0.00,0.1366
Onion,-1.4862,-1.3154,18.2181,0.00,0.1366
Onion,-1.4862,-1.3154,18.1154,0.00,0.1366
Onion,-1.4862,-1.3154,18.0141,0.00,0.1366
Onion,-1.4862,-1.3154,17.9070,0.00,0.1366
Onion,-1.4862,-1.3154,18.3237,0.00,0.1366
Onion,-1.4100,-1.3154,18.2181,0.00,0.1366
Onion,-1.4100,-1.3154,18.1154,0.00,0.1366
Onion,-1.4100,-1.3154,18.0141,0.00,0.1366
Onion,-1.4100,-1.3154,17.9070,0.00,0.1366
Onion,-1.4100,-1.3154,18.3237,0.00,0.1366
Onion,-1.3315,-1.3154,18.2181,0.00,0.1366
Onion,-1.3315,-1.3154,18.1154,0.00,0.1366
Onion,-1.3315,-1.3154,18.0141,0.00,0.1366
Onion,-1.3315,-1.3154,17.9070,0.00,0.1366
Onion,-1.3315,-1.3154,18.3237,0.00,0.1366
Onion,-1.2450,-1.3154,18.2181,0.00,0.1366
Onion,-1.2450,-1.3154,18.1154,0.00,0.1366
Onion,-1.2450,-1.3154,18.0141,0.00,0.1366
Onion,-1.2450,-1.3154,17.9070,0.00,0.1366
Onion,-1.2450,-1.3154,18.3237,0.00,0.1366
Onion,-1.1646,-1.3154,18.2181,0.00,0.1366
Onion,-1.1646,-1.3154,18.1154,0.00,0.1366
Onion,-1.1646,-1.3154,18.0141,0.00,0.1366
Onion,-1.1646,-1.3154,17.9070,0.00,0.1366
Onion,-1.1646,-1.3154,18.3237,0.00,0.1366
Onion,-1.0851,-1.3154,18.2181,0.00,0.1366
Onion,-1.0851,-1.3154,18.1154,0.00,0.1366
Onion,-1.0851,-1.3154,18.0141,0.00,0.1366
Onion,-1.0851,-1.3154,17.9070,0.00,0.1366
Onion,-1.0851,-1.3154,18.3237,0.00,0.1366
Onion,-1.0013,-1.3154,18.2181,0.00,0.1366
Onion,-1.0013,-1.3154,18.1154,0.00,0.1366
Onion,-1.0013,-1.3154,18.0141,0.00,0.1366
Onion,-1.0013,-1.3154,17.9070,0.00,0.1366
Onion,-1.0013,-1.3154,18.3237,0.00,0.1366
Onion,-0.9194,-1.3154,18.2181,0.00,0.1366
Onion,-0.9194,-1.3154,18.1154,0.00,0.1366
Onion,-0.9194,-1.3154,18.0141,0.00,0.1366
Onion,-0.9194,-1.3154,17.9070,0.00,0.1366
Onion,-0.9194,-1.3154,18.3237,0.00,0.1366
Onion,-0.8358,-1.3154,18.3237,0.00,0.1366
Onion,-0.8358,-1.3154,18.2181,0.00,0.1366
Onion,-0.8358,-1.3154,18.1154,0.00,0.1366
Onion,-0.8358,-1.3154,18.0141,0.00,0.1366
Onion,-0.8358,-1.3154,17.9070,0.00,0.1366
Onion,-0.2802,-1.3154,18.2181,0.00,0.1366
Onion,-0.2802,-1.3154,18.1154,0.00,0.1366
Onion,-0.2802,-1.3154,18.0141,0.00,0.1366
Onion,-0.2802,-1.3154,17.9070,0.00,0.1366
Onion,-0.2802,-1.3154,18.3237,0.00,0.1366
Onion,-0.2057,-1.3154,18.2181,0.00,0.1366
Onion,-0.2057,-1.3154,18.1154,0.00,0.1366
Onion,-0.2057,-1.3154,18.0141,0.00,0.1366
Onion,-0.2057,-1.3154,17.9070,0.00,0.1366
Onion,-0.2057,-1.3154,18.3237,0.00,0.1366
Onion,-0.1241,-1.3154,18.2181,0.00,0.1366
Onion,-0.1241,-1.3154,18.1154,0.00,0.1366
Onion,-0.1241,-1.3154,18.0141,0.00,0.1366
Onion,-0.1241,-1.3154,17.9070,0.00,0.1366
Onion,-0.1241,-1.3154,18.3237,0.00,0.1366
Onion,-0.0480,-1.3154,18.2181,0.00,0.1366
Onion,-0.0480,-1.3154,18.1154,0.00,0.1366
Onion,-0.0480,-1.3154,18.0141,0.00,0.1366
Onion,-0.0480,-1.3154,17.9070,0.00,0.1366
Onion,-0.0480,-1.3154,18.3237,0.00,0.1366
Onion,0.0306,-1.3154,18.2181,0.00,0.1366
Onion,0.0306,-1.3154,18.1154,0.00,0.1366
Onion,0.0306,-1.3154,18.0141,0.00,0.1366
Onion,0.0306,-1.3154,17.9070,0.00,0.1366
Onion,0.0306,-1.3154,18.3237,0.00,0.1366
Onion,0.1171,-1.3154,18.2181,0.00,0.1366
Onion,0.1171,-1.3154,18.1154,0.00,0.1366
Onion,0.1171,-1.3154,18.0141,0.00,0.1366
Onion,0.1171,-1.3154,17.9070,0.00,0.1366
Onion,0.1171,-1.3154,18.3237,0.00,0.1366
Onion,0.1975,-1.3154,18.2181,0.00,0.1366
Onion,0.1975,-1.3154,18.1154,0.00,0.1366
Onion,0.1975,-1.3154,18.0141,0.00,0.1366
Onion,0.1975,-1.3154,17.9070,0.00,0.1366
Onion,0.1975,-1.3154,18.3237,0.00,0.1366
Onion,0.2769,-1.3154,18.2181,0.00,0.1366
Onion,0.2769,-1.3154,18.1154,0.00,0.1366
Onion,0.2769,-1.3154,18.0141,0.00,0.1366
Onion,0.2769,-1.3154,17.9070,0.00,0.1366
Onion,0.2769,-1.3154,18.3237,0.00,0.1366
Onion,0.3607,-1.3154,18.2181,0.00,0.1366
Onion,0.3607,-1.3154,18.1154,0.00,0.1366
Onion,0.3607,-1.3154,18.0141,0.00,0.1366
Onion,0.3607,-1.3154,17.9070,0.00,0.1366
Onion,0.3607,-1.3154,18.3237,0.00,0.1366
Onion,0.4427,-1.3154,18.2181,0.00,0.1366
Onion,0.4427,-1.3154,18.1154,0.00,0.1366
Onion,0.4427,-1.3154,18.0141,0.00,0.1366
Onion,0.4427,-1.3154,17.9070,0.00,0.1366
Onion,0.4427,-1.3154,18.3237,0.00,0.1366
Onion,0.5262,-1.3154,18.3237,0.00,0.1366
Onion,0.5262,-1.3154,18.2181,0.00,0.1366
Onion,0.5262,-1.3154,18.1154,0.00,0.1366
Onion,0.5262,-1.3154,18.0141,0.00,0.1366
Onion,0.5262,-1.3154,17.9070,0.00,0.1366
Onion,-5.5623,-1.3154,0.1407,0.00,0.1366
Onion,-5.5623,-1.3154,0.0380,0.00,0.1366
Onion,-5.5623,-1.3154,-0.0633,0.00,0.1366
Onion,-5.5623,-1.3154,-0.1704,0.00,0.1366
Onion,-5.5623,-1.3154,0.2463,0.00,0.1366
Onion,-5.4878,-1.3154,0.1407,0.00,0.1366
Onion,-5.4878,-1.3154,0.0380,0.00,0.1366
Onion,-5.4878,-1.3154,-0.0633,0.00,0.1366
Onion,-5.4878,-1.3154,-0.1704,0.00,0.1366
Onion,-5.4878,-1.3154,0.2463,0.00,0.1366
Onion,-5.4063,-1.3154,0.1407,0.00,0.1366
Onion,-5.4063,-1.3154,0.0380,0.00,0.1366
Onion,-5.4063,-1.3154,-0.0633,0.00,0.1366
Onion,-5.4063,-1.3154,-0.1704,0.00,0.1366
Onion,-5.4063,-1.3154,0.2463,0.00,0.1366
Onion,-5.3301,-1.3154,0.1407,0.00,0.1366
Onion,-5.3301,-1.3154,0.0380,0.00,0.1366
Onion,-5.3301,-1.3154,-0.0633,0.00,0.1366
Onion,-5.3301,-1.3154,-0.1704,0.00,0.1366
Onion,-5.3301,-1.3154,0.2463,0.00,0.1366
Onion,-5.2515,-1.3154,0.1407,0.00,0.1366
Onion,-5.2515,-1.3154,0.0380,0.00,0.1366
Onion,-5.2515,-1.3154,-0.0633,0.00,0.1366
Onion,-5.2515,-1.3154,-0.1704,0.00,0.1366
Onion,-5.2515,-1.3154,0.2463,0.00,0.1366
Onion,-5.1650,-1.3154,0.1407,0.00,0.1366
Onion,-5.1650,-1.3154,0.0380,0.00,0.1366
Onion,-5.1650,-1.3154,-0.0633,0.00,0.1366
Onion,-5.1650,-1.3154,-0.1704,0.00,0.1366
Onion,-5.1650,-1.3154,0.2463,0.00,0.1366
Onion,-5.0846,-1.3154,0.1407,0.00,0.1366
Onion,-5.0846,-1.3154,0.0380,0.00,0.1366
Onion,-5.0846,-1.3154,-0.0633,0.00,0.1366
Onion,-5.0846,-1.3154,-0.1704,0.00,0.1366
Onion,-5.0846,-1.3154,0.2463,0.00,0.1366
Onion,-5.0052,-1.3154,0.1407,0.00,0.1366
Onion,-5.0052,-1.3154,0.0380,0.00,0.1366
Onion,-5.0052,-1.3154,-0.0633,0.00,0.1366
Onion,-5.0052,-1.3154,-0.1704,0.00,0.1366
Onion,-5.0052,-1.3154,0.2463,0.00,0.1366
Onion,-4.9214,-1.3154,0.1407,0.00,0.1366
Onion,-4.9214,-1.3154,0.0380,0.00,0.1366
Onion,-4.9214,-1.3154,-0.0633,0.00,0.1366
Onion,-4.9214,-1.3154,-0.1704,0.00,0.1366
Onion,-4.9214,-1.3154,0.2463,0.00,0.1366
Onion,-4.8394,-1.3154,0.1407,0.00,0.1366
Onion,-4.8394,-1.3154,0.0380,0.00,0.1366
Onion,-4.8394,-1.3154,-0.0633,0.00,0.1366
Onion,-4.8394,-1.3154,-0.1704,0.00,0.1366
Onion,-4.8394,-1.3154,0.2463,0.00,0.1366
Onion,-4.7559,-1.3154,0.2463,0.00,0.1366
Onion,-4.7559,-1.3154,0.1407,0.00,0.1366
Onion,-4.7559,-1.3154,0.0380,0.00,0.1366
Onion,-4.7559,-1.3154,-0.0633,0.00,0.1366
Onion,-4.7559,-1.3154,-0.1704,0.00,0.1366
Onion,-2.9321,-1.3154,0.1407,0.00,0.1366
Onion,-2.9321,-1.3154,0.0380,0.00,0.1366
Onion,-2.9321,-1.3154,-0.0633,0.00,0.1366
Onion,-2.9321,-1.3154,-0.1704,0.00,0.1366
Onion,-2.9321,-1.3154,0.2463,0.00,0.1366
Onion,-2.8577,-1.3154,0.1407,0.00,0.1366
Onion,-2.8577,-1.3154,0.0380,0.00,0.1366
Onion,-2.8577,-1.3154,-0.0633,0.00,0.1366
Onion,-2.8577,-1.3154,-0.1704,0.00,0.1366
Onion,-2.8577,-1.3154,0.2463,0.00,0.1366
Onion,-2.7761,-1.3154,0.1407,0.00,0.1366
Onion,-2.7761,-1.3154,0.0380,0.00,0.1366
Onion,-2.7761,-1.3154,-0.0633,0.00,0.1366
Onion,-2.7761,-1.3154,-0.1704,0.00,0.1366
Onion,-2.7761,-1.3154,0.2463,0.00,0.1366
Onion,-2.6999,-1.3154,0.1407,0.00,0.1366
Onion,-2.6999,-1.3154,0.0380,0.00,0.1366
Onion,-2.6999,-1.3154,-0.0633,0.00,0.1366
Onion,-2.6999,-1.3154,-0.1704,0.00,0.1366
Onion,-2.6999,-1.3154,0.2463,0.00,0.1366
Onion,-2.6214,-1.3154,0.1407,0.00,0.1366
Onion,-2.6214,-1.3154,0.0380,0.00,0.1366
Onion,-2.6214,-1.3154,-0.0633,0.00,0.1366
Onion,-2.6214,-1.3154,-0.1704,0.00,0.1366
Onion,-2.6214,-1.3154,0.2463,0.00,0.1366
Onion,-2.5349,-1.3154,0.1407,0.00,0.1366
Onion,-2.5349,-1.3154,0.0380,0.00,0.1366
Onion,-2.5349,-1.3154,-0.0633,0.00,0.1366
Onion,-2.5349,-1.3154,-0.1704,0.00,0.1366
Onion,-2.5349,-1.3154,0.2463,0.00,0.1366
Onion,-2.4545,-1.3154,0.1407,0.00,0.1366
Onion,-2.4545,-1.3154,0.0380,0.00,0.1366
Onion,-2.4545,-1.3154,-0.0633,0.00,0.1366
Onion,-2.4545,-1.3154,-0.1704,0.00,0.1366
Onion,-2.4545,-1.3154,0.2463,0.00,0.1366
Onion,-2.3750,-1.3154,0.1407,0.00,0.1366
Onion,-2.3750,-1.3154,0.0380,0.00,0.1366
Onion,-2.3750,-1.3154,-0.0633,0.00,0.1366
Onion,-2.3750,-1.3154,-0.1704,0.00,0.1366
Onion,-2.3750,-1.3154,0.2463,0.00,0.1366
Onion,-2.2912,-1.3154,0.1407,0.00,0.1366
Onion,-2.2912,-1.3154,0.0380,0.00,0.1366
Onion,-2.2912,-1.3154,-0.0633,0.00,0.1366
Onion,-2.2912,-1.3154,-0.1704,0.00,0.1366
Onion,-2.2912,-1.3154,0.2463,0.00,0.1366
Onion,-2.2093,-1.3154,0.1407,0.00,0.1366
Onion,-2.2093,-1.3154,0.0380,0.00,0.1366
Onion,-2.2093,-1.3154,-0.0633,0.00,0.1366
Onion,-2.2093,-1.3154,-0.1704,0.00,0.1366
Onion,-2.2093,-1.3154,0.2463,0.00,0.1366
Onion,-2.1257,-1.3154,0.2463,0.00,0.1366
Onion,-2.1257,-1.3154,0.1407,0.00,0.1366
Onion,-2.1257,-1.3154,0.0380,0.00,0.1366
Onion,-2.1257,-1.3154,-0.0633,0.00,0.1366
Onion,-2.1257,-1.3154,-0.1704,0.00,0.1366
Onion,-4.2699,-1.3154,0.1407,0.00,0.1366
Onion,-4.2699,-1.3154,0.0380,0.00,0.1366
Onion,-4.2699,-1.3154,-0.0633,0.00,0.1366
Onion,-4.2699,-1.3154,-0.1704,0.00,0.1366
Onion,-4.2699,-1.3154,0.2463,0.00,0.1366
Onion,-4.1954,-1.3154,0.1407,0.00,0.1366
Onion,-4.1954,-1.3154,0.0380,0.00,0.1366
Onion,-4.1954,-1.3154,-0.0633,0.00,0.1366
Onion,-4.1954,-1.3154,-0.1704,0.00,0.1366
Onion,-4.1954,-1.3154,0.2463,0.00,0.1366
Onion,-4.1139,-1.3154,0.1407,0.00,0.1366
Onion,-4.1139,-1.3154,0.0380,0.00,0.1366
Onion,-4.1139,-1.3154,-0.0633,0.00,0.1366
Onion,-4.1139,-1.3154,-0.1704,0.00,0.1366
Onion,-4.1139,-1.3154,0.2463,0.00,0.1366
Onion,-4.0377,-1.3154,0.1407,0.00,0.1366
Onion,-4.0377,-1.3154,0.0380,0.00,0.1366
Onion,-4.0377,-1.3154,-0.0633,0.00,0.1366
Onion,-4.0377,-1.3154,-0.1704,0.00,0.1366
Onion,-4.0377,-1.3154,0.2463,0.00,0.1366
Onion,-3.9591,-1.3154,0.1407,0.00,0.1366
Onion,-3.9591,-1.3154,0.0380,0.00,0.1366
Onion,-3.9591,-1.3154,-0.0633,0.00,0.1366
Onion,-3.9591,-1.3154,-0.1704,0.00,0.1366
Onion,-3.9591,-1.3154,0.2463,0.00,0.1366
Onion,-3.8726,-1.3154,0.1407,0.00,0.1366
Onion,-3.8726,-1.3154,0.0380,0.00,0.1366
Onion,-3.8726,-1.3154,-0.0633,0.00,0.1366
Onion,-3.8726,-1.3154,-0.1704,0.00,0.1366
Onion,-3.8726,-1.3154,0.2463,0.00,0.1366
Onion,-3.7923,-1.3154,0.1407,0.00,0.1366
Onion,-3.7923,-1.3154,0.0380,0.00,0.1366
Onion,-3.7923,-1.3154,-0.0633,0.00,0.1366
Onion,-3.7923,-1.3154,-0.1704,0.00,0.1366
Onion,-3.7923,-1.3154,0.2463,0.00,0.1366
Onion,-3.7128,-1.3154,0.1407,0.00,0.1366
Onion,-3.7128,-1.3154,0.0380,0.00,0.1366
Onion,-3.7128,-1.3154,-0.0633,0.00,0.1366
Onion,-3.7128,-1.3154,-0.1704,0.00,0.1366
Onion,-3.7128,-1.3154,0.2463,0.00,0.1366
Onion,-3.6290,-1.3154,0.1407,0.00,0.1366
Onion,-3.6290,-1.3154,0.0380,0.00,0.1366
Onion,-3.6290,-1.3154,-0.0633,0.00,0.1366
Onion,-3.6290,-1.3154,-0.1704,0.00,0.1366
Onion,-3.6290,-1.3154,0.2463,0.00,0.1366
Onion,-3.5471,-1.3154,0.1407,0.00,0.1366
Onion,-3.5471,-1.3154,0.0380,0.00,0.1366
Onion,-3.5471,-1.3154,-0.0633,0.00,0.1366
Onion,-3.5471,-1.3154,-0.1704,0.00,0.1366
Onion,-3.5471,-1.3154,0.2463,0.00,0.1366
Onion,-3.4635,-1.3154,0.2463,0.00,0.1366
Onion,-3.4635,-1.3154,0.1407,0.00,0.1366
Onion,-3.4635,-1.3154,0.0380,0.00,0.1366
Onion,-3.4635,-1.3154,-0.0633,0.00,0.1366
Onion,-3.4635,-1.3154,-0.1704,0.00,0.1366
Onion,-1.6422,-1.3154,0.1407,0.00,0.1366
Onion,-1.6422,-1.3154,0.0380,0.00,0.1366
Onion,-1.6422,-1.3154,-0.0633,0.00,0.1366
Onion,-1.6422,-1.3154,-0.1704,0.00,0.1366
Onion,-1.6422,-1.3154,0.2463,0.00,0.1366
Onion,-1.5678,-1.3154,0.1407,0.00,0.1366
Onion,-1.5678,-1.3154,0.0380,0.00,0.1366
Onion,-1.5678,-1.3154,-0.0633,0.00,0.1366
Onion,-1.5678,-1.3154,-0.1704,0.00,0.1366
Onion,-1.5678,-1.3154,0.2463,0.00,0.1366
Onion,-1.4862,-1.3154,0.1407,0.00,0.1366
Onion,-1.4862,-1.3154,0.0380,0.00,0.1366
Onion,-1.4862,-1.3154,-0.0633,0.00,0.1366
Onion,-1.4862,-1.3154,-0.1704,0.00,0.1366
Onion,-1.4862,-1.3154,0.2463,0.00,0.1366
Onion,-1.4100,-1.3154,0.1407,0.00,0.1366
Onion,-1.4100,-1.3154,0.0380,0.00,0.1366
Onion,-1.4100,-1.3154,-0.0633,0.00,0.1366
Onion,-1.4100,-1.3154,-0.1704,0.00,0.1366
Onion,-1.4100,-1.3154,0.2463,0.00,0.1366
Onion,-1.3315,-1.3154,0.1407,0.00,0.1366
Onion,-1.3315,-1.3154,0.0380,0.00,0.1366
Onion,-1.3315,-1.3154,-0.0633,0.00,0.1366
Onion,-1.3315,-1.3154,-0.1704,0.00,0.1366
Onion,-1.3315,-1.3154,0.2463,0.00,0.1366
Onion,-1.2450,-1.3154,0.1407,0.00,0.1366
Onion,-1.2450,-1.3154,0.0380,0.00,0.1366
Onion,-1.2450,-1.3154,-0.0633,0.00,0.1366
Onion,-1.2450,-1.3154,-0.1704,0.00,0.1366
Onion,-1.2450,-1.3154,0.2463,0.00,0.1366
Onion,-1.1646,-1.3154,0.1407,0.00,0.1366
Onion,-1.1646,-1.3154,0.0380,0.00,0.1366
Onion,-1.1646,-1.3154,-0.0633,0.00,0.1366
Onion,-1.1646,-1.3154,-0.1704,0.00,0.1366
Onion,-1.1646,-1.3154,0.2463,0.00,0.1366
Onion,-1.0851,-1.3154,0.1407,0.00,0.1366
Onion,-1.0851,-1.3154,0.0380,0.00,0.1366
Onion,-1.0851,-1.3154,-0.0633,0.00,0.1366
Onion,-1.0851,-1.3154,-0.1704,0.00,0.1366
Onion,-1.0851,-1.3154,0.2463,0.00,0.1366
Onion,-1.0013,-1.3154,0.1407,0.00,0.1366
Onion,-1.0013,-1.3154,0.0380,0.00,0.1366
Onion,-1.0013,-1.3154,-0.0633,0.00,0.1366
Onion,-1.0013,-1.3154,-0.1704,0.00,0.1366
Onion,-1.0013,-1.3154,0.2463,0.00,0.1366
Onion,-0.9194,-1.3154,0.1407,0.00,0.1366
Onion,-0.9194,-1.3154,0.0380,0.00,0.1366
Onion,-0.9194,-1.3154,-0.0633,0.00,0.1366
Onion,-0.9194,-1.3154,-0.1704,0.00,0.1366
Onion,-0.9194,-1.3154,0.2463,0.00,0.1366
Onion,-0.8358,-1.3154,0.2463,0.00,0.1366
Onion,-0.8358,-1.3154,0.1407,0.00,0.1366
Onion,-0.8358,-1.3154,0.0380,0.00,0.1366
Onion,-0.8358,-1.3154,-0.0633,0.00,0.1366
Onion,-0.8358,-1.3154,-0.1704,0.00,0.1366
Onion,-0.2802,-1.3154,0.1407,0.00,0.1366
Onion,-0.2802,-1.3154,0.0380,0.00,0.1366
Onion,-0.2802,-1.3154,-0.0633,0.00,0.1366
Onion,-0.2802,-1.3154,-0.1704,0.00,0.1366
Onion,-0.2802,-1.3154,0.2463,0.00,0.1366
Onion,-0.2057,-1.3154,0.1407,0.00,0.1366
Onion,-0.2057,-1.3154,0.0380,0.00,0.1366
Onion,-0.2057,-1.3154,-0.0633,0.00,0.1366
Onion,-0.2057,-1.3154,-0.1704,0.00,0.1366
Onion,-0.2057,-1.3154,0.2463,0.00,0.1366
Onion,-0.1241,-1.3154,0.1407,0.00,0.1366
Onion,-0.1241,-1.3154,0.0380,0.00,0.1366
Onion,-0.1241,-1.3154,-0.0633,0.00,0.1366
Onion,-0.1241,-1.3154,-0.1704,0.00,0.1366
Onion,-0.1241,-1.3154,0.2463,0.00,0.1366
Onion,-0.0480,-1.3154,0.1407,0.00,0.1366
Onion,-0.0480,-1.3154,0.0380,0.00,0.1366
Onion,-0.0480,-1.3154,-0.0633,0.00,0.1366
Onion,-0.0480,-1.3154,-0.1704,0.00,0.1366
Onion,-0.0480,-1.3154,0.2463,0.00,0.1366
Onion,0.0306,-1.3154,0.1407,0.00,0.1366
Onion,0.0306,-1.3154,0.0380,0.00,0.1366
Onion,0.0306,-1.3154,-0.0633,0.00,0.1366
Onion,0.0306,-1.3154,-0.1704,0.00,0.1366
Onion,0.0306,-1.3154,0.2463,0.00,0.1366
Onion,0.1171,-1.3154,0.1407,0.00,0.1366
Onion,0.1171,-1.3154,0.0380,0.00,0.1366
Onion,0.1171,-1.3154,-0.0633,0.00,0.1366
Onion,0.1171,-1.3154,-0.1704,0.00,0.1366
Onion,0.1171,-1.3154,0.2463,0.00,0.1366
Onion,0.1975,-1.3154,0.1407,0.00,0.1366
Onion,0.1975,-1.3154,0.0380,0.00,0.1366
Onion,0.1975,-1.3154,-0.0633,0.00,0.1366
Onion,0.1975,-1.3154,-0.1704,0.00,0.1366
Onion,0.1975,-1.3154,0.2463,0.00,0.1366
Onion,0.2769,-1.3154,0.1407,0.00,0.1366
Onion,0.2769,-1.3154,0.0380,0.00,0.1366
Onion,0.2769,-1.3154,-0.0633,0.00,0.1366
Onion,0.2769,-1.3154,-0.1704,0.00,0.1366
Onion,0.2769,-1.3154,0.2463,0.00,0.1366
Onion,0.3607,-1.3154,0.1407,0.00,0.1366
Onion,0.3607,-1.3154,0.0380,0.00,0.1366
Onion,0.3607,-1.3154,-0.0633,0.00,0.1366
Onion,0.3607,-1.3154,-0.1704,0.00,0.1366
Onion,0.3607,-1.3154,0.2463,0.00,0.1366
Onion,0.4427,-1.3154,0.1407,0.00,0.1366
Onion,0.4427,-1.3154,0.0380,0.00,0.1366
Onion,0.4427,-1.3154,-0.0633,0.00,0.1366
Onion,0.4427,-1.3154,-0.1704,0.00,0.1366
Onion,0.4427,-1.3154,0.2463,0.00,0.1366
Onion,0.5262,-1.3154,0.2463,0.00,0.1366
Onion,0.5262,-1.3154,0.1407,0.00,0.1366
Onion,0.5262,-1.3154,0.0380,0.00,0.1366
Onion,0.5262,-1.3154,-0.0633,0.00,0.1366
Onion,0.5262,-1.3154,-0.1704,0.00,0.1366
RedBeet,-5.8524,-0.0875,21.2814,0.00,0.0629
RedBeet,-5.7574,-0.0875,21.1949,0.00,0.0629
RedBeet,-5.8478,-0.0875,21.3257,0.00,0.0629
RedBeet,-5.7918,-0.0875,21.1921,0.00,0.0629
RedBeet,-5.8019,-0.0875,21.2227,0.00,0.0629
RedBeet,-5.9201,-0.0875,21.6314,0.00,0.0629
RedBeet,-5.9201,-0.0875,21.6314,0.00,0.0629
RedBeet,-5.9132,-0.0875,21.5686,0.00,0.0629
RedBeet,-5.9435,-0.0875,21.5166,0.00,0.0629
RedBeet,-5.9495,-0.0875,21.4388,0.00,0.0629
RedBeet,-5.8009,-0.0875,21.5777,0.00,0.0629
RedBeet,-5.8570,-0.0875,21.6314,0.00,0.0629
RedBeet,-5.8570,-0.0875,21.6314,0.00,0.0629
RedBeet,-5.8841,-0.0875,21.4356,0.00,0.0629
RedBeet,-5.8841,-0.0875,21.4356,0.00,0.0629
RedBeet,-5.8772,-0.0875,21.3728,0.00,0.0629
RedBeet,-5.9075,-0.0875,21.3208,0.00,0.0629
RedBeet,-5.9135,-0.0875,21.2430,0.00,0.0629
RedBeet,-5.7649,-0.0875,21.3819,0.00,0.0629
RedBeet,-5.8209,-0.0875,21.4356,0.00,0.0629
RedBeet,-5.8209,-0.0875,21.4356,0.00,0.0629
RedBeet,-6.1207,-0.0875,21.6584,0.00,0.0629
RedBeet,-6.1207,-0.0875,21.6584,0.00,0.0629
RedBeet,-6.1137,-0.0875,21.5956,0.00,0.0629
RedBeet,-6.1441,-0.0875,21.5437,0.00,0.0629
RedBeet,-6.1501,-0.0875,21.4659,0.00,0.0629
RedBeet,-6.0014,-0.0875,21.6048,0.00,0.0629
RedBeet,-6.0119,-0.0875,21.5464,0.00,0.0629
RedBeet,-6.0487,-0.0875,21.5019,0.00,0.0629
RedBeet,-6.0581,-0.0875,21.4437,0.00,0.0629
RedBeet,-6.0122,-0.0875,21.3407,0.00,0.0629
RedBeet,-6.0653,-0.0875,21.3101,0.00,0.0629
RedBeet,-6.0627,-0.0875,21.3994,0.00,0.0629
RedBeet,-6.0255,-0.0875,21.4055,0.00,0.0629
RedBeet,-6.0309,-0.0875,21.3128,0.00,0.0629
RedBeet,-6.0070,-0.0875,21.2310,0.00,0.0629
RedBeet,-5.7494,-0.0875,21.6584,0.00,0.0629
RedBeet,-5.7494,-0.0875,21.6584,0.00,0.0629
RedBeet,-5.7425,-0.0875,21.5956,0.00,0.0629
RedBeet,-5.7728,-0.0875,21.5437,0.00,0.0629
RedBeet,-5.7788,-0.0875,21.4659,0.00,0.0629
RedBeet,-5.6302,-0.0875,21.6048,0.00,0.0629
RedBeet,-5.6406,-0.0875,21.5464,0.00,0.0629
RedBeet,-5.6774,-0.0875,21.5019,0.00,0.0629
RedBeet,-5.6869,-0.0875,21.4437,0.00,0.0629
RedBeet,-5.6409,-0.0875,21.3407,0.00,0.0629
RedBeet,-5.6940,-0.0875,21.3101,0.00,0.0629
RedBeet,-5.6915,-0.0875,21.3994,0.00,0.0629
RedBeet,-5.6542,-0.0875,21.4055,0.00,0.0629
RedBeet,-5.6596,-0.0875,21.3128,0.00,0.0629
RedBeet,-5.6358,-0.0875,21.2310,0.00,0.0629
RedBeet,-5.5781,-0.0875,21.6584,0.00,0.0629
RedBeet,-5.5781,-0.0875,21.6584,0.00,0.0629
RedBeet,-5.5711,-0.0875,21.5956,0.00,0.0629
RedBeet,-5.6015,-0.0875,21.5437,0.00,0.0629
RedBeet,-5.6075,-0.0875,21.4659,0.00,0.0629
RedBeet,-5.4588,-0.0875,21.6048,0.00,0.0629
RedBeet,-5.4693,-0.0875,21.5464,0.00,0.0629
RedBeet,-5.5060,-0.0875,21.5019,0.00,0.0629
RedBeet,-5.5155,-0.0875,21.4437,0.00,0.0629
RedBeet,-5.4696,-0.0875,21.3407,0.00,0.0629
RedBeet,-5.5227,-0.0875,21.3101,0.00,0.0629
RedBeet,-5.5201,-0.0875,21.3994,0.00,0.0629
RedBeet,-5.4829,-0.0875,21.4055,0.00,0.0629
RedBeet,-5.4882,-0.0875,21.3128,0.00,0.0629
RedBeet,-5.4644,-0.0875,21.2310,0.00,0.0629
RedBeet,-5.5149,-0.0875,21.6584,0.00,0.0629
RedBeet,-5.5149,-0.0875,21.6584,0.00,0.0629
RedBeet,-5.5080,-0.0875,21.5956,0.00,0.0629
RedBeet,-5.5383,-0.0875,21.5437,0.00,0.0629
RedBeet,-5.5443,-0.0875,21.4659,0.00,0.0629
RedBeet,-5.3957,-0.0875,21.6048,0.00,0.0629
RedBeet,-5.4061,-0.0875,21.5464,0.00,0.0629
RedBeet,-5.4429,-0.0875,21.5019,0.00,0.0629
RedBeet,-5.4524,-0.0875,21.4437,0.00,0.0629
RedBeet,-5.4064,-0.0875,21.3407,0.00,0.0629
RedBeet,-5.4595,-0.0875,21.3101,0.00,0.0629
RedBeet,-5.4570,-0.0875,21.3994,0.00,0.0629
RedBeet,-5.4197,-0.0875,21.4055,0.00,0.0629
RedBeet,-5.4251,-0.0875,21.3128,0.00,0.0629
RedBeet,-5.4013,-0.0875,21.2310,0.00,0.0629
RedBeet,-3.0397,-0.0875,21.2814,0.00,0.0629
RedBeet,-2.9446,-0.0875,21.1949,0.00,0.0629
RedBeet,-3.0350,-0.0875,21.3257,0.00,0.0629
RedBeet,-2.9790,-0.0875,21.1921,0.00,0.0629
RedBeet,-2.9891,-0.0875,21.2227,0.00,0.0629
RedBeet,-3.1074,-0.0875,21.6314,0.00,0.0629
RedBeet,-3.1074,-0.0875,21.6314,0.00,0.0629
RedBeet,-3.1004,-0.0875,21.5686,0.00,0.0629
RedBeet,-3.1307,-0.0875,21.5166,0.00,0.0629
RedBeet,-3.1367,-0.0875,21.4388,0.00,0.0629
RedBeet,-2.9881,-0.0875,21.5777,0.00,0.0629
RedBeet,-3.0442,-0.0875,21.6314,0.00,0.0629
RedBeet,-3.0442,-0.0875,21.6314,0.00,0.0629
RedBeet,-3.0713,-0.0875,21.4356,0.00,0.0629
RedBeet,-3.0713,-0.0875,21.4356,0.00,0.0629
RedBeet,-3.0644,-0.0875,21.3728,0.00,0.0629
RedBeet,-3.0947,-0.0875,21.3208,0.00,0.0629
RedBeet,-3.1007,-0.0875,21.2430,0.00,0.0629
RedBeet,-2.9521,-0.0875,21.3819,0.00,0.0629
RedBeet,-3.0082,-0.0875,21.4356,0.00,0.0629
RedBeet,-3.0082,-0.0875,21.4356,0.00,0.0629
RedBeet,-3.3079,-0.0875,21.6584,0.00,0.0629
RedBeet,-3.3079,-0.0875,21.6584,0.00,0.0629
RedBeet,-3.3010,-0.0875,21.5956,0.00,0.0629
RedBeet,-3.3313,-0.0875,21.5437,0.00,0.0629
RedBeet,-3.3373,-0.0875,21.4659,0.00,0.0629
RedBeet,-3.1886,-0.0875,21.6048,0.00,0.0629
RedBeet,-3.1991,-0.0875,21.5464,0.00,0.0629
RedBeet,-3.2359,-0.0875,21.5019,0.00,0.0629
RedBeet,-3.2453,-0.0875,21.4437,0.00,0.0629
RedBeet,-3.1994,-0.0875,21.3407,0.00,0.0629
RedBeet,-3.2525,-0.0875,21.3101,0.00,0.0629
RedBeet,-3.2499,-0.0875,21.3994,0.00,0.0629
RedBeet,-3.2127,-0.0875,21.4055,0.00,0.0629
RedBeet,-3.2181,-0.0875,21.3128,0.00,0.0629
RedBeet,-3.1943,-0.0875,21.2310,0.00,0.0629
RedBeet,-2.9366,-0.0875,21.6584,0.00,0.0629
RedBeet,-2.9366,-0.0875,21.6584,0.00,0.0629
RedBeet,-2.9297,-0.0875,21.5956,0.00,0.0629
RedBeet,-2.9600,-0.0875,21.5437,0.00,0.0629
RedBeet,-2.9660,-0.0875,21.4659,0.00,0.0629
RedBeet,-2.8174,-0.0875,21.6048,0.00,0.0629
RedBeet,-2.8279,-0.0875,21.5464,0.00,0.0629
RedBeet,-2.8646,-0.0875,21.5019,0.00,0.0629
RedBeet,-2.8741,-0.0875,21.4437,0.00,0.0629
RedBeet,-2.8281,-0.0875,21.3407,0.00,0.0629
RedBeet,-2.8812,-0.0875,21.3101,0.00,0.0629
RedBeet,-2.8787,-0.0875,21.3994,0.00,0.0629
RedBeet,-2.8414,-0.0875,21.4055,0.00,0.0629
RedBeet,-2.8468,-0.0875,21.3128,0.00,0.0629
RedBeet,-2.8230,-0.0875,21.2310,0.00,0.0629
RedBeet,-2.7653,-0.0875,21.6584,0.00,0.0629
RedBeet,-2.7653,-0.0875,21.6584,0.00,0.0629
RedBeet,-2.7583,-0.0875,21.5956,0.00,0.0629
RedBeet,-2.7887,-0.0875,21.5437,0.00,0.0629
RedBeet,-2.7947,-0.0875,21.4659,0.00,0.0629
RedBeet,-2.6460,-0.0875,21.6048,0.00,0.0629
RedBeet,-2.6565,-0.0875,21.5464,0.00,0.0629
RedBeet,-2.6933,-0.0875,21.5019,0.00,0.0629
RedBeet,-2.7027,-0.0875,21.4437,0.00,0.0629
RedBeet,-2.6568,-0.0875,21.3407,0.00,0.0629
RedBeet,-2.7099,-0.0875,21.3101,0.00,0.0629
RedBeet,-2.7073,-0.0875,21.3994,0.00,0.0629
RedBeet,-2.6701,-0.0875,21.4055,0.00,0.0629
RedBeet,-2.6755,-0.0875,21.3128,0.00,0.0629
RedBeet,-2.6516,-0.0875,21.2310,0.00,0.0629
RedBeet,-2.7021,-0.0875,21.6584,0.00,0.0629
RedBeet,-2.7021,-0.0875,21.6584,0.00,0.0629
RedBeet,-2.6952,-0.0875,21.5956,0.00,0.0629
RedBeet,-2.7255,-0.0875,21.5437,0.00,0.0629
RedBeet,-2.7315,-0.0875,21.4659,0.00,0.0629
RedBeet,-2.5829,-0.0875,21.6048,0.00,0.0629
RedBeet,-2.5933,-0.0875,21.5464,0.00,0.0629
RedBeet,-2.6301,-0.0875,21.5019,0.00,0.0629
RedBeet,-2.6396,-0.0875,21.4437,0.00,0.0629
RedBeet,-2.5936,-0.0875,21.3407,0.00,0.0629
RedBeet,-2.6467,-0.0875,21.3101,0.00,0.0629
RedBeet,-2.6442,-0.0875,21.3994,0.00,0.0629
RedBeet,-2.6069,-0.0875,21.4055,0.00,0.0629
RedBeet,-2.6123,-0.0875,21.3128,0.00,0.0629
RedBeet,-2.5885,-0.0875,21.2310,0.00,0.0629
RedBeet,-4.4787,-0.0875,21.2814,0.00,0.0629
RedBeet,-4.3836,-0.0875,21.1949,0.00,0.0629
RedBeet,-4.4741,-0.0875,21.3257,0.00,0.0629
RedBeet,-4.4181,-0.0875,21.1921,0.00,0.0629
RedBeet,-4.4281,-0.0875,21.2227,0.00,0.0629
RedBeet,-4.5464,-0.0875,21.6314,0.00,0.0629
RedBeet,-4.5464,-0.0875,21.6314,0.00,0.0629
RedBeet,-4.5394,-0.0875,21.5686,0.00,0.0629
RedBeet,-4.5697,-0.0875,21.5166,0.00,0.0629
RedBeet,-4.5757,-0.0875,21.4388,0.00,0.0629
RedBeet,-4.4271,-0.0875,21.5777,0.00,0.0629
RedBeet,-4.4832,-0.0875,21.6314,0.00,0.0629
RedBeet,-4.4832,-0.0875,21.6314,0.00,0.0629
RedBeet,-4.5103,-0.0875,21.4356,0.00,0.0629
RedBeet,-4.5103,-0.0875,21.4356,0.00,0.0629
RedBeet,-4.5034,-0.0875,21.3728,0.00,0.0629
RedBeet,-4.5337,-0.0875,21.3208,0.00,0.0629
RedBeet,-4.5397,-0.0875,21.2430,0.00,0.0629
RedBeet,-4.3911,-0.0875,21.3819,0.00,0.0629
RedBeet,-4.4472,-0.0875,21.4356,0.00,0.0629
RedBeet,-4.4472,-0.0875,21.4356,0.00,0.0629
RedBeet,-4.7469,-0.0875,21.6584,0.00,0.0629
RedBeet,-4.7469,-0.0875,21.6584,0.00,0.0629
RedBeet,-4.7400,-0.0875,21.5956,0.00,0.0629
RedBeet,-4.7703,-0.0875,21.5437,0.00,0.0629
RedBeet,-4.7763,-0.0875,21.4659,0.00,0.0629
RedBeet,-4.6277,-0.0875,21.6048,0.00,0.0629
RedBeet,-4.6381,-0.0875,21.5464,0.00,0.0629
RedBeet,-4.6749,-0.0875,21.5019,0.00,0.0629
RedBeet,-4.6843,-0.0875,21.4437,0.00,0.0629
RedBeet,-4.6384,-0.0875,21.3407,0.00,0.0629
RedBeet,-4.6915,-0.0875,21.3101,0.00,0.0629
RedBeet,-4.6890,-0.0875,21.3994,0.00,0.0629
RedBeet,-4.6517,-0.0875,21.4055,0.00,0.0629
RedBeet,-4.6571,-0.0875,21.3128,0.00,0.0629
RedBeet,-4.6333,-0.0875,21.2310,0.00,0.0629
RedBeet,-4.3756,-0.0875,21.6584,0.00,0.0629
RedBeet,-4.3756,-0.0875,21.6584,0.00,0.0629
RedBeet,-4.3687,-0.0875,21.5956,0.00,0.0629
RedBeet,-4.3990,-0.0875,21.5437,0.00,0.0629
RedBeet,-4.4050,-0.0875,21.4659,0.00,0.0629
RedBeet,-4.2564,-0.0875,21.6048,0.00,0.0629
RedBeet,-4.2669,-0.0875,21.5464,0.00,0.0629
RedBeet,-4.3036,-0.0875,21.5019,0.00,0.0629
RedBeet,-4.3131,-0.0875,21.4437,0.00,0.0629
RedBeet,-4.2671,-0.0875,21.3407,0.00,0.0629
RedBeet,-4.3203,-0.0875,21.3101,0.00,0.0629
RedBeet,-4.3177,-0.0875,21.3994,0.00,0.0629
RedBeet,-4.2804,-0.0875,21.4055,0.00,0.0629
RedBeet,-4.2858,-0.0875,21.3128,0.00,0.0629
RedBeet,-4.2620,-0.0875,21.2310,0.00,0.0629
RedBeet,-4.2043,-0.0875,21.6584,0.00,0.0629
RedBeet,-4.2043,-0.0875,21.6584,0.00,0.0629
RedBeet,-4.1974,-0.0875,21.5956,0.00,0.0629
RedBeet,-4.2277,-0.0875,21.5437,0.00,0.0629
RedBeet,-4.2337,-0.0875,21.4659,0.00,0.0629
RedBeet,-4.0850,-0.0875,21.6048,0.00,0.0629
RedBeet,-4.0955,-0.0875,21.5464,0.00,0.0629
RedBeet,-4.1323,-0.0875,21.5019,0.00,0.0629
RedBeet,-4.1417,-0.0875,21.4437,0.00,0.0629
RedBeet,-4.0958,-0.0875,21.3407,0.00,0.0629
RedBeet,-4.1489,-0.0875,21.3101,0.00,0.0629
RedBeet,-4.1463,-0.0875,21.3994,0.00,0.0629
RedBeet,-4.1091,-0.0875,21.4055,0.00,0.0629
RedBeet,-4.1145,-0.0875,21.3128,0.00,0.0629
RedBeet,-4.0907,-0.0875,21.2310,0.00,0.0629
RedBeet,-4.1411,-0.0875,21.6584,0.00,0.0629
RedBeet,-4.1411,-0.0875,21.6584,0.00,0.0629
RedBeet,-4.1342,-0.0875,21.5956,0.00,0.0629
RedBeet,-4.1645,-0.0875,21.5437,0.00,0.0629
RedBeet,-4.1705,-0.0875,21.4659,0.00,0.0629
RedBeet,-4.0219,-0.0875,21.6048,0.00,0.0629
RedBeet,-4.0323,-0.0875,21.5464,0.00,0.0629
RedBeet,-4.0691,-0.0875,21.5019,0.00,0.0629
RedBeet,-4.0786,-0.0875,21.4437,0.00,0.0629
RedBeet,-4.0326,-0.0875,21.3407,0.00,0.0629
RedBeet,-4.0857,-0.0875,21.3101,0.00,0.0629
RedBeet,-4.0832,-0.0875,21.3994,0.00,0.0629
RedBeet,-4.0459,-0.0875,21.4055,0.00,0.0629
RedBeet,-4.0513,-0.0875,21.3128,0.00,0.0629
RedBeet,-4.0275,-0.0875,21.2310,0.00,0.0629
RedBeet,-1.6577,-0.0875,21.2814,0.00,0.0629
RedBeet,-1.5626,-0.0875,21.1949,0.00,0.0629
RedBeet,-1.6530,-0.0875,21.3257,0.00,0.0629
RedBeet,-1.5971,-0.0875,21.1921,0.00,0.0629
RedBeet,-1.6071,-0.0875,21.2227,0.00,0.0629
RedBeet,-1.7254,-0.0875,21.6314,0.00,0.0629
RedBeet,-1.7254,-0.0875,21.6314,0.00,0.0629
RedBeet,-1.7184,-0.0875,21.5686,0.00,0.0629
RedBeet,-1.7487,-0.0875,21.5166,0.00,0.0629
RedBeet,-1.7547,-0.0875,21.4388,0.00,0.0629
RedBeet,-1.6061,-0.0875,21.5777,0.00,0.0629
RedBeet,-1.6622,-0.0875,21.6314,0.00,0.0629
RedBeet,-1.6622,-0.0875,21.6314,0.00,0.0629
RedBeet,-1.6893,-0.0875,21.4356,0.00,0.0629
RedBeet,-1.6893,-0.0875,21.4356,0.00,0.0629
RedBeet,-1.6824,-0.0875,21.3728,0.00,0.0629
RedBeet,-1.7127,-0.0875,21.3208,0.00,0.0629
RedBeet,-1.7187,-0.0875,21.2430,0.00,0.0629
RedBeet,-1.5701,-0.0875,21.3819,0.00,0.0629
RedBeet,-1.6262,-0.0875,21.4356,0.00,0.0629
RedBeet,-1.6262,-0.0875,21.4356,0.00,0.0629
RedBeet,-1.9259,-0.0875,21.6584,0.00,0.0629
RedBeet,-1.9259,-0.0875,21.6584,0.00,0.0629
RedBeet,-1.9190,-0.0875,21.5956,0.00,0.0629
RedBeet,-1.9493,-0.0875,21.5437,0.00,0.0629
RedBeet,-1.9553,-0.0875,21.4659,0.00,0.0629
RedBeet,-1.8066,-0.0875,21.6048,0.00,0.0629
RedBeet,-1.8171,-0.0875,21.5464,0.00,0.0629
RedBeet,-1.8539,-0.0875,21.5019,0.00,0.0629
RedBeet,-1.8633,-0.0875,21.4437,0.00,0.0629
RedBeet,-1.8174,-0.0875,21.3407,0.00,0.0629
RedBeet,-1.8705,-0.0875,21.3101,0.00,0.0629
RedBeet,-1.8679,-0.0875,21.3994,0.00,0.0629
RedBeet,-1.8307,-0.0875,21.4055,0.00,0.0629
RedBeet,-1.8361,-0.0875,21.3128,0.00,0.0629
RedBeet,-1.8123,-0.0875,21.2310,0.00,0.0629
RedBeet,-1.5546,-0.0875,21.6584,0.00,0.0629
RedBeet,-1.5546,-0.0875,21.6584,0.00,0.0629
RedBeet,-1.5477,-0.0875,21.5956,0.00,0.0629
RedBeet,-1.5780,-0.0875,21.5437,0.00,0.0629
RedBeet,-1.5840,-0.0875,21.4659,0.00,0.0629
RedBeet,-1.4354,-0.0875,21.6048,0.00,0.0629
RedBeet,-1.4459,-0.0875,21.5464,0.00,0.0629
RedBeet,-1.4826,-0.0875,21.5019,0.00,0.0629
RedBeet,-1.4921,-0.0875,21.4437,0.00,0.0629
RedBeet,-1.4461,-0.0875,21.3407,0.00,0.0629
RedBeet,-1.4993,-0.0875,21.3101,0.00,0.0629
RedBeet,-1.4967,-0.0875,21.3994,0.00,0.0629
RedBeet,-1.4594,-0.0875,21.4055,0.00,0.0629
RedBeet,-1.4648,-0.0875,21.3128,0.00,0.0629
RedBeet,-1.4410,-0.0875,21.2310,0.00,0.0629
RedBeet,-1.3833,-0.0875,21.6584,0.00,0.0629
RedBeet,-1.3833,-0.0875,21.6584,0.00,0.0629
RedBeet,-1.3763,-0.0875,21.5956,0.00,0.0629
RedBeet,-1.4067,-0.0875,21.5437,0.00,0.0629
RedBeet,-1.4127,-0.0875,21.4659,0.00,0.0629
RedBeet,-1.2640,-0.0875,21.6048,0.00,0.0629
RedBeet,-1.2745,-0.0875,21.5464,0.00,0.0629
RedBeet,-1.3113,-0.0875,21.5019,0.00,0.0629
RedBeet,-1.3207,-0.0875,21.4437,0.00,0.0629
RedBeet,-1.2748,-0.0875,21.3407,0.00,0.0629
RedBeet,-1.3279,-0.0875,21.3101,0.00,0.0629
RedBeet,-1.3253,-0.0875,21.3994,0.00,0.0629
RedBeet,-1.2881,-0.0875,21.4055,0.00,0.0629
RedBeet,-1.2935,-0.0875,21.3128,0.00,0.0629
RedBeet,-1.2696,-0.0875,21.2310,0.00,0.0629
RedBeet,-1.3201,-0.0875,21.6584,0.00,0.0629
RedBeet,-1.3201,-0.0875,21.6584,0.00,0.0629
RedBeet,-1.3132,-0.0875,21.5956,0.00,0.0629
RedBeet,-1.3435,-0.0875,21.5437,0.00,0.0629
RedBeet,-1.3495,-0.0875,21.4659,0.00,0.0629
RedBeet,-1.2009,-0.0875,21.6048,0.00,0.0629
RedBeet,-1.2113,-0.0875,21.5464,0.00,0.0629
RedBeet,-1.2481,-0.0875,21.5019,0.00,0.0629
RedBeet,-1.2576,-0.0875,21.4437,0.00,0.0629
RedBeet,-1.2116,-0.0875,21.3407,0.00,0.0629
RedBeet,-1.2647,-0.0875,21.3101,0.00,0.0629
RedBeet,-1.2622,-0.0875,21.3994,0.00,0.0629
RedBeet,-1.2249,-0.0875,21.4055,0.00,0.0629
RedBeet,-1.2303,-0.0875,21.3128,0.00,0.0629
RedBeet,-1.2065,-0.0875,21.2310,0.00,0.0629
RedBeet,-0.1950,-0.0875,21.2814,0.00,0.0629
RedBeet,-0.0999,-0.0875,21.1949,0.00,0.0629
RedBeet,-0.1904,-0.0875,21.3257,0.00,0.0629
RedBeet,-0.1344,-0.0875,21.1921,0.00,0.0629
RedBeet,-0.1444,-0.0875,21.2227,0.00,0.0629
RedBeet,-0.2627,-0.0875,21.6314,0.00,0.0629
RedBeet,-0.2627,-0.0875,21.6314,0.00,0.0629
RedBeet,-0.2557,-0.0875,21.5686,0.00,0.0629
RedBeet,-0.2860,-0.0875,21.5166,0.00,0.0629
RedBeet,-0.2921,-0.0875,21.4388,0.00,0.0629
RedBeet,-0.1434,-0.0875,21.5777,0.00,0.0629
RedBeet,-0.1995,-0.0875,21.6314,0.00,0.0629
RedBeet,-0.1995,-0.0875,21.6314,0.00,0.0629
RedBeet,-0.2267,-0.0875,21.4356,0.00,0.0629
RedBeet,-0.2267,-0.0875,21.4356,0.00,0.0629
RedBeet,-0.2197,-0.0875,21.3728,0.00,0.0629
RedBeet,-0.2500,-0.0875,21.3208,0.00,0.0629
RedBeet,-0.2560,-0.0875,21.2430,0.00,0.0629
RedBeet,-0.1074,-0.0875,21.3819,0.00,0.0629
RedBeet,-0.1635,-0.0875,21.4356,0.00,0.0629
RedBeet,-0.1635,-0.0875,21.4356,0.00,0.0629
RedBeet,-0.4632,-0.0875,21.6584,0.00,0.0629
RedBeet,-0.4632,-0.0875,21.6584,0.00,0.0629
RedBeet,-0.4563,-0.0875,21.5956,0.00,0.0629
RedBeet,-0.4866,-0.0875,21.5437,0.00,0.0629
RedBeet,-0.4926,-0.0875,21.4659,0.00,0.0629
RedBeet,-0.3440,-0.0875,21.6048,0.00,0.0629
RedBeet,-0.3545,-0.0875,21.5464,0.00,0.0629
RedBeet,-0.3912,-0.0875,21.5019,0.00,0.0629
RedBeet,-0.4007,-0.0875,21.4437,0.00,0.0629
RedBeet,-0.3547,-0.0875,21.3407,0.00,0.0629
RedBeet,-0.4079,-0.0875,21.3101,0.00,0.0629
RedBeet,-0.4053,-0.0875,21.3994,0.00,0.0629
RedBeet,-0.3680,-0.0875,21.4055,0.00,0.0629
RedBeet,-0.3734,-0.0875,21.3128,0.00,0.0629
RedBeet,-0.3496,-0.0875,21.2310,0.00,0.0629
RedBeet,-0.0920,-0.0875,21.6584,0.00,0.0629
RedBeet,-0.0920,-0.0875,21.6584,0.00,0.0629
RedBeet,-0.0850,-0.0875,21.5956,0.00,0.0629
RedBeet,-0.1153,-0.0875,21.5437,0.00,0.0629
RedBeet,-0.1213,-0.0875,21.4659,0.00,0.0629
RedBeet,0.0273,-0.0875,21.6048,0.00,0.0629
RedBeet,0.0168,-0.0875,21.5464,0.00,0.0629
RedBeet,-0.0199,-0.0875,21.5019,0.00,0.0629
RedBeet,-0.0294,-0.0875,21.4437,0.00,0.0629
RedBeet,0.0165,-0.0875,21.3407,0.00,0.0629
RedBeet,-0.0366,-0.0875,21.3101,0.00,0.0629
RedBeet,-0.0340,-0.0875,21.3994,0.00,0.0629
RedBeet,0.0032,-0.0875,21.4055,0.00,0.0629
RedBeet,-0.0021,-0.0875,21.3128,0.00,0.0629
RedBeet,0.0217,-0.0875,21.2310,0.00,0.0629
RedBeet,0.0794,-0.0875,21.6584,0.00,0.0629
RedBeet,0.0794,-0.0875,21.6584,0.00,0.0629
RedBeet,0.0863,-0.0875,21.5956,0.00,0.0629
RedBeet,0.0560,-0.0875,21.5437,0.00,0.0629
RedBeet,0.0500,-0.0875,21.4659,0.00,0.0629
RedBeet,0.1986,-0.0875,21.6048,0.00,0.0629
RedBeet,0.1882,-0.0875,21.5464,0.00,0.0629
RedBeet,0.1514,-0.0875,21.5019,0.00,0.0629
RedBeet,0.1419,-0.0875,21.4437,0.00,0.0629
RedBeet,0.1879,-0.0875,21.3407,0.00,0.0629
RedBeet,0.1348,-0.0875,21.3101,0.00,0.0629
RedBeet,0.1373,-0.0875,21.3994,0.00,0.0629
RedBeet,0.1746,-0.0875,21.4055,0.00,0.0629
RedBeet,0.1692,-0.0875,21.3128,0.00,0.0629
RedBeet,0.1930,-0.0875,21.2310,0.00,0.0629
RedBeet,0.1425,-0.0875,21.6584,0.00,0.0629
RedBeet,0.1425,-0.0875,21.6584,0.00,0.0629
RedBeet,0.1495,-0.0875,21.5956,0.00,0.0629
RedBeet,0.1192,-0.0875,21.5437,0.00,0.0629
RedBeet,0.1132,-0.0875,21.4659,0.00,0.0629
RedBeet,0.2618,-0.0875,21.6048,0.00,0.0629
RedBeet,0.2513,-0.0875,21.5464,0.00,0.0629
RedBeet,0.2146,-0.0875,21.5019,0.00,0.0629
RedBeet,0.2051,-0.0875,21.4437,0.00,0.0629
RedBeet,0.2510,-0.0875,21.3407,0.00,0.0629
RedBeet,0.1979,-0.0875,21.3101,0.00,0.0629
RedBeet,0.2005,-0.0875,21.3994,0.00,0.0629
RedBeet,0.2378,-0.0875,21.4055,0.00,0.0629
RedBeet,0.2324,-0.0875,21.3128,0.00,0.0629
RedBeet,0.2562,-0.0875,21.2310,0.00,0.0629
RedBeet,-5.7948,-0.0875,-0.0434,0.00,0.0629
RedBeet,-5.6998,-0.0875,-0.1300,0.00,0.0629
RedBeet,-5.7902,-0.0875,0.0009,0.00,0.0629
RedBeet,-5.7342,-0.0875,-0.1327,0.00,0.0629
RedBeet,-5.7443,-0.0875,-0.1021,0.00,0.0629
RedBeet,-5.8625,-0.0875,0.3065,0.00,0.0629
RedBeet,-5.8625,-0.0875,0.3065,0.00,0.0629
RedBeet,-5.8556,-0.0875,0.2437,0.00,0.0629
RedBeet,-5.8859,-0.0875,0.1918,0.00,0.0629
RedBeet,-5.8919,-0.0875,0.1140,0.00,0.0629
RedBeet,-5.7433,-0.0875,0.2529,0.00,0.0629
RedBeet,-5.7993,-0.0875,0.3065,0.00,0.0629
RedBeet,-5.7993,-0.0875,0.3065,0.00,0.0629
RedBeet,-5.8265,-0.0875,0.1107,0.00,0.0629
RedBeet,-5.8265,-0.0875,0.1107,0.00,0.0629
RedBeet,-5.8195,-0.0875,0.0479,0.00,0.0629
RedBeet,-5.8499,-0.0875,-0.0040,0.00,0.0629
RedBeet,-5.8559,-0.0875,-0.0818,0.00,0.0629
RedBeet,-5.7072,-0.0875,0.0571,0.00,0.0629
RedBeet,-5.7633,-0.0875,0.1107,0.00,0.0629
RedBeet,-5.7633,-0.0875,0.1107,0.00,0.0629
RedBeet,-6.0631,-0.0875,0.3336,0.00,0.0629
RedBeet,-6.0631,-0.0875,0.3336,0.00,0.0629
RedBeet,-6.0561,-0.0875,0.2708,0.00,0.0629
RedBeet,-6.0864,-0.0875,0.2188,0.00,0.0629
RedBeet,-6.0924,-0.0875,0.1411,0.00,0.0629
RedBeet,-5.9438,-0.0875,0.2799,0.00,0.0629
RedBeet,-5.9543,-0.0875,0.2216,0.00,0.0629
RedBeet,-5.9910,-0.0875,0.1771,0.00,0.0629
RedBeet,-6.0005,-0.0875,0.1189,0.00,0.0629
RedBeet,-5.9546,-0.0875,0.0159,0.00,0.0629
RedBeet,-6.0077,-0.0875,-0.0148,0.00,0.0629
RedBeet,-6.0051,-0.0875,0.0746,0.00,0.0629
RedBeet,-5.9679,-0.0875,0.0807,0.00,0.0629
RedBeet,-5.9732,-0.0875,-0.0120,0.00,0.0629
RedBeet,-5.9494,-0.0875,-0.0938,0.00,0.0629
RedBeet,-5.6918,-0.0875,0.3336,0.00,0.0629
RedBeet,-5.6918,-0.0875,0.3336,0.00,0.0629
RedBeet,-5.6848,-0.0875,0.2708,0.00,0.0629
RedBeet,-5.7152,-0.0875,0.2188,0.00,0.0629
RedBeet,-5.7212,-0.0875,0.1411,0.00,0.0629
RedBeet,-5.5725,-0.0875,0.2799,0.00,0.0629
RedBeet,-5.5830,-0.0875,0.2216,0.00,0.0629
RedBeet,-5.6198,-0.0875,0.1771,0.00,0.0629
RedBeet,-5.6292,-0.0875,0.1189,0.00,0.0629
RedBeet,-5.5833,-0.0875,0.0159,0.00,0.0629
RedBeet,-5.6364,-0.0875,-0.0148,0.00,0.0629
RedBeet,-5.6338,-0.0875,0.0746,0.00,0.0629
RedBeet,-5.5966,-0.0875,0.0807,0.00,0.0629
RedBeet,-5.6020,-0.0875,-0.0120,0.00,0.0629
RedBeet,-5.5781,-0.0875,-0.0938,0.00,0.0629
RedBeet,-5.5205,-0.0875,0.3336,0.00,0.0629
RedBeet,-5.5205,-0.0875,0.3336,0.00,0.0629
RedBeet,-5.5135,-0.0875,0.2708,0.00,0.0629
RedBeet,-5.5438,-0.0875,0.2188,0.00,0.0629
RedBeet,-5.5498,-0.0875,0.1411,0.00,0.0629
RedBeet,-5.4012,-0.0875,0.2799,0.00,0.0629
RedBeet,-5.4117,-0.0875,0.2216,0.00,0.0629
RedBeet,-5.4484,-0.0875,0.1771,0.00,0.0629
RedBeet,-5.4579,-0.0875,0.1189,0.00,0.0629
RedBeet,-5.4120,-0.0875,0.0159,0.00,0.0629
RedBeet,-5.4651,-0.0875,-0.0148,0.00,0.0629
RedBeet,-5.4625,-0.0875,0.0746,0.00,0.0629
RedBeet,-5.4253,-0.0875,0.0807,0.00,0.0629
RedBeet,-5.4306,-0.0875,-0.0120,0.00,0.0629
RedBeet,-5.4068,-0.0875,-0.0938,0.00,0.0629
RedBeet,-5.4573,-0.0875,0.3336,0.00,0.0629
RedBeet,-5.4573,-0.0875,0.3336,0.00,0.0629
RedBeet,-5.4503,-0.0875,0.2708,0.00,0.0629
RedBeet,-5.4807,-0.0875,0.2188,0.00,0.0629
RedBeet,-5.4867,-0.0875,0.1411,0.00,0.0629
RedBeet,-5.3380,-0.0875,0.2799,0.00,0.0629
RedBeet,-5.3485,-0.0875,0.2216,0.00,0.0629
RedBeet,-5.3852,-0.0875,0.1771,0.00,0.0629
RedBeet,-5.3947,-0.0875,0.1189,0.00,0.0629
RedBeet,-5.3488,-0.0875,0.0159,0.00,0.0629
RedBeet,-5.4019,-0.0875,-0.0148,0.00,0.0629
RedBeet,-5.3993,-0.0875,0.0746,0.00,0.0629
RedBeet,-5.3621,-0.0875,0.0807,0.00,0.0629
RedBeet,-5.3674,-0.0875,-0.0120,0.00,0.0629
RedBeet,-5.3436,-0.0875,-0.0938,0.00,0.0629
RedBeet,-2.9820,-0.0875,-0.0434,0.00,0.0629
RedBeet,-2.8870,-0.0875,-0.1300,0.00,0.0629
RedBeet,-2.9774,-0.0875,0.0009,0.00,0.0629
RedBeet,-2.9214,-0.0875,-0.1327,0.00,0.0629
RedBeet,-2.9315,-0.0875,-0.1021,0.00,0.0629
RedBeet,-3.0497,-0.0875,0.3065,0.00,0.0629
RedBeet,-3.0497,-0.0875,0.3065,0.00,0.0629
RedBeet,-3.0428,-0.0875,0.2437,0.00,0.0629
RedBeet,-3.0731,-0.0875,0.1918,0.00,0.0629
RedBeet,-3.0791,-0.0875,0.1140,0.00,0.0629
RedBeet,-2.9305,-0.0875,0.2529,0.00,0.0629
RedBeet,-2.9866,-0.0875,0.3065,0.00,0.0629
RedBeet,-2.9866,-0.0875,0.3065,0.00,0.0629
RedBeet,-3.0137,-0.0875,0.1107,0.00,0.0629
RedBeet,-3.0137,-0.0875,0.1107,0.00,0.0629
RedBeet,-3.0067,-0.0875,0.0479,0.00,0.0629
RedBeet,-3.0371,-0.0875,-0.0040,0.00,0.0629
RedBeet,-3.0431,-0.0875,-0.0818,0.00,0.0629
RedBeet,-2.8944,-0.0875,0.0571,0.00,0.0629
RedBeet,-2.9505,-0.0875,0.1107,0.00,0.0629
RedBeet,-2.9505,-0.0875,0.1107,0.00,0.0629
RedBeet,-3.2503,-0.0875,0.3336,0.00,0.0629
RedBeet,-3.2503,-0.0875,0.3336,0.00,0.0629
RedBeet,-3.2433,-0.0875,0.2708,0.00,0.0629
RedBeet,-3.2736,-0.0875,0.2188,0.00,0.0629
RedBeet,-3.2796,-0.0875,0.1411,0.00,0.0629
RedBeet,-3.1310,-0.0875,0.2799,0.00,0.0629
RedBeet,-3.1415,-0.0875,0.2216,0.00,0.0629
RedBeet,-3.1782,-0.0875,0.1771,0.00,0.0629
RedBeet,-3.1877,-0.0875,0.1189,0.00,0.0629
RedBeet,-3.1418,-0.0875,0.0159,0.00,0.0629
RedBeet,-3.1949,-0.0875,-0.0148,0.00,0.0629
RedBeet,-3.1923,-0.0875,0.0746,0.00,0.0629
RedBeet,-3.1551,-0.0875,0.0807,0.00,0.0629
RedBeet,-3.1604,-0.0875,-0.0120,0.00,0.0629
RedBeet,-3.1366,-0.0875,-0.0938,0.00,0.0629
RedBeet,-2.8790,-0.0875,0.3336,0.00,0.0629
RedBeet,-2.8790,-0.0875,0.3336,0.00,0.0629
RedBeet,-2.8721,-0.0875,0.2708,0.00,0.0629
RedBeet,-2.9024,-0.0875,0.2188,0.00,0.0629
RedBeet,-2.9084,-0.0875,0.1411,0.00,0.0629
RedBeet,-2.7597,-0.0875,0.2799,0.00,0.0629
RedBeet,-2.7702,-0.0875,0.2216,0.00,0.0629
RedBeet,-2.8070,-0.0875,0.1771,0.00,0.0629
RedBeet,-2.8164,-0.0875,0.1189,0.00,0.0629
RedBeet,-2.7705,-0.0875,0.0159,0.00,0.0629
RedBeet,-2.8236,-0.0875,-0.0148,0.00,0.0629
RedBeet,-2.8210,-0.0875,0.0746,0.00,0.0629
RedBeet,-2.7838,-0.0875,0.0807,0.00,0.0629
RedBeet,-2.7892,-0.0875,-0.0120,0.00,0.0629
RedBeet,-2.7654,-0.0875,-0.0938,0.00,0.0629
RedBeet,-2.7077,-0.0875,0.3336,0.00,0.0629
RedBeet,-2.7077,-0.0875,0.3336,0.00,0.0629
RedBeet,-2.7007,-0.0875,0.2708,0.00,0.0629
RedBeet,-2.7310,-0.0875,0.2188,0.00,0.0629
RedBeet,-2.7370,-0.0875,0.1411,0.00,0.0629
RedBeet,-2.5884,-0.0875,0.2799,0.00,0.0629
RedBeet,-2.5989,-0.0875,0.2216,0.00,0.0629
RedBeet,-2.6356,-0.0875,0.1771,0.00,0.0629
RedBeet,-2.6451,-0.0875,0.1189,0.00,0.0629
RedBeet,-2.5992,-0.0875,0.0159,0.00,0.0629
RedBeet,-2.6523,-0.0875,-0.0148,0.00,0.0629
RedBeet,-2.6497,-0.0875,0.0746,0.00,0.0629
RedBeet,-2.6125,-0.0875,0.0807,0.00,0.0629
RedBeet,-2.6178,-0.0875,-0.0120,0.00,0.0629
RedBeet,-2.5940,-0.0875,-0.0938,0.00,0.0629
RedBeet,-2.6445,-0.0875,0.3336,0.00,0.0629
RedBeet,-2.6445,-0.0875,0.3336,0.00,0.0629
RedBeet,-2.6375,-0.0875,0.2708,0.00,0.0629
RedBeet,-2.6679,-0.0875,0.2188,0.00,0.0629
RedBeet,-2.6739,-0.0875,0.1411,0.00,0.0629
RedBeet,-2.5252,-0.0875,0.2799,0.00,0.0629
RedBeet,-2.5357,-0.0875,0.2216,0.00,0.0629
RedBeet,-2.5725,-0.0875,0.1771,0.00,0.0629
RedBeet,-2.5819,-0.0875,0.1189,0.00,0.0629
RedBeet,-2.5360,-0.0875,0.0159,0.00,0.0629
RedBeet,-2.5891,-0.0875,-0.0148,0.00,0.0629
RedBeet,-2.5865,-0.0875,0.0746,0.00,0.0629
RedBeet,-2.5493,-0.0875,0.0807,0.00,0.0629
RedBeet,-2.5547,-0.0875,-0.0120,0.00,0.0629
RedBeet,-2.5308,-0.0875,-0.0938,0.00,0.0629
RedBeet,-4.4210,-0.0875,-0.0434,0.00,0.0629
RedBeet,-4.3260,-0.0875,-0.1300,0.00,0.0629
RedBeet,-4.4164,-0.0875,0.0009,0.00,0.0629
RedBeet,-4.3604,-0.0875,-0.1327,0.00,0.0629
RedBeet,-4.3705,-0.0875,-0.1021,0.00,0.0629
RedBeet,-4.4887,-0.0875,0.3065,0.00,0.0629
RedBeet,-4.4887,-0.0875,0.3065,0.00,0.0629
RedBeet,-4.4818,-0.0875,0.2437,0.00,0.0629
RedBeet,-4.5121,-0.0875,0.1918,0.00,0.0629
RedBeet,-4.5181,-0.0875,0.1140,0.00,0.0629
RedBeet,-4.3695,-0.0875,0.2529,0.00,0.0629
RedBeet,-4.4256,-0.0875,0.3065,0.00,0.0629
RedBeet,-4.4256,-0.0875,0.3065,0.00,0.0629
RedBeet,-4.4527,-0.0875,0.1107,0.00,0.0629
RedBeet,-4.4527,-0.0875,0.1107,0.00,0.0629
RedBeet,-4.4458,-0.0875,0.0479,0.00,0.0629
RedBeet,-4.4761,-0.0875,-0.0040,0.00,0.0629
RedBeet,-4.4821,-0.0875,-0.0818,0.00,0.0629
RedBeet,-4.3334,-0.0875,0.0571,0.00,0.0629
RedBeet,-4.3895,-0.0875,0.1107,0.00,0.0629
RedBeet,-4.3895,-0.0875,0.1107,0.00,0.0629
RedBeet,-4.6893,-0.0875,0.3336,0.00,0.0629
RedBeet,-4.6893,-0.0875,0.3336,0.00,0.0629
RedBeet,-4.6823,-0.0875,0.2708,0.00,0.0629
RedBeet,-4.7127,-0.0875,0.2188,0.00,0.0629
RedBeet,-4.7187,-0.0875,0.1411,0.00,0.0629
RedBeet,-4.5700,-0.0875,0.2799,0.00,0.0629
RedBeet,-4.5805,-0.0875,0.2216,0.00,0.0629
RedBeet,-4.6172,-0.0875,0.1771,0.00,0.0629
RedBeet,-4.6267,-0.0875,0.1189,0.00,0.0629
RedBeet,-4.5808,-0.0875,0.0159,0.00,0.0629
RedBeet,-4.6339,-0.0875,-0.0148,0.00,0.0629
RedBeet,-4.6313,-0.0875,0.0746,0.00,0.0629
RedBeet,-4.5941,-0.0875,0.0807,0.00,0.0629
RedBeet,-4.5994,-0.0875,-0.0120,0.00,0.0629
RedBeet,-4.5756,-0.0875,-0.0938,0.00,0.0629
RedBeet,-4.3180,-0.0875,0.3336,0.00,0.0629
RedBeet,-4.3180,-0.0875,0.3336,0.00,0.0629
RedBeet,-4.3111,-0.0875,0.2708,0.00,0.0629
RedBeet,-4.3414,-0.0875,0.2188,0.00,0.0629
RedBeet,-4.3474,-0.0875,0.1411,0.00,0.0629
RedBeet,-4.1988,-0.0875,0.2799,0.00,0.0629
RedBeet,-4.2092,-0.0875,0.2216,0.00,0.0629
RedBeet,-4.2460,-0.0875,0.1771,0.00,0.0629
RedBeet,-4.2554,-0.0875,0.1189,0.00,0.0629
RedBeet,-4.2095,-0.0875,0.0159,0.00,0.0629
RedBeet,-4.2626,-0.0875,-0.0148,0.00,0.0629
RedBeet,-4.2601,-0.0875,0.0746,0.00,0.0629
RedBeet,-4.2228,-0.0875,0.0807,0.00,0.0629
RedBeet,-4.2282,-0.0875,-0.0120,0.00,0.0629
RedBeet,-4.2044,-0.0875,-0.0938,0.00,0.0629
RedBeet,-4.1467,-0.0875,0.3336,0.00,0.0629
RedBeet,-4.1467,-0.0875,0.3336,0.00,0.0629
RedBeet,-4.1397,-0.0875,0.2708,0.00,0.0629
RedBeet,-4.1700,-0.0875,0.2188,0.00,0.0629
RedBeet,-4.1760,-0.0875,0.1411,0.00,0.0629
RedBeet,-4.0274,-0.0875,0.2799,0.00,0.0629
RedBeet,-4.0379,-0.0875,0.2216,0.00,0.0629
RedBeet,-4.0746,-0.0875,0.1771,0.00,0.0629
RedBeet,-4.0841,-0.0875,0.1189,0.00,0.0629
RedBeet,-4.0382,-0.0875,0.0159,0.00,0.0629
RedBeet,-4.0913,-0.0875,-0.0148,0.00,0.0629
RedBeet,-4.0887,-0.0875,0.0746,0.00,0.0629
RedBeet,-4.0515,-0.0875,0.0807,0.00,0.0629
RedBeet,-4.0568,-0.0875,-0.0120,0.00,0.0629
RedBeet,-4.0330,-0.0875,-0.0938,0.00,0.0629
RedBeet,-4.0835,-0.0875,0.3336,0.00,0.0629
RedBeet,-4.0835,-0.0875,0.3336,0.00,0.0629
RedBeet,-4.0766,-0.0875,0.2708,0.00,0.0629
RedBeet,-4.1069,-0.0875,0.2188,0.00,0.0629
RedBeet,-4.1129,-0.0875,0.1411,0.00,0.0629
RedBeet,-3.9642,-0.0875,0.2799,0.00,0.0629
RedBeet,-3.9747,-0.0875,0.2216,0.00,0.0629
RedBeet,-4.0115,-0.0875,0.1771,0.00,0.0629
RedBeet,-4.0209,-0.0875,0.1189,0.00,0.0629
RedBeet,-3.9750,-0.0875,0.0159,0.00,0.0629
RedBeet,-4.0281,-0.0875,-0.0148,0.00,0.0629
RedBeet,-4.0255,-0.0875,0.0746,0.00,0.0629
RedBeet,-3.9883,-0.0875,0.0807,0.00,0.0629
RedBeet,-3.9937,-0.0875,-0.0120,0.00,0.0629
RedBeet,-3.9699,-0.0875,-0.0938,0.00,0.0629
RedBeet,-1.6000,-0.0875,-0.0434,0.00,0.0629
RedBeet,-1.5050,-0.0875,-0.1300,0.00,0.0629
RedBeet,-1.5954,-0.0875,0.0009,0.00,0.0629
RedBeet,-1.5394,-0.0875,-0.1327,0.00,0.0629
RedBeet,-1.5495,-0.0875,-0.1021,0.00,0.0629
RedBeet,-1.6677,-0.0875,0.3065,0.00,0.0629
RedBeet,-1.6677,-0.0875,0.3065,0.00,0.0629
RedBeet,-1.6608,-0.0875,0.2437,0.00,0.0629
RedBeet,-1.6911,-0.0875,0.1918,0.00,0.0629
RedBeet,-1.6971,-0.0875,0.1140,0.00,0.0629
RedBeet,-1.5485,-0.0875,0.2529,0.00,0.0629
RedBeet,-1.6046,-0.0875,0.3065,0.00,0.0629
RedBeet,-1.6046,-0.0875,0.3065,0.00,0.0629
RedBeet,-1.6317,-0.0875,0.1107,0.00,0.0629
RedBeet,-1.6317,-0.0875,0.1107,0.00,0.0629
RedBeet,-1.6247,-0.0875,0.0479,0.00,0.0629
RedBeet,-1.6551,-0.0875,-0.0040,0.00,0.0629
RedBeet,-1.6611,-0.0875,-0.0818,0.00,0.0629
RedBeet,-1.5124,-0.0875,0.0571,0.00,0.0629
RedBeet,-1.5685,-0.0875,0.1107,0.00,0.0629
RedBeet,-1.5685,-0.0875,0.1107,0.00,0.0629
RedBeet,-1.8683,-0.0875,0.3336,0.00,0.0629
RedBeet,-1.8683,-0.0875,0.3336,0.00,0.0629
RedBeet,-1.8613,-0.0875,0.2708,0.00,0.0629
RedBeet,-1.8916,-0.0875,0.2188,0.00,0.0629
RedBeet,-1.8977,-0.0875,0.1411,0.00,0.0629
RedBeet,-1.7490,-0.0875,0.2799,0.00,0.0629
RedBeet,-1.7595,-0.0875,0.2216,0.00,0.0629
RedBeet,-1.7962,-0.0875,0.1771,0.00,0.0629
RedBeet,-1.8057,-0.0875,0.1189,0.00,0.0629
RedBeet,-1.7598,-0.0875,0.0159,0.00,0.0629
RedBeet,-1.8129,-0.0875,-0.0148,0.00,0.0629
RedBeet,-1.8103,-0.0875,0.0746,0.00,0.0629
RedBeet,-1.7731,-0.0875,0.0807,0.00,0.0629
RedBeet,-1.7784,-0.0875,-0.0120,0.00,0.0629
RedBeet,-1.7546,-0.0875,-0.0938,0.00,0.0629
RedBeet,-1.4970,-0.0875,0.3336,0.00,0.0629
RedBeet,-1.4970,-0.0875,0.3336,0.00,0.0629
RedBeet,-1.4901,-0.0875,0.2708,0.00,0.0629
RedBeet,-1.5204,-0.0875,0.2188,0.00,0.0629
RedBeet,-1.5264,-0.0875,0.1411,0.00,0.0629
RedBeet,-1.3777,-0.0875,0.2799,0.00,0.0629
RedBeet,-1.3882,-0.0875,0.2216,0.00,0.0629
RedBeet,-1.4250,-0.0875,0.1771,0.00,0.0629
RedBeet,-1.4344,-0.0875,0.1189,0.00,0.0629
RedBeet,-1.3885,-0.0875,0.0159,0.00,0.0629
RedBeet,-1.4416,-0.0875,-0.0148,0.00,0.0629
RedBeet,-1.4391,-0.0875,0.0746,0.00,0.0629
RedBeet,-1.4018,-0.0875,0.0807,0.00,0.0629
RedBeet,-1.4072,-0.0875,-0.0120,0.00,0.0629
RedBeet,-1.3834,-0.0875,-0.0938,0.00,0.0629
RedBeet,-1.3257,-0.0875,0.3336,0.00,0.0629
RedBeet,-1.3257,-0.0875,0.3336,0.00,0.0629
RedBeet,-1.3187,-0.0875,0.2708,0.00,0.0629
RedBeet,-1.3490,-0.0875,0.2188,0.00,0.0629
RedBeet,-1.3550,-0.0875,0.1411,0.00,0.0629
RedBeet,-1.2064,-0.0875,0.2799,0.00,0.0629
RedBeet,-1.2169,-0.0875,0.2216,0.00,0.0629
RedBeet,-1.2536,-0.0875,0.1771,0.00,0.0629
RedBeet,-1.2631,-0.0875,0.1189,0.00,0.0629
RedBeet,-1.2172,-0.0875,0.0159,0.00,0.0629
RedBeet,-1.2703,-0.0875,-0.0148,0.00,0.0629
RedBeet,-1.2677,-0.0875,0.0746,0.00,0.0629
RedBeet,-1.2305,-0.0875,0.0807,0.00,0.0629
RedBeet,-1.2358,-0.0875,-0.0120,0.00,0.0629
RedBeet,-1.2120,-0.0875,-0.0938,0.00,0.0629
RedBeet,-1.2625,-0.0875,0.3336,0.00,0.0629
RedBeet,-1.2625,-0.0875,0.3336,0.00,0.0629
RedBeet,-1.2555,-0.0875,0.2708,0.00,0.0629
RedBeet,-1.2859,-0.0875,0.2188,0.00,0.0629
RedBeet,-1.2919,-0.0875,0.1411,0.00,0.0629
RedBeet,-1.1432,-0.0875,0.2799,0.00,0.0629
RedBeet,-1.1537,-0.0875,0.2216,0.00,0.0629
RedBeet,-1.1905,-0.0875,0.1771,0.00,0.0629
RedBeet,-1.1999,-0.0875,0.1189,0.00,0.0629
RedBeet,-1.1540,-0.0875,0.0159,0.00,0.0629
RedBeet,-1.2071,-0.0875,-0.0148,0.00,0.0629
RedBeet,-1.2045,-0.0875,0.0746,0.00,0.0629
RedBeet,-1.1673,-0.0875,0.0807,0.00,0.0629
RedBeet,-1.1727,-0.0875,-0.0120,0.00,0.0629
RedBeet,-1.1488,-0.0875,-0.0938,0.00,0.0629
RedBeet,-0.1374,-0.0875,-0.0434,0.00,0.0629
RedBeet,-0.0423,-0.0875,-0.1300,0.00,0.0629
RedBeet,-0.1327,-0.0875,0.0009,0.00,0.0629
RedBeet,-0.0768,-0.0875,-0.1327,0.00,0.0629
RedBeet,-0.0868,-0.0875,-0.1021,0.00,0.0629
RedBeet,-0.2051,-0.0875,0.3065,0.00,0.0629
RedBeet,-0.2051,-0.0875,0.3065,0.00,0.0629
RedBeet,-0.1981,-0.0875,0.2437,0.00,0.0629
RedBeet,-0.2284,-0.0875,0.1918,0.00,0.0629
RedBeet,-0.2344,-0.0875,0.1140,0.00,0.0629
RedBeet,-0.0858,-0.0875,0.2529,0.00,0.0629
RedBeet,-0.1419,-0.0875,0.3065,0.00,0.0629
RedBeet,-0.1419,-0.0875,0.3065,0.00,0.0629
RedBeet,-0.1690,-0.0875,0.1107,0.00,0.0629
RedBeet,-0.1690,-0.0875,0.1107,0.00,0.0629
RedBeet,-0.1621,-0.0875,0.0479,0.00,0.0629
RedBeet,-0.1924,-0.0875,-0.0040,0.00,0.0629
RedBeet,-0.1984,-0.0875,-0.0818,0.00,0.0629
RedBeet,-0.0498,-0.0875,0.0571,0.00,0.0629
RedBeet,-0.1059,-0.0875,0.1107,0.00,0.0629
RedBeet,-0.1059,-0.0875,0.1107,0.00,0.0629
RedBeet,-0.4056,-0.0875,0.3336,0.00,0.0629
RedBeet,-0.4056,-0.0875,0.3336,0.00,0.0629
RedBeet,-0.3987,-0.0875,0.2708,0.00,0.0629
RedBeet,-0.4290,-0.0875,0.2188,0.00,0.0629
RedBeet,-0.4350,-0.0875,0.1411,0.00,0.0629
RedBeet,-0.2864,-0.0875,0.2799,0.00,0.0629
RedBeet,-0.2968,-0.0875,0.2216,0.00,0.0629
RedBeet,-0.3336,-0.0875,0.1771,0.00,0.0629
RedBeet,-0.3430,-0.0875,0.1189,0.00,0.0629
RedBeet,-0.2971,-0.0875,0.0159,0.00,0.0629
RedBeet,-0.3502,-0.0875,-0.0148,0.00,0.0629
RedBeet,-0.3477,-0.0875,0.0746,0.00,0.0629
RedBeet,-0.3104,-0.0875,0.0807,0.00,0.0629
RedBeet,-0.3158,-0.0875,-0.0120,0.00,0.0629
RedBeet,-0.2920,-0.0875,-0.0938,0.00,0.0629
RedBeet,-0.0343,-0.0875,0.3336,0.00,0.0629
RedBeet,-0.0343,-0.0875,0.3336,0.00,0.0629
RedBeet,-0.0274,-0.0875,0.2708,0.00,0.0629
RedBeet,-0.0577,-0.0875,0.2188,0.00,0.0629
RedBeet,-0.0637,-0.0875,0.1411,0.00,0.0629
RedBeet,0.0849,-0.0875,0.2799,0.00,0.0629
RedBeet,0.0744,-0.0875,0.2216,0.00,0.0629
RedBeet,0.0377,-0.0875,0.1771,0.00,0.0629
RedBeet,0.0282,-0.0875,0.1189,0.00,0.0629
RedBeet,0.0742,-0.0875,0.0159,0.00,0.0629
RedBeet,0.0210,-0.0875,-0.0148,0.00,0.0629
RedBeet,0.0236,-0.0875,0.0746,0.00,0.0629
RedBeet,0.0609,-0.0875,0.0807,0.00,0.0629
RedBeet,0.0555,-0.0875,-0.0120,0.00,0.0629
RedBeet,0.0793,-0.0875,-0.0938,0.00,0.0629
RedBeet,0.1370,-0.0875,0.3336,0.00,0.0629
RedBeet,0.1370,-0.0875,0.3336,0.00,0.0629
RedBeet,0.1440,-0.0875,0.2708,0.00,0.0629
RedBeet,0.1136,-0.0875,0.2188,0.00,0.0629
RedBeet,0.1076,-0.0875,0.1411,0.00,0.0629
RedBeet,0.2563,-0.0875,0.2799,0.00,0.0629
RedBeet,0.2458,-0.0875,0.2216,0.00,0.0629
RedBeet,0.2090,-0.0875,0.1771,0.00,0.0629
RedBeet,0.1996,-0.0875,0.1189,0.00,0.0629
RedBeet,0.2455,-0.0875,0.0159,0.00,0.0629
RedBeet,0.1924,-0.0875,-0.0148,0.00,0.0629
RedBeet,0.1950,-0.0875,0.0746,0.00,0.0629
RedBeet,0.2322,-0.0875,0.0807,0.00,0.0629
RedBeet,0.2268,-0.0875,-0.0120,0.00,0.0629
RedBeet,0.2507,-0.0875,-0.0938,0.00,0.0629
RedBeet,0.2002,-0.0875,0.3336,0.00,0.0629
RedBeet,0.2002,-0.0875,0.3336,0.00,0.0629
RedBeet,0.2071,-0.0875,0.2708,0.00,0.0629
RedBeet,0.1768,-0.0875,0.2188,0.00,0.0629
RedBeet,0.1708,-0.0875,0.1411,0.00,0.0629
RedBeet,0.3194,-0.0875,0.2799,0.00,0.0629
RedBeet,0.3090,-0.0875,0.2216,0.00,0.0629
RedBeet,0.2722,-0.0875,0.1771,0.00,0.0629
RedBeet,0.2627,-0.0875,0.1189,0.00,0.0629
RedBeet,0.3087,-0.0875,0.0159,0.00,0.0629
RedBeet,0.2556,-0.0875,-0.0148,0.00,0.0629
RedBeet,0.2581,-0.0875,0.0746,0.00,0.0629
RedBeet,0.2954,-0.0875,0.0807,0.00,0.0629
RedBeet,0.2900,-0.0875,-0.0120,0.00,0.0629
RedBeet,0.3138,-0.0875,-0.0938,0.00,0.0629
Rosemary,-0.4025,-0.5153,32.0811,-160.64,0.1674
Rosemary,-0.4025,-0.5153,32.3506,-268.28,0.1674
Rosemary,-0.0620,-0.5153,32.0811,-112.12,0.1674
Rosemary,-0.0620,-0.5153,32.3506,-219.75,0.1674
Rosemary,0.2327,-0.5153,32.3506,-107.64,0.1674
Rosemary,0.2327,-0.5153,32.0811,0.00,0.1674
Rosemary,-1.9488,-0.5153,31.0425,-160.64,0.1674
Rosemary,-1.9488,-0.5153,31.3121,-268.28,0.1674
Rosemary,-1.6083,-0.5153,31.0425,-112.12,0.1674
Rosemary,-1.6083,-0.5153,31.2658,-219.75,0.1674
Rosemary,-1.3136,-0.5153,31.2658,-107.64,0.1674
Rosemary,-1.3136,-0.5153,30.9963,0.00,0.1674
Rosemary,-0.4025,-0.5153,31.0373,-160.64,0.1674
Rosemary,-0.4025,-0.5153,31.2944,-268.28,0.1674
Rosemary,-0.0620,-0.5153,31.0476,-112.12,0.1674
Rosemary,-0.0620,-0.5153,31.3094,-219.75,0.1674
Rosemary,0.2327,-0.5153,31.2974,-107.64,0.1674
Rosemary,0.2327,-0.5153,31.0635,0.00,0.1674
Rosemary,-0.4025,-0.5153,-0.9737,-160.64,0.1674
Rosemary,-0.4025,-0.5153,-0.7041,-268.28,0.1674
Rosemary,-0.0620,-0.5153,-0.9737,-112.12,0.1674
Rosemary,-0.0620,-0.5153,-0.7041,-219.75,0.1674
Rosemary,0.2327,-0.5153,-0.7041,-107.64,0.1674
Rosemary,0.2327,-0.5153,-0.9737,0.00,0.1674
Rosemary,-1.9488,-0.5153,-0.0250,-160.64,0.1674
Rosemary,-1.9488,-0.5153,0.2445,-268.28,0.1674
Rosemary,-1.6083,-0.5153,-0.0250,-112.12,0.1674
Rosemary,-1.6083,-0.5153,0.2445,-219.75,0.1674
Rosemary,-1.3136,-0.5153,0.2445,-107.64,0.1674
Rosemary,-1.3136,-0.5153,-0.0250,0.00,0.1674
Rosemary,-0.4025,-0.5153,-0.0250,-160.64,0.1674
Rosemary,-0.4025,-0.5153,0.2445,-268.28,0.1674
Rosemary,-0.0620,-0.5153,-0.0250,-112.12,0.1674
Rosemary,-0.0620,-0.5153,0.2445,-219.75,0.1674
Rosemary,0.2327,-0.5153,0.2445,-107.64,0.1674
Rosemary,0.2327,-0.5153,-0.0250,0.00,0.1674
TreeSimple,-2.0688,0.0000,4.8643,71.26,1.0000
TreeSimple,-4.5252,0.0000,2.7273,0.00,1.0000
TreeSimple,-3.0020,0.0000,2.7387,0.00,1.0000
TreeSimple,-0.5900,0.0000,3.7846,71.26,1.0000
TreeSimple,-1.5570,0.0000,2.7244,0.00,1.0000
TreeSimple,0.9368,0.0000,2.6948,71.26,1.0000
TreeSimple,-0.0000,0.0000,2.7244,0.00,1.0000
TreeSimple,-3.9707,0.0000,2.1696,71.26,1.0000
TreeSimple,-4.5252,0.0000,0.0028,0.00,1.0000
TreeSimple,-3.0020,0.0000,0.0143,0.00,1.0000
TreeSimple,-2.4919,0.0000,1.0898,71.26,1.0000
TreeSimple,-1.5570,0.0000,0.0000,0.00,1.0000
TreeSimple,-0.9651,0.0000,0.0000,71.26,1.0000
TreeSimple,-0.0000,0.0000,0.0000,0.00,1.0000
TreeSimple,-2.0688,0.0000,4.8643,71.26,1.0000
TreeSimple,-4.5252,0.0000,2.7273,0.00,1.0000
TreeSimple,-3.0020,0.0000,2.7387,0.00,1.0000
TreeSimple,-0.5900,0.0000,3.7846,71.26,1.0000
TreeSimple,-1.5570,0.0000,2.7244,0.00,1.0000
TreeSimple,0.9368,0.0000,2.6948,71.26,1.0000
TreeSimple,-0.0000,0.0000,2.7244,0.00,1.0000
TreeSimple,-3.9707,0.0000,2.1696,71.26,1.0000
TreeSimple,-4.5252,0.0000,0.0028,0.00,1.0000
TreeSimple,-3.0020,0.0000,0.0143,0.00,1.0000
TreeSimple,-2.4919,0.0000,1.0898,71.26,1.0000
TreeSimple,-1.5570,0.0000,0.0000,0.00,1.0000
TreeSimple,-0.9651,0.0000,0.0000,71.26,1.0000
TreeSimple,-0.0000,0.0000,0.0000,0.00,1.0000
TreeSimple,-2.0688,0.0000,4.7094,71.26,1.0000
TreeSimple,-4.5252,0.0000,2.5723,0.00,1.0000
TreeSimple,-3.0020,0.0000,2.5838,0.00,1.0000
TreeSimple,-0.5900,0.0000,3.6297,71.26,1.0000
TreeSimple,-1.5570,0.0000,2.5695,0.00,1.0000
TreeSimple,0.9368,0.0000,2.5398,71.26,1.0000
TreeSimple,-0.0000,0.0000,2.5695,0.00,1.0000
TreeSimple,-3.9707,0.0000,2.0146,71.26,1.0000
TreeSimple,-4.5252,0.0000,-0.1521,0.00,1.0000
TreeSimple,-3.0020,0.0000,-0.1407,0.00,1.0000
TreeSimple,-2.4919,0.0000,0.9349,71.26,1.0000
TreeSimple,-1.5570,0.0000,-0.1550,0.00,1.0000
TreeSimple,-0.9651,0.0000,-0.1550,71.26,1.0000
TreeSimple,-0.0000,0.0000,-0.1550,0.00,1.0000
