Object_Name,X,Y,Z
Curve,0.2205,-0.0228,1.0278
Curve,0.2206,-0.0228,1.0392
Curve,0.2208,-0.0228,1.0505
Curve,0.2212,-0.0228,1.0618
Curve,0.2217,-0.0228,1.0731
Curve,0.2223,-0.0228,1.0844
Curve,0.2231,-0.0228,1.0956
Curve,0.224,-0.0228,1.1067
Curve,0.2251,-0.0228,1.1178
Curve,0.2263,-0.0228,1.1289
Curve,0.2276,-0.0228,1.14
Curve,0.2291,-0.0228,1.1509
Curve,0.2307,-0.0228,1.1619
Curve,0.2324,-0.0228,1.1728
Curve,0.2343,-0.0228,1.1837
Curve,0.2363,-0.0228,1.1945
Curve,0.2384,-0.0228,1.2053
Curve,0.2407,-0.0228,1.216
Curve,0.2431,-0.0228,1.2267
Curve,0.2456,-0.0228,1.2373
Curve,0.2483,-0.0228,1.2479
Curve,0.251,-0.0228,1.2584
Curve,0.2539,-0.0228,1.2689
Curve,0.257,-0.0228,1.2793
Curve,0.2601,-0.0228,1.2897
Curve,0.2634,-0.0228,1.3
Curve,0.2668,-0.0228,1.3102
Curve,0.2703,-0.0228,1.3204
Curve,0.274,-0.0228,1.3306
Curve,0.2778,-0.0228,1.3407
Curve,0.2816,-0.0228,1.3507
Curve,0.2857,-0.0228,1.3607
Curve,0.2898,-0.0228,1.3706
Curve,0.294,-0.0228,1.3804
Curve,0.2984,-0.0228,1.3902
Curve,0.3028,-0.0228,1.3999
Curve,0.3074,-0.0228,1.4096
Curve,0.3121,-0.0228,1.4192
Curve,0.3169,-0.0228,1.4287
Curve,0.3219,-0.0228,1.4382
Curve,0.3269,-0.0228,1.4476
Curve,0.332,-0.0228,1.4569
Curve,0.3373,-0.0228,1.4662
Curve,0.3426,-0.0228,1.4753
Curve,0.3481,-0.0228,1.4845
Curve,0.3537,-0.0228,1.4935
Curve,0.3594,-0.0228,1.5025
Curve,0.3652,-0.0228,1.5114
Curve,0.371,-0.0228,1.5202
Curve,0.377,-0.0228,1.529
Curve,0.3831,-0.0228,1.5376
Curve,0.3893,-0.0228,1.5462
Curve,0.3956,-0.0228,1.5547
Curve,0.402,-0.0228,1.5632
Curve,0.4085,-0.0228,1.5715
Curve,0.4151,-0.0228,1.5798
Curve,0.4218,-0.0228,1.588
Curve,0.4286,-0.0228,1.5961
Curve,0.4354,-0.0228,1.6042
Curve,0.4424,-0.0228,1.6121
Curve,0.4495,-0.0228,1.62
Curve,0.4566,-0.0228,1.6278
Curve,0.4639,-0.0228,1.6355
Curve,0.4712,-0.0228,1.6431
Curve,0.4787,-0.0228,1.6506
Curve,0.4862,-0.0228,1.658
Curve,0.4938,-0.0228,1.6654
Curve,0.5015,-0.0228,1.6726
Curve,0.5093,-0.0228,1.6798
Curve,0.5171,-0.0228,1.6868
Curve,0.5251,-0.0228,1.6938
Curve,0.5331,-0.0228,1.7007
Curve,0.5412,-0.0228,1.7074
Curve,0.5494,-0.0228,1.7141
Curve,0.5577,-0.0228,1.7207
Curve,0.5661,-0.0228,1.7272
Curve,0.5745,-0.0228,1.7336
Curve,0.583,-0.0228,1.7399
Curve,0.5916,-0.0228,1.7461
Curve,0.6003,-0.0228,1.7522
Curve,0.6091,-0.0228,1.7582
Curve,0.6179,-0.0228,1.7641
Curve,0.6268,-0.0228,1.7698
Curve,0.6358,-0.0228,1.7755
Curve,0.6448,-0.0228,1.7811
Curve,0.6539,-0.0228,1.7866
Curve,0.6631,-0.0228,1.7919
Curve,0.6724,-0.0228,1.7972
Curve,0.6817,-0.0228,1.8023
Curve,0.6911,-0.0228,1.8073
Curve,0.7006,-0.0228,1.8123
Curve,0.7101,-0.0228,1.8171
Curve,0.7197,-0.0228,1.8218
Curve,0.7294,-0.0228,1.8264
Curve,0.7391,-0.0228,1.8308
Curve,0.7489,-0.0228,1.8352
Curve,0.7587,-0.0228,1.8394
Curve,0.7686,-0.0228,1.8435
Curve,0.7786,-0.0228,1.8475
Curve,0.7886,-0.0228,1.8514
Curve,0.7987,-0.0228,1.8552
Curve,0.8089,-0.0228,1.8588
Curve,0.8191,-0.0228,1.8624
Curve,0.8293,-0.0228,1.8658
Curve,0.8396,-0.0228,1.8691
Curve,0.85,-0.0228,1.8722
Curve,0.8604,-0.0228,1.8752
Curve,0.8709,-0.0228,1.8781
Curve,0.8814,-0.0228,1.8809
Curve,0.892,-0.0228,1.8836
Curve,0.9027,-0.0228,1.8861
Curve,0.9133,-0.0228,1.8885
Curve,0.9241,-0.0228,1.8908
Curve,0.9348,-0.0228,1.8929
Curve,0.9457,-0.0228,1.8949
Curve,0.9565,-0.0228,1.8968
Curve,0.9674,-0.0228,1.8985
Curve,0.9784,-0.0228,1.9001
Curve,0.9894,-0.0228,1.9016
Curve,1.0004,-0.0228,1.9029
Curve,1.0115,-0.0228,1.9041
Curve,1.0226,-0.0228,1.9052
Curve,1.0338,-0.0228,1.9061
Curve,1.045,-0.0228,1.9069
Curve,1.0562,-0.0228,1.9075
Curve,1.0675,-0.0228,1.908
Curve,1.0788,-0.0228,1.9084
Curve,1.0902,-0.0228,1.9086
Curve,1.1016,-0.0228,1.9087
Curve,1.1129,-0.0228,1.9086
Curve,1.1243,-0.0228,1.9084
Curve,1.1356,-0.0228,1.908
Curve,1.1469,-0.0228,1.9075
Curve,1.1581,-0.0228,1.9069
Curve,1.1693,-0.0228,1.9061
Curve,1.1805,-0.0228,1.9052
Curve,1.1916,-0.0228,1.9041
Curve,1.2027,-0.0228,1.9029
Curve,1.2137,-0.0228,1.9016
Curve,1.2247,-0.0228,1.9001
Curve,1.2357,-0.0228,1.8985
Curve,1.2466,-0.0228,1.8968
Curve,1.2574,-0.0228,1.8949
Curve,1.2683,-0.0228,1.8929
Curve,1.279,-0.0228,1.8908
Curve,1.2898,-0.0228,1.8885
Curve,1.3004,-0.0228,1.8861
Curve,1.3111,-0.0228,1.8836
Curve,1.3217,-0.0228,1.8809
Curve,1.3322,-0.0228,1.8781
Curve,1.3427,-0.0228,1.8752
Curve,1.3531,-0.0228,1.8722
Curve,1.3635,-0.0228,1.8691
Curve,1.3738,-0.0228,1.8658
Curve,1.384,-0.0228,1.8624
Curve,1.3942,-0.0228,1.8588
Curve,1.4044,-0.0228,1.8552
Curve,1.4145,-0.0228,1.8514
Curve,1.4245,-0.0228,1.8475
Curve,1.4345,-0.0228,1.8435
Curve,1.4444,-0.0228,1.8394
Curve,1.4542,-0.0228,1.8352
Curve,1.464,-0.0228,1.8308
Curve,1.4738,-0.0228,1.8264
Curve,1.4834,-0.0228,1.8218
Curve,1.493,-0.0228,1.8171
Curve,1.5025,-0.0228,1.8123
Curve,1.512,-0.0228,1.8073
Curve,1.5214,-0.0228,1.8023
Curve,1.5307,-0.0228,1.7972
Curve,1.54,-0.0228,1.7919
Curve,1.5492,-0.0228,1.7866
Curve,1.5583,-0.0228,1.7811
Curve,1.5673,-0.0228,1.7755
Curve,1.5763,-0.0228,1.7698
Curve,1.5852,-0.0228,1.7641
Curve,1.594,-0.0228,1.7582
Curve,1.6028,-0.0228,1.7522
Curve,1.6115,-0.0228,1.7461
Curve,1.6201,-0.0228,1.7399
Curve,1.6286,-0.0228,1.7336
Curve,1.637,-0.0228,1.7272
Curve,1.6454,-0.0228,1.7207
Curve,1.6537,-0.0228,1.7141
Curve,1.6619,-0.0228,1.7074
Curve,1.67,-0.0228,1.7007
Curve,1.678,-0.0228,1.6938
Curve,1.686,-0.0228,1.6868
Curve,1.6938,-0.0228,1.6798
Curve,1.7016,-0.0228,1.6726
Curve,1.7093,-0.0228,1.6654
Curve,1.7169,-0.0228,1.658
Curve,1.7245,-0.0228,1.6506
Curve,1.7319,-0.0228,1.6431
Curve,1.7392,-0.0228,1.6355
Curve,1.7465,-0.0228,1.6278
Curve,1.7536,-0.0228,1.62
Curve,1.7607,-0.0228,1.6121
Curve,1.7677,-0.0228,1.6042
Curve,1.7745,-0.0228,1.5961
Curve,1.7813,-0.0228,1.588
Curve,1.788,-0.0228,1.5798
Curve,1.7946,-0.0228,1.5715
Curve,1.8011,-0.0228,1.5632
Curve,1.8075,-0.0228,1.5547
Curve,1.8138,-0.0228,1.5462
Curve,1.82,-0.0228,1.5376
Curve,1.8261,-0.0228,1.529
Curve,1.8321,-0.0228,1.5202
Curve,1.8379,-0.0228,1.5114
Curve,1.8437,-0.0228,1.5025
Curve,1.8494,-0.0228,1.4935
Curve,1.855,-0.0228,1.4845
Curve,1.8605,-0.0228,1.4753
Curve,1.8658,-0.0228,1.4662
Curve,1.8711,-0.0228,1.4569
Curve,1.8762,-0.0228,1.4476
Curve,1.8812,-0.0228,1.4382
Curve,1.8862,-0.0228,1.4287
Curve,1.891,-0.0228,1.4192
Curve,1.8957,-0.0228,1.4096
Curve,1.9003,-0.0228,1.3999
Curve,1.9047,-0.0228,1.3902
Curve,1.9091,-0.0228,1.3804
Curve,1.9133,-0.0228,1.3706
Curve,1.9174,-0.0228,1.3607
Curve,1.9215,-0.0228,1.3507
Curve,1.9253,-0.0228,1.3407
Curve,1.9291,-0.0228,1.3306
Curve,1.9328,-0.0228,1.3204
Curve,1.9363,-0.0228,1.3102
Curve,1.9397,-0.0228,1.3
Curve,1.943,-0.0228,1.2897
Curve,1.9461,-0.0228,1.2793
Curve,1.9492,-0.0228,1.2689
Curve,1.9521,-0.0228,1.2584
Curve,1.9548,-0.0228,1.2479
Curve,1.9575,-0.0228,1.2373
Curve,1.96,-0.0228,1.2267
Curve,1.9624,-0.0228,1.216
Curve,1.9647,-0.0228,1.2053
Curve,1.9668,-0.0228,1.1945
Curve,1.9688,-0.0228,1.1837
Curve,1.9707,-0.0228,1.1728
Curve,1.9724,-0.0228,1.1619
Curve,1.974,-0.0228,1.151
Curve,1.9755,-0.0228,1.14
Curve,1.9768,-0.0228,1.1289
Curve,1.978,-0.0228,1.1178
Curve,1.9791,-0.0228,1.1067
Curve,1.98,-0.0228,1.0956
Curve,1.9808,-0.0228,1.0844
Curve,1.9814,-0.0228,1.0731
Curve,1.982,-0.0228,1.0618
Curve,1.9823,-0.0228,1.0505
Curve,1.9825,-0.0228,1.0392
Curve,1.9826,-0.0228,1.0278
Curve,1.9825,-0.0228,1.0164
Curve,1.9823,-0.0228,1.0051
Curve,1.982,-0.0228,0.9938
Curve,1.9814,-0.0228,0.9825
Curve,1.9808,-0.0228,0.9713
Curve,1.98,-0.0228,0.9601
Curve,1.9791,-0.0228,0.9489
Curve,1.978,-0.0228,0.9378
Curve,1.9768,-0.0228,0.9267
Curve,1.9755,-0.0228,0.9157
Curve,1.974,-0.0228,0.9047
Curve,1.9724,-0.0228,0.8937
Curve,1.9707,-0.0228,0.8828
Curve,1.9688,-0.0228,0.872
Curve,1.9668,-0.0228,0.8611
Curve,1.9647,-0.0228,0.8504
Curve,1.9624,-0.0228,0.8396
Curve,1.96,-0.0228,0.829
Curve,1.9575,-0.0228,0.8183
Curve,1.9548,-0.0228,0.8078
Curve,1.9521,-0.0228,0.7972
Curve,1.9492,-0.0228,0.7868
Curve,1.9461,-0.0228,0.7763
Curve,1.943,-0.0228,0.766
Curve,1.9397,-0.0228,0.7557
Curve,1.9363,-0.0228,0.7454
Curve,1.9328,-0.0228,0.7352
Curve,1.9291,-0.0228,0.725
Curve,1.9253,-0.0228,0.715
Curve,1.9215,-0.0228,0.7049
Curve,1.9174,-0.0228,0.695
Curve,1.9133,-0.0228,0.685
Curve,1.9091,-0.0228,0.6752
Curve,1.9047,-0.0228,0.6654
Curve,1.9003,-0.0228,0.6557
Curve,1.8957,-0.0228,0.646
Curve,1.891,-0.0228,0.6364
Curve,1.8862,-0.0228,0.6269
Curve,1.8812,-0.0228,0.6175
Curve,1.8762,-0.0228,0.6081
Curve,1.8711,-0.0228,0.5987
Curve,1.8658,-0.0228,0.5895
Curve,1.8605,-0.0228,0.5803
Curve,1.855,-0.0228,0.5712
Curve,1.8494,-0.0228,0.5621
Curve,1.8437,-0.0228,0.5532
Curve,1.8379,-0.0228,0.5443
Curve,1.8321,-0.0228,0.5354
Curve,1.8261,-0.0228,0.5267
Curve,1.82,-0.0228,0.518
Curve,1.8138,-0.0228,0.5094
Curve,1.8075,-0.0228,0.5009
Curve,1.8011,-0.0228,0.4924
Curve,1.7946,-0.0228,0.4841
Curve,1.788,-0.0228,0.4758
Curve,1.7813,-0.0228,0.4676
Curve,1.7745,-0.0228,0.4595
Curve,1.7677,-0.0228,0.4515
Curve,1.7607,-0.0228,0.4435
Curve,1.7536,-0.0228,0.4356
Curve,1.7465,-0.0228,0.4279
Curve,1.7392,-0.0228,0.4202
Curve,1.7319,-0.0228,0.4126
Curve,1.7245,-0.0228,0.405
Curve,1.7169,-0.0228,0.3976
Curve,1.7093,-0.0228,0.3903
Curve,1.7016,-0.0228,0.383
Curve,1.6938,-0.0228,0.3759
Curve,1.686,-0.0228,0.3688
Curve,1.678,-0.0228,0.3618
Curve,1.67,-0.0228,0.355
Curve,1.6619,-0.0228,0.3482
Curve,1.6537,-0.0228,0.3415
Curve,1.6454,-0.0228,0.3349
Curve,1.637,-0.0228,0.3284
Curve,1.6286,-0.0228,0.322
Curve,1.6201,-0.0228,0.3157
Curve,1.6115,-0.0228,0.3095
Curve,1.6028,-0.0228,0.3034
Curve,1.594,-0.0228,0.2975
Curve,1.5852,-0.0228,0.2916
Curve,1.5763,-0.0228,0.2858
Curve,1.5673,-0.0228,0.2801
Curve,1.5583,-0.0228,0.2745
Curve,1.5492,-0.0228,0.2691
Curve,1.54,-0.0228,0.2637
Curve,1.5307,-0.0228,0.2585
Curve,1.5214,-0.0228,0.2533
Curve,1.512,-0.0228,0.2483
Curve,1.5025,-0.0228,0.2434
Curve,1.493,-0.0228,0.2386
Curve,1.4834,-0.0228,0.2339
Curve,1.4738,-0.0228,0.2293
Curve,1.464,-0.0228,0.2248
Curve,1.4542,-0.0228,0.2205
Curve,1.4444,-0.0228,0.2162
Curve,1.4345,-0.0228,0.2121
Curve,1.4245,-0.0228,0.2081
Curve,1.4145,-0.0228,0.2042
Curve,1.4044,-0.0228,0.2004
Curve,1.3942,-0.0228,0.1968
Curve,1.384,-0.0228,0.1933
Curve,1.3738,-0.0228,0.1899
Curve,1.3635,-0.0228,0.1866
Curve,1.3531,-0.0228,0.1834
Curve,1.3427,-0.0228,0.1804
Curve,1.3322,-0.0228,0.1775
Curve,1.3217,-0.0228,0.1747
Curve,1.3111,-0.0228,0.172
Curve,1.3004,-0.0228,0.1695
Curve,1.2898,-0.0228,0.1671
Curve,1.279,-0.0228,0.1649
Curve,1.2683,-0.0228,0.1627
Curve,1.2574,-0.0228,0.1607
Curve,1.2466,-0.0228,0.1588
Curve,1.2357,-0.0228,0.1571
Curve,1.2247,-0.0228,0.1555
Curve,1.2137,-0.0228,0.154
Curve,1.2027,-0.0228,0.1527
Curve,1.1916,-0.0228,0.1515
Curve,1.1805,-0.0228,0.1504
Curve,1.1693,-0.0228,0.1495
Curve,1.1581,-0.0228,0.1487
Curve,1.1469,-0.0228,0.1481
Curve,1.1356,-0.0228,0.1476
Curve,1.1243,-0.0228,0.1472
Curve,1.1129,-0.0228,0.147
Curve,1.1016,-0.0228,0.147
Curve,1.0902,-0.0228,0.147
Curve,1.0788,-0.0228,0.1472
Curve,1.0675,-0.0228,0.1476
Curve,1.0562,-0.0228,0.1481
Curve,1.045,-0.0228,0.1487
Curve,1.0338,-0.0228,0.1495
Curve,1.0226,-0.0228,0.1504
Curve,1.0115,-0.0228,0.1515
Curve,1.0004,-0.0228,0.1527
Curve,0.9894,-0.0228,0.154
Curve,0.9784,-0.0228,0.1555
Curve,0.9674,-0.0228,0.1571
Curve,0.9565,-0.0228,0.1588
Curve,0.9457,-0.0228,0.1607
Curve,0.9348,-0.0228,0.1627
Curve,0.9241,-0.0228,0.1649
Curve,0.9133,-0.0228,0.1671
Curve,0.9027,-0.0228,0.1695
Curve,0.892,-0.0228,0.172
Curve,0.8814,-0.0228,0.1747
Curve,0.8709,-0.0228,0.1775
Curve,0.8604,-0.0228,0.1804
Curve,0.85,-0.0228,0.1834
Curve,0.8396,-0.0228,0.1866
Curve,0.8293,-0.0228,0.1899
Curve,0.8191,-0.0228,0.1933
Curve,0.8089,-0.0228,0.1968
Curve,0.7987,-0.0228,0.2004
Curve,0.7886,-0.0228,0.2042
Curve,0.7786,-0.0228,0.2081
Curve,0.7686,-0.0228,0.2121
Curve,0.7587,-0.0228,0.2162
Curve,0.7489,-0.0228,0.2205
Curve,0.7391,-0.0228,0.2248
Curve,0.7294,-0.0228,0.2293
Curve,0.7197,-0.0228,0.2339
Curve,0.7101,-0.0228,0.2386
Curve,0.7006,-0.0228,0.2434
Curve,0.6911,-0.0228,0.2483
Curve,0.6817,-0.0228,0.2533
Curve,0.6724,-0.0228,0.2585
Curve,0.6631,-0.0228,0.2637
Curve,0.6539,-0.0228,0.2691
Curve,0.6448,-0.0228,0.2745
Curve,0.6358,-0.0228,0.2801
Curve,0.6268,-0.0228,0.2858
Curve,0.6179,-0.0228,0.2916
Curve,0.6091,-0.0228,0.2975
Curve,0.6003,-0.0228,0.3034
Curve,0.5916,-0.0228,0.3095
Curve,0.583,-0.0228,0.3157
Curve,0.5745,-0.0228,0.322
Curve,0.5661,-0.0228,0.3284
Curve,0.5577,-0.0228,0.3349
Curve,0.5494,-0.0228,0.3415
Curve,0.5412,-0.0228,0.3482
Curve,0.5331,-0.0228,0.355
Curve,0.5251,-0.0228,0.3618
Curve,0.5171,-0.0228,0.3688
Curve,0.5093,-0.0228,0.3759
Curve,0.5015,-0.0228,0.383
Curve,0.4938,-0.0228,0.3903
Curve,0.4862,-0.0228,0.3976
Curve,0.4787,-0.0228,0.405
Curve,0.4712,-0.0228,0.4126
Curve,0.4639,-0.0228,0.4202
Curve,0.4566,-0.0228,0.4279
Curve,0.4495,-0.0228,0.4356
Curve,0.4424,-0.0228,0.4435
Curve,0.4354,-0.0228,0.4515
Curve,0.4286,-0.0228,0.4595
Curve,0.4218,-0.0228,0.4676
Curve,0.4151,-0.0228,0.4758
Curve,0.4085,-0.0228,0.4841
Curve,0.402,-0.0228,0.4924
Curve,0.3956,-0.0228,0.5009
Curve,0.3893,-0.0228,0.5094
Curve,0.3831,-0.0228,0.518
Curve,0.377,-0.0228,0.5267
Curve,0.371,-0.0228,0.5354
Curve,0.3652,-0.0228,0.5443
Curve,0.3594,-0.0228,0.5532
Curve,0.3537,-0.0228,0.5621
Curve,0.3481,-0.0228,0.5712
Curve,0.3426,-0.0228,0.5803
Curve,0.3373,-0.0228,0.5895
Curve,0.332,-0.0228,0.5987
Curve,0.3269,-0.0228,0.6081
Curve,0.3219,-0.0228,0.6174
Curve,0.3169,-0.0228,0.6269
Curve,0.3121,-0.0228,0.6364
Curve,0.3074,-0.0228,0.646
Curve,0.3028,-0.0228,0.6557
Curve,0.2984,-0.0228,0.6654
Curve,0.294,-0.0228,0.6752
Curve,0.2898,-0.0228,0.685
Curve,0.2857,-0.0228,0.695
Curve,0.2816,-0.0228,0.7049
Curve,0.2778,-0.0228,0.715
Curve,0.274,-0.0228,0.725
Curve,0.2703,-0.0228,0.7352
Curve,0.2668,-0.0228,0.7454
Curve,0.2634,-0.0228,0.7557
Curve,0.2601,-0.0228,0.766
Curve,0.257,-0.0228,0.7763
Curve,0.2539,-0.0228,0.7868
Curve,0.251,-0.0228,0.7972
Curve,0.2483,-0.0228,0.8078
Curve,0.2456,-0.0228,0.8183
Curve,0.2431,-0.0228,0.829
Curve,0.2407,-0.0228,0.8396
Curve,0.2384,-0.0228,0.8504
Curve,0.2363,-0.0228,0.8611
Curve,0.2343,-0.0228,0.872
Curve,0.2324,-0.0228,0.8828
Curve,0.2307,-0.0228,0.8937
Curve,0.2291,-0.0228,0.9047
Curve,0.2276,-0.0228,0.9157
Curve,0.2263,-0.0228,0.9267
Curve,0.2251,-0.0228,0.9378
Curve,0.224,-0.0228,0.9489
Curve,0.2231,-0.0228,0.9601
Curve,0.2223,-0.0228,0.9713
Curve,0.2217,-0.0228,0.9825
Curve,0.2212,-0.0228,0.9938
Curve,0.2208,-0.0228,1.0051
Curve,0.2206,-0.0228,1.0164
Curve.001,1.0366,0.0,1.7431
Curve.001,1.0367,0.0,1.7444
Curve.001,1.037,0.0,1.7457
Curve.001,1.0374,0.0,1.7469
Curve.001,1.038,0.0,1.748
Curve.001,1.0387,0.0,1.7491
Curve.001,1.0395,0.0,1.75
Curve.001,1.0405,0.0,1.7509
Curve.001,1.0415,0.0,1.7516
Curve.001,1.0427,0.0,1.7522
Curve.001,1.0439,0.0,1.7526
Curve.001,1.0452,0.0,1.7529
Curve.001,1.0465,0.0,1.7529
Curve.001,1.0479,0.0,1.7529
Curve.001,1.0491,0.0,1.7526
Curve.001,1.0504,0.0,1.7522
Curve.001,1.0515,0.0,1.7516
Curve.001,1.0526,0.0,1.7509
Curve.001,1.0535,0.0,1.75
Curve.001,1.0543,0.0,1.7491
Curve.001,1.0551,0.0,1.748
Curve.001,1.0556,0.0,1.7469
Curve.001,1.056,0.0,1.7457
Curve.001,1.0563,0.0,1.7444
Curve.001,1.0564,0.0,1.7431
Curve.001,1.0563,0.0,1.7417
Curve.001,1.056,0.0,1.7404
Curve.001,1.0556,0.0,1.7392
Curve.001,1.0551,0.0,1.7381
Curve.001,1.0543,0.0,1.737
Curve.001,1.0535,0.0,1.7361
Curve.001,1.0526,0.0,1.7353
Curve.001,1.0515,0.0,1.7345
Curve.001,1.0504,0.0,1.734
Curve.001,1.0491,0.0,1.7335
Curve.001,1.0479,0.0,1.7333
Curve.001,1.0465,0.0,1.7332
Curve.001,1.0452,0.0,1.7333
Curve.001,1.0439,0.0,1.7335
Curve.001,1.0427,0.0,1.734
Curve.001,1.0415,0.0,1.7345
Curve.001,1.0405,0.0,1.7353
Curve.001,1.0395,0.0,1.7361
Curve.001,1.0387,0.0,1.737
Curve.001,1.038,0.0,1.7381
Curve.001,1.0374,0.0,1.7392
Curve.001,1.037,0.0,1.7404
Curve.001,1.0367,0.0,1.7417
Curve.002,1.1381,0.0,1.7299
Curve.002,1.1381,0.0,1.7312
Curve.002,1.1384,0.0,1.7325
Curve.002,1.1388,0.0,1.7337
Curve.002,1.1394,0.0,1.7349
Curve.002,1.1401,0.0,1.7359
Curve.002,1.1409,0.0,1.7369
Curve.002,1.1419,0.0,1.7377
Curve.002,1.1429,0.0,1.7384
Curve.002,1.1441,0.0,1.739
Curve.002,1.1453,0.0,1.7394
Curve.002,1.1466,0.0,1.7397
Curve.002,1.1479,0.0,1.7398
Curve.002,1.1493,0.0,1.7397
Curve.002,1.1506,0.0,1.7394
Curve.002,1.1518,0.0,1.739
Curve.002,1.1529,0.0,1.7384
Curve.002,1.154,0.0,1.7377
Curve.002,1.1549,0.0,1.7369
Curve.002,1.1557,0.0,1.7359
Curve.002,1.1565,0.0,1.7349
Curve.002,1.157,0.0,1.7337
Curve.002,1.1575,0.0,1.7325
Curve.002,1.1577,0.0,1.7312
Curve.002,1.1578,0.0,1.7299
Curve.002,1.1577,0.0,1.7286
Curve.002,1.1575,0.0,1.7273
Curve.002,1.157,0.0,1.7261
Curve.002,1.1565,0.0,1.7249
Curve.002,1.1557,0.0,1.7239
Curve.002,1.1549,0.0,1.7229
Curve.002,1.154,0.0,1.7221
Curve.002,1.1529,0.0,1.7214
Curve.002,1.1518,0.0,1.7208
Curve.002,1.1506,0.0,1.7204
Curve.002,1.1493,0.0,1.7201
Curve.002,1.1479,0.0,1.72
Curve.002,1.1466,0.0,1.7201
Curve.002,1.1453,0.0,1.7204
Curve.002,1.1441,0.0,1.7208
Curve.002,1.1429,0.0,1.7214
Curve.002,1.1419,0.0,1.7221
Curve.002,1.1409,0.0,1.7229
Curve.002,1.1401,0.0,1.7239
Curve.002,1.1394,0.0,1.7249
Curve.002,1.1388,0.0,1.7261
Curve.002,1.1384,0.0,1.7273
Curve.002,1.1381,0.0,1.7286
Curve.003,1.2711,0.0,1.5508
Curve.003,1.2712,0.0,1.5522
Curve.003,1.2714,0.0,1.5535
Curve.003,1.2718,0.0,1.5547
Curve.003,1.2724,0.0,1.5558
Curve.003,1.2731,0.0,1.5569
Curve.003,1.274,0.0,1.5578
Curve.003,1.2749,0.0,1.5586
Curve.003,1.276,0.0,1.5594
Curve.003,1.2771,0.0,1.5599
Curve.003,1.2783,0.0,1.5604
Curve.003,1.2796,0.0,1.5606
Curve.003,1.2809,0.0,1.5607
Curve.003,1.2823,0.0,1.5606
Curve.003,1.2836,0.0,1.5604
Curve.003,1.2848,0.0,1.5599
Curve.003,1.2859,0.0,1.5594
Curve.003,1.287,0.0,1.5586
Curve.003,1.2879,0.0,1.5578
Curve.003,1.2888,0.0,1.5569
Curve.003,1.2895,0.0,1.5558
Curve.003,1.29,0.0,1.5547
Curve.003,1.2905,0.0,1.5535
Curve.003,1.2907,0.0,1.5522
Curve.003,1.2908,0.0,1.5508
Curve.003,1.2907,0.0,1.5495
Curve.003,1.2905,0.0,1.5482
Curve.003,1.29,0.0,1.547
Curve.003,1.2895,0.0,1.5458
Curve.003,1.2888,0.0,1.5448
Curve.003,1.2879,0.0,1.5438
Curve.003,1.287,0.0,1.543
Curve.003,1.2859,0.0,1.5423
Curve.003,1.2848,0.0,1.5417
Curve.003,1.2836,0.0,1.5413
Curve.003,1.2823,0.0,1.541
Curve.003,1.2809,0.0,1.541
Curve.003,1.2796,0.0,1.541
Curve.003,1.2783,0.0,1.5413
Curve.003,1.2771,0.0,1.5417
Curve.003,1.276,0.0,1.5423
Curve.003,1.2749,0.0,1.543
Curve.003,1.274,0.0,1.5438
Curve.003,1.2731,0.0,1.5448
Curve.003,1.2724,0.0,1.5458
Curve.003,1.2718,0.0,1.547
Curve.003,1.2714,0.0,1.5482
Curve.003,1.2712,0.0,1.5495
Curve.004,0.5415,0.0,0.6292
Curve.004,0.5416,0.0,0.6305
Curve.004,0.5418,0.0,0.6318
Curve.004,0.5422,0.0,0.633
Curve.004,0.5428,0.0,0.6341
Curve.004,0.5435,0.0,0.6352
Curve.004,0.5444,0.0,0.6361
Curve.004,0.5453,0.0,0.637
Curve.004,0.5464,0.0,0.6377
Curve.004,0.5475,0.0,0.6383
Curve.004,0.5487,0.0,0.6387
Curve.004,0.55,0.0,0.6389
Curve.004,0.5513,0.0,0.639
Curve.004,0.5527,0.0,0.6389
Curve.004,0.554,0.0,0.6387
Curve.004,0.5552,0.0,0.6383
Curve.004,0.5563,0.0,0.6377
Curve.004,0.5574,0.0,0.637
Curve.004,0.5583,0.0,0.6361
Curve.004,0.5592,0.0,0.6352
Curve.004,0.5599,0.0,0.6341
Curve.004,0.5604,0.0,0.633
Curve.004,0.5609,0.0,0.6318
Curve.004,0.5611,0.0,0.6305
Curve.004,0.5612,0.0,0.6292
Curve.004,0.5611,0.0,0.6278
Curve.004,0.5609,0.0,0.6265
Curve.004,0.5604,0.0,0.6253
Curve.004,0.5599,0.0,0.6242
Curve.004,0.5592,0.0,0.6231
Curve.004,0.5583,0.0,0.6222
Curve.004,0.5574,0.0,0.6213
Curve.004,0.5563,0.0,0.6206
Curve.004,0.5552,0.0,0.6201
Curve.004,0.554,0.0,0.6196
Curve.004,0.5527,0.0,0.6194
Curve.004,0.5513,0.0,0.6193
Curve.004,0.55,0.0,0.6194
Curve.004,0.5487,0.0,0.6196
Curve.004,0.5475,0.0,0.6201
Curve.004,0.5464,0.0,0.6206
Curve.004,0.5453,0.0,0.6213
Curve.004,0.5444,0.0,0.6222
Curve.004,0.5435,0.0,0.6231
Curve.004,0.5428,0.0,0.6242
Curve.004,0.5422,0.0,0.6253
Curve.004,0.5418,0.0,0.6265
Curve.004,0.5416,0.0,0.6278
Curve.005,0.5671,0.0,0.5502
Curve.005,0.5672,0.0,0.5515
Curve.005,0.5675,0.0,0.5528
Curve.005,0.5679,0.0,0.554
Curve.005,0.5685,0.0,0.5551
Curve.005,0.5692,0.0,0.5562
Curve.005,0.57,0.0,0.5571
Curve.005,0.571,0.0,0.558
Curve.005,0.572,0.0,0.5587
Curve.005,0.5732,0.0,0.5593
Curve.005,0.5744,0.0,0.5597
Curve.005,0.5757,0.0,0.5599
Curve.005,0.577,0.0,0.56
Curve.005,0.5784,0.0,0.5599
Curve.005,0.5797,0.0,0.5597
Curve.005,0.5809,0.0,0.5593
Curve.005,0.582,0.0,0.5587
Curve.005,0.5831,0.0,0.558
Curve.005,0.584,0.0,0.5571
Curve.005,0.5848,0.0,0.5562
Curve.005,0.5856,0.0,0.5551
Curve.005,0.5861,0.0,0.554
Curve.005,0.5866,0.0,0.5528
Curve.005,0.5868,0.0,0.5515
Curve.005,0.5869,0.0,0.5502
Curve.005,0.5868,0.0,0.5488
Curve.005,0.5866,0.0,0.5475
Curve.005,0.5861,0.0,0.5463
Curve.005,0.5856,0.0,0.5452
Curve.005,0.5848,0.0,0.5441
Curve.005,0.584,0.0,0.5432
Curve.005,0.5831,0.0,0.5423
Curve.005,0.582,0.0,0.5416
Curve.005,0.5809,0.0,0.5411
Curve.005,0.5797,0.0,0.5406
Curve.005,0.5784,0.0,0.5404
Curve.005,0.577,0.0,0.5403
Curve.005,0.5757,0.0,0.5404
Curve.005,0.5744,0.0,0.5406
Curve.005,0.5732,0.0,0.5411
Curve.005,0.572,0.0,0.5416
Curve.005,0.571,0.0,0.5423
Curve.005,0.57,0.0,0.5432
Curve.005,0.5692,0.0,0.5441
Curve.005,0.5685,0.0,0.5452
Curve.005,0.5679,0.0,0.5463
Curve.005,0.5675,0.0,0.5475
Curve.005,0.5672,0.0,0.5488
Curve.006,0.4472,0.0,0.6173
Curve.006,0.4472,0.0,0.6183
Curve.006,0.4474,0.0,0.6193
Curve.006,0.4477,0.0,0.6202
Curve.006,0.4482,0.0,0.621
Curve.006,0.4487,0.0,0.6218
Curve.006,0.4493,0.0,0.6225
Curve.006,0.45,0.0,0.6232
Curve.006,0.4508,0.0,0.6237
Curve.006,0.4517,0.0,0.6241
Curve.006,0.4526,0.0,0.6244
Curve.006,0.4535,0.0,0.6246
Curve.006,0.4545,0.0,0.6247
Curve.006,0.4556,0.0,0.6246
Curve.006,0.4565,0.0,0.6244
Curve.006,0.4574,0.0,0.6241
Curve.006,0.4583,0.0,0.6237
Curve.006,0.4591,0.0,0.6232
Curve.006,0.4598,0.0,0.6225
Curve.006,0.4604,0.0,0.6218
Curve.006,0.4609,0.0,0.621
Curve.006,0.4614,0.0,0.6202
Curve.006,0.4617,0.0,0.6193
Curve.006,0.4619,0.0,0.6183
Curve.006,0.4619,0.0,0.6173
Curve.006,0.4619,0.0,0.6163
Curve.006,0.4617,0.0,0.6153
Curve.006,0.4614,0.0,0.6144
Curve.006,0.4609,0.0,0.6136
Curve.006,0.4604,0.0,0.6128
Curve.006,0.4598,0.0,0.6121
Curve.006,0.4591,0.0,0.6115
Curve.006,0.4583,0.0,0.6109
Curve.006,0.4574,0.0,0.6105
Curve.006,0.4565,0.0,0.6102
Curve.006,0.4556,0.0,0.61
Curve.006,0.4545,0.0,0.6099
Curve.006,0.4535,0.0,0.61
Curve.006,0.4526,0.0,0.6102
Curve.006,0.4517,0.0,0.6105
Curve.006,0.4508,0.0,0.6109
Curve.006,0.45,0.0,0.6115
Curve.006,0.4493,0.0,0.6121
Curve.006,0.4487,0.0,0.6128
Curve.006,0.4482,0.0,0.6136
Curve.006,0.4477,0.0,0.6144
Curve.006,0.4474,0.0,0.6153
Curve.006,0.4472,0.0,0.6163
Curve.007,0.8488,0.0,0.4621
Curve.007,0.8489,0.0,0.4631
Curve.007,0.8491,0.0,0.4641
Curve.007,0.8494,0.0,0.465
Curve.007,0.8498,0.0,0.4659
Curve.007,0.8503,0.0,0.4666
Curve.007,0.851,0.0,0.4674
Curve.007,0.8517,0.0,0.468
Curve.007,0.8525,0.0,0.4685
Curve.007,0.8533,0.0,0.4689
Curve.007,0.8542,0.0,0.4693
Curve.007,0.8552,0.0,0.4695
Curve.007,0.8562,0.0,0.4695
Curve.007,0.8572,0.0,0.4695
Curve.007,0.8582,0.0,0.4693
Curve.007,0.8591,0.0,0.4689
Curve.007,0.86,0.0,0.4685
Curve.007,0.8608,0.0,0.468
Curve.007,0.8615,0.0,0.4674
Curve.007,0.8621,0.0,0.4666
Curve.007,0.8626,0.0,0.4659
Curve.007,0.8631,0.0,0.465
Curve.007,0.8634,0.0,0.4641
Curve.007,0.8636,0.0,0.4631
Curve.007,0.8636,0.0,0.4621
Curve.007,0.8636,0.0,0.4611
Curve.007,0.8634,0.0,0.4601
Curve.007,0.8631,0.0,0.4592
Curve.007,0.8626,0.0,0.4584
Curve.007,0.8621,0.0,0.4576
Curve.007,0.8615,0.0,0.4569
Curve.007,0.8608,0.0,0.4562
Curve.007,0.86,0.0,0.4557
Curve.007,0.8591,0.0,0.4553
Curve.007,0.8582,0.0,0.455
Curve.007,0.8572,0.0,0.4548
Curve.007,0.8562,0.0,0.4547
Curve.007,0.8552,0.0,0.4548
Curve.007,0.8542,0.0,0.455
Curve.007,0.8533,0.0,0.4553
Curve.007,0.8525,0.0,0.4557
Curve.007,0.8517,0.0,0.4562
Curve.007,0.851,0.0,0.4569
Curve.007,0.8503,0.0,0.4576
Curve.007,0.8498,0.0,0.4584
Curve.007,0.8494,0.0,0.4592
Curve.007,0.8491,0.0,0.4601
Curve.007,0.8489,0.0,0.4611
Curve.008,1.4788,0.0,0.5929
Curve.008,1.4789,0.0,0.5939
Curve.008,1.4791,0.0,0.5949
Curve.008,1.4794,0.0,0.5958
Curve.008,1.4798,0.0,0.5967
Curve.008,1.4804,0.0,0.5975
Curve.008,1.481,0.0,0.5982
Curve.008,1.4817,0.0,0.5988
Curve.008,1.4825,0.0,0.5993
Curve.008,1.4833,0.0,0.5998
Curve.008,1.4842,0.0,0.6001
Curve.008,1.4852,0.0,0.6003
Curve.008,1.4862,0.0,0.6003
Curve.008,1.4872,0.0,0.6003
Curve.008,1.4882,0.0,0.6001
Curve.008,1.4891,0.0,0.5998
Curve.008,1.4899,0.0,0.5993
Curve.008,1.4907,0.0,0.5988
Curve.008,1.4914,0.0,0.5982
Curve.008,1.4921,0.0,0.5975
Curve.008,1.4926,0.0,0.5967
Curve.008,1.493,0.0,0.5958
Curve.008,1.4933,0.0,0.5949
Curve.008,1.4935,0.0,0.5939
Curve.008,1.4936,0.0,0.5929
Curve.008,1.4935,0.0,0.5919
Curve.008,1.4933,0.0,0.591
Curve.008,1.493,0.0,0.5901
Curve.008,1.4926,0.0,0.5892
Curve.008,1.4921,0.0,0.5884
Curve.008,1.4914,0.0,0.5877
Curve.008,1.4907,0.0,0.5871
Curve.008,1.4899,0.0,0.5866
Curve.008,1.4891,0.0,0.5861
Curve.008,1.4882,0.0,0.5858
Curve.008,1.4872,0.0,0.5856
Curve.008,1.4862,0.0,0.5856
Curve.008,1.4852,0.0,0.5856
Curve.008,1.4842,0.0,0.5858
Curve.008,1.4833,0.0,0.5861
Curve.008,1.4825,0.0,0.5866
Curve.008,1.4817,0.0,0.5871
Curve.008,1.481,0.0,0.5877
Curve.008,1.4804,0.0,0.5884
Curve.008,1.4798,0.0,0.5892
Curve.008,1.4794,0.0,0.5901
Curve.008,1.4791,0.0,0.591
Curve.008,1.4789,0.0,0.5919
Curve.009,1.6619,0.0,0.7918
Curve.009,1.6619,0.0,0.7928
Curve.009,1.6621,0.0,0.7937
Curve.009,1.6625,0.0,0.7947
Curve.009,1.6629,0.0,0.7955
Curve.009,1.6634,0.0,0.7963
Curve.009,1.664,0.0,0.797
Curve.009,1.6648,0.0,0.7976
Curve.009,1.6655,0.0,0.7982
Curve.009,1.6664,0.0,0.7986
Curve.009,1.6673,0.0,0.7989
Curve.009,1.6683,0.0,0.7991
Curve.009,1.6693,0.0,0.7992
Curve.009,1.6703,0.0,0.7991
Curve.009,1.6713,0.0,0.7989
Curve.009,1.6722,0.0,0.7986
Curve.009,1.673,0.0,0.7982
Curve.009,1.6738,0.0,0.7976
Curve.009,1.6745,0.0,0.797
Curve.009,1.6752,0.0,0.7963
Curve.009,1.6757,0.0,0.7955
Curve.009,1.6761,0.0,0.7947
Curve.009,1.6764,0.0,0.7937
Curve.009,1.6766,0.0,0.7928
Curve.009,1.6767,0.0,0.7918
Curve.009,1.6766,0.0,0.7908
Curve.009,1.6764,0.0,0.7898
Curve.009,1.6761,0.0,0.7889
Curve.009,1.6757,0.0,0.788
Curve.009,1.6752,0.0,0.7872
Curve.009,1.6745,0.0,0.7865
Curve.009,1.6738,0.0,0.7859
Curve.009,1.673,0.0,0.7854
Curve.009,1.6722,0.0,0.7849
Curve.009,1.6713,0.0,0.7846
Curve.009,1.6703,0.0,0.7844
Curve.009,1.6693,0.0,0.7843
Curve.009,1.6683,0.0,0.7844
Curve.009,1.6673,0.0,0.7846
Curve.009,1.6664,0.0,0.7849
Curve.009,1.6655,0.0,0.7854
Curve.009,1.6648,0.0,0.7859
Curve.009,1.664,0.0,0.7865
Curve.009,1.6634,0.0,0.7872
Curve.009,1.6629,0.0,0.788
Curve.009,1.6625,0.0,0.7889
Curve.009,1.6621,0.0,0.7898
Curve.009,1.6619,0.0,0.7908
Curve.010,0.7645,0.0,1.4931
Curve.010,0.7646,0.0,1.4941
Curve.010,0.7648,0.0,1.495
Curve.010,0.7651,0.0,1.496
Curve.010,0.7655,0.0,1.4968
Curve.010,0.7661,0.0,1.4976
Curve.010,0.7667,0.0,1.4983
Curve.010,0.7674,0.0,1.4989
Curve.010,0.7682,0.0,1.4995
Curve.010,0.7691,0.0,1.4999
Curve.010,0.77,0.0,1.5002
Curve.010,0.7709,0.0,1.5004
Curve.010,0.7719,0.0,1.5005
Curve.010,0.7729,0.0,1.5004
Curve.010,0.7739,0.0,1.5002
Curve.010,0.7748,0.0,1.4999
Curve.010,0.7757,0.0,1.4995
Curve.010,0.7765,0.0,1.4989
Curve.010,0.7772,0.0,1.4983
Curve.010,0.7778,0.0,1.4976
Curve.010,0.7783,0.0,1.4968
Curve.010,0.7788,0.0,1.496
Curve.010,0.7791,0.0,1.495
Curve.010,0.7793,0.0,1.4941
Curve.010,0.7793,0.0,1.4931
Curve.010,0.7793,0.0,1.4921
Curve.010,0.7791,0.0,1.4911
Curve.010,0.7788,0.0,1.4902
Curve.010,0.7783,0.0,1.4893
Curve.010,0.7778,0.0,1.4886
Curve.010,0.7772,0.0,1.4878
Curve.010,0.7765,0.0,1.4872
Curve.010,0.7757,0.0,1.4867
Curve.010,0.7748,0.0,1.4863
Curve.010,0.7739,0.0,1.4859
Curve.010,0.7729,0.0,1.4857
Curve.010,0.7719,0.0,1.4857
Curve.010,0.7709,0.0,1.4857
Curve.010,0.77,0.0,1.4859
Curve.010,0.7691,0.0,1.4863
Curve.010,0.7682,0.0,1.4867
Curve.010,0.7674,0.0,1.4872
Curve.010,0.7667,0.0,1.4878
Curve.010,0.7661,0.0,1.4886
Curve.010,0.7655,0.0,1.4893
Curve.010,0.7651,0.0,1.4902
Curve.010,0.7648,0.0,1.4911
Curve.010,0.7646,0.0,1.4921
Curve.011,0.966,0.0,1.641
Curve.011,0.9661,0.0,1.642
Curve.011,0.9663,0.0,1.643
Curve.011,0.9666,0.0,1.6439
Curve.011,0.967,0.0,1.6448
Curve.011,0.9676,0.0,1.6455
Curve.011,0.9682,0.0,1.6463
Curve.011,0.9689,0.0,1.6469
Curve.011,0.9697,0.0,1.6474
Curve.011,0.9706,0.0,1.6478
Curve.011,0.9715,0.0,1.6482
Curve.011,0.9724,0.0,1.6484
Curve.011,0.9734,0.0,1.6484
Curve.011,0.9744,0.0,1.6484
Curve.011,0.9754,0.0,1.6482
Curve.011,0.9763,0.0,1.6478
Curve.011,0.9772,0.0,1.6474
Curve.011,0.9779,0.0,1.6469
Curve.011,0.9787,0.0,1.6463
Curve.011,0.9793,0.0,1.6455
Curve.011,0.9798,0.0,1.6448
Curve.011,0.9802,0.0,1.6439
Curve.011,0.9806,0.0,1.643
Curve.011,0.9808,0.0,1.642
Curve.011,0.9808,0.0,1.641
Curve.011,0.9808,0.0,1.64
Curve.011,0.9806,0.0,1.6391
Curve.011,0.9802,0.0,1.6381
Curve.011,0.9798,0.0,1.6373
Curve.011,0.9793,0.0,1.6365
Curve.011,0.9787,0.0,1.6358
Curve.011,0.9779,0.0,1.6352
Curve.011,0.9772,0.0,1.6346
Curve.011,0.9763,0.0,1.6342
Curve.011,0.9754,0.0,1.6339
Curve.011,0.9744,0.0,1.6337
Curve.011,0.9734,0.0,1.6336
Curve.011,0.9724,0.0,1.6337
Curve.011,0.9715,0.0,1.6339
Curve.011,0.9706,0.0,1.6342
Curve.011,0.9697,0.0,1.6346
Curve.011,0.9689,0.0,1.6352
Curve.011,0.9682,0.0,1.6358
Curve.011,0.9676,0.0,1.6365
Curve.011,0.967,0.0,1.6373
Curve.011,0.9666,0.0,1.6381
Curve.011,0.9663,0.0,1.6391
Curve.011,0.9661,0.0,1.64
Curve.012,0.9442,0.0,1.6555
Curve.012,0.9442,0.0,1.6565
Curve.012,0.9444,0.0,1.6575
Curve.012,0.9447,0.0,1.6584
Curve.012,0.9452,0.0,1.6592
Curve.012,0.9457,0.0,1.66
Curve.012,0.9463,0.0,1.6607
Curve.012,0.947,0.0,1.6614
Curve.012,0.9478,0.0,1.6619
Curve.012,0.9487,0.0,1.6623
Curve.012,0.9496,0.0,1.6626
Curve.012,0.9505,0.0,1.6628
Curve.012,0.9515,0.0,1.6629
Curve.012,0.9526,0.0,1.6628
Curve.012,0.9535,0.0,1.6626
Curve.012,0.9544,0.0,1.6623
Curve.012,0.9553,0.0,1.6619
Curve.012,0.9561,0.0,1.6614
Curve.012,0.9568,0.0,1.6607
Curve.012,0.9574,0.0,1.66
Curve.012,0.9579,0.0,1.6592
Curve.012,0.9584,0.0,1.6584
Curve.012,0.9587,0.0,1.6575
Curve.012,0.9589,0.0,1.6565
Curve.012,0.9589,0.0,1.6555
Curve.012,0.9589,0.0,1.6545
Curve.012,0.9587,0.0,1.6535
Curve.012,0.9584,0.0,1.6526
Curve.012,0.9579,0.0,1.6518
Curve.012,0.9574,0.0,1.651
Curve.012,0.9568,0.0,1.6503
Curve.012,0.9561,0.0,1.6497
Curve.012,0.9553,0.0,1.6491
Curve.012,0.9544,0.0,1.6487
Curve.012,0.9535,0.0,1.6484
Curve.012,0.9526,0.0,1.6482
Curve.012,0.9515,0.0,1.6481
Curve.012,0.9505,0.0,1.6482
Curve.012,0.9496,0.0,1.6484
Curve.012,0.9487,0.0,1.6487
Curve.012,0.9478,0.0,1.6491
Curve.012,0.947,0.0,1.6497
Curve.012,0.9463,0.0,1.6503
Curve.012,0.9457,0.0,1.651
Curve.012,0.9452,0.0,1.6518
Curve.012,0.9447,0.0,1.6526
Curve.012,0.9444,0.0,1.6535
Curve.012,0.9442,0.0,1.6545
Curve.013,0.9244,0.0,1.67
Curve.013,0.9245,0.0,1.671
Curve.013,0.9247,0.0,1.672
Curve.013,0.925,0.0,1.6729
Curve.013,0.9254,0.0,1.6737
Curve.013,0.9259,0.0,1.6745
Curve.013,0.9266,0.0,1.6752
Curve.013,0.9273,0.0,1.6758
Curve.013,0.9281,0.0,1.6764
Curve.013,0.9289,0.0,1.6768
Curve.013,0.9298,0.0,1.6771
Curve.013,0.9308,0.0,1.6773
Curve.013,0.9318,0.0,1.6774
Curve.013,0.9328,0.0,1.6773
Curve.013,0.9338,0.0,1.6771
Curve.013,0.9347,0.0,1.6768
Curve.013,0.9355,0.0,1.6764
Curve.013,0.9363,0.0,1.6758
Curve.013,0.937,0.0,1.6752
Curve.013,0.9376,0.0,1.6745
Curve.013,0.9382,0.0,1.6737
Curve.013,0.9386,0.0,1.6729
Curve.013,0.9389,0.0,1.672
Curve.013,0.9391,0.0,1.671
Curve.013,0.9392,0.0,1.67
Curve.013,0.9391,0.0,1.669
Curve.013,0.9389,0.0,1.668
Curve.013,0.9386,0.0,1.6671
Curve.013,0.9382,0.0,1.6663
Curve.013,0.9376,0.0,1.6655
Curve.013,0.937,0.0,1.6648
Curve.013,0.9363,0.0,1.6641
Curve.013,0.9355,0.0,1.6636
Curve.013,0.9347,0.0,1.6632
Curve.013,0.9338,0.0,1.6629
Curve.013,0.9328,0.0,1.6627
Curve.013,0.9318,0.0,1.6626
Curve.013,0.9308,0.0,1.6627
Curve.013,0.9298,0.0,1.6629
Curve.013,0.9289,0.0,1.6632
Curve.013,0.9281,0.0,1.6636
Curve.013,0.9273,0.0,1.6641
Curve.013,0.9266,0.0,1.6648
Curve.013,0.9259,0.0,1.6655
Curve.013,0.9254,0.0,1.6663
Curve.013,0.925,0.0,1.6671
Curve.013,0.9247,0.0,1.668
Curve.013,0.9245,0.0,1.669
Curve.014,0.7961,0.0,1.4549
Curve.014,0.7962,0.0,1.4559
Curve.014,0.7964,0.0,1.4568
Curve.014,0.7967,0.0,1.4577
Curve.014,0.7972,0.0,1.4586
Curve.014,0.7977,0.0,1.4594
Curve.014,0.7983,0.0,1.4601
Curve.014,0.799,0.0,1.4607
Curve.014,0.7998,0.0,1.4613
Curve.014,0.8007,0.0,1.4617
Curve.014,0.8016,0.0,1.462
Curve.014,0.8025,0.0,1.4622
Curve.014,0.8035,0.0,1.4623
Curve.014,0.8045,0.0,1.4622
Curve.014,0.8055,0.0,1.462
Curve.014,0.8064,0.0,1.4617
Curve.014,0.8073,0.0,1.4613
Curve.014,0.8081,0.0,1.4607
Curve.014,0.8088,0.0,1.4601
Curve.014,0.8094,0.0,1.4594
Curve.014,0.8099,0.0,1.4586
Curve.014,0.8104,0.0,1.4577
Curve.014,0.8107,0.0,1.4568
Curve.014,0.8109,0.0,1.4559
Curve.014,0.8109,0.0,1.4549
Curve.014,0.8109,0.0,1.4539
Curve.014,0.8107,0.0,1.4529
Curve.014,0.8104,0.0,1.452
Curve.014,0.8099,0.0,1.4511
Curve.014,0.8094,0.0,1.4503
Curve.014,0.8088,0.0,1.4496
Curve.014,0.8081,0.0,1.449
Curve.014,0.8073,0.0,1.4485
Curve.014,0.8064,0.0,1.4481
Curve.014,0.8055,0.0,1.4477
Curve.014,0.8045,0.0,1.4475
Curve.014,0.8035,0.0,1.4475
Curve.014,0.8025,0.0,1.4475
Curve.014,0.8016,0.0,1.4477
Curve.014,0.8007,0.0,1.4481
Curve.014,0.7998,0.0,1.4485
Curve.014,0.799,0.0,1.449
Curve.014,0.7983,0.0,1.4496
Curve.014,0.7977,0.0,1.4503
Curve.014,0.7972,0.0,1.4511
Curve.014,0.7967,0.0,1.452
Curve.014,0.7964,0.0,1.4529
Curve.014,0.7962,0.0,1.4539
Curve.015,1.0929,0.0,1.8398
Curve.015,1.093,0.0,1.8408
Curve.015,1.0932,0.0,1.8418
Curve.015,1.0935,0.0,1.8427
Curve.015,1.094,0.0,1.8436
Curve.015,1.0945,0.0,1.8444
Curve.015,1.0951,0.0,1.8451
Curve.015,1.0958,0.0,1.8457
Curve.015,1.0966,0.0,1.8462
Curve.015,1.0975,0.0,1.8467
Curve.015,1.0984,0.0,1.847
Curve.015,1.0993,0.0,1.8472
Curve.015,1.1003,0.0,1.8472
Curve.015,1.1013,0.0,1.8472
Curve.015,1.1023,0.0,1.847
Curve.015,1.1032,0.0,1.8467
Curve.015,1.1041,0.0,1.8462
Curve.015,1.1049,0.0,1.8457
Curve.015,1.1056,0.0,1.8451
Curve.015,1.1062,0.0,1.8444
Curve.015,1.1067,0.0,1.8436
Curve.015,1.1072,0.0,1.8427
Curve.015,1.1075,0.0,1.8418
Curve.015,1.1077,0.0,1.8408
Curve.015,1.1077,0.0,1.8398
Curve.015,1.1077,0.0,1.8388
Curve.015,1.1075,0.0,1.8379
Curve.015,1.1072,0.0,1.837
Curve.015,1.1067,0.0,1.8361
Curve.015,1.1062,0.0,1.8353
Curve.015,1.1056,0.0,1.8346
Curve.015,1.1049,0.0,1.834
Curve.015,1.1041,0.0,1.8335
Curve.015,1.1032,0.0,1.833
Curve.015,1.1023,0.0,1.8327
Curve.015,1.1013,0.0,1.8325
Curve.015,1.1003,0.0,1.8324
Curve.015,1.0993,0.0,1.8325
Curve.015,1.0984,0.0,1.8327
Curve.015,1.0975,0.0,1.833
Curve.015,1.0966,0.0,1.8335
Curve.015,1.0958,0.0,1.834
Curve.015,1.0951,0.0,1.8346
Curve.015,1.0945,0.0,1.8353
Curve.015,1.094,0.0,1.8361
Curve.015,1.0935,0.0,1.837
Curve.015,1.0932,0.0,1.8379
Curve.015,1.093,0.0,1.8388
Curve.016,1.1417,0.0,1.6265
Curve.016,1.1418,0.0,1.6275
Curve.016,1.142,0.0,1.6285
Curve.016,1.1423,0.0,1.6294
Curve.016,1.1427,0.0,1.6303
Curve.016,1.1432,0.0,1.6311
Curve.016,1.1439,0.0,1.6318
Curve.016,1.1446,0.0,1.6324
Curve.016,1.1454,0.0,1.6329
Curve.016,1.1462,0.0,1.6334
Curve.016,1.1471,0.0,1.6337
Curve.016,1.1481,0.0,1.6339
Curve.016,1.1491,0.0,1.6339
Curve.016,1.1501,0.0,1.6339
Curve.016,1.1511,0.0,1.6337
Curve.016,1.152,0.0,1.6334
Curve.016,1.1528,0.0,1.6329
Curve.016,1.1536,0.0,1.6324
Curve.016,1.1543,0.0,1.6318
Curve.016,1.1549,0.0,1.6311
Curve.016,1.1555,0.0,1.6303
Curve.016,1.1559,0.0,1.6294
Curve.016,1.1562,0.0,1.6285
Curve.016,1.1564,0.0,1.6275
Curve.016,1.1565,0.0,1.6265
Curve.016,1.1564,0.0,1.6255
Curve.016,1.1562,0.0,1.6246
Curve.016,1.1559,0.0,1.6237
Curve.016,1.1555,0.0,1.6228
Curve.016,1.1549,0.0,1.622
Curve.016,1.1543,0.0,1.6213
Curve.016,1.1536,0.0,1.6207
Curve.016,1.1528,0.0,1.6202
Curve.016,1.152,0.0,1.6197
Curve.016,1.1511,0.0,1.6194
Curve.016,1.1501,0.0,1.6192
Curve.016,1.1491,0.0,1.6191
Curve.016,1.1481,0.0,1.6192
Curve.016,1.1471,0.0,1.6194
Curve.016,1.1462,0.0,1.6197
Curve.016,1.1454,0.0,1.6202
Curve.016,1.1446,0.0,1.6207
Curve.016,1.1439,0.0,1.6213
Curve.016,1.1432,0.0,1.622
Curve.016,1.1427,0.0,1.6228
Curve.016,1.1423,0.0,1.6237
Curve.016,1.142,0.0,1.6246
Curve.016,1.1418,0.0,1.6255
Curve.017,1.0648,0.0,1.6682
Curve.017,1.0649,0.0,1.6692
Curve.017,1.0651,0.0,1.6702
Curve.017,1.0654,0.0,1.6711
Curve.017,1.0658,0.0,1.6719
Curve.017,1.0663,0.0,1.6727
Curve.017,1.067,0.0,1.6734
Curve.017,1.0677,0.0,1.674
Curve.017,1.0685,0.0,1.6746
Curve.017,1.0693,0.0,1.675
Curve.017,1.0702,0.0,1.6753
Curve.017,1.0712,0.0,1.6755
Curve.017,1.0722,0.0,1.6756
Curve.017,1.0732,0.0,1.6755
Curve.017,1.0742,0.0,1.6753
Curve.017,1.0751,0.0,1.675
Curve.017,1.0759,0.0,1.6746
Curve.017,1.0767,0.0,1.674
Curve.017,1.0774,0.0,1.6734
Curve.017,1.0781,0.0,1.6727
Curve.017,1.0786,0.0,1.6719
Curve.017,1.079,0.0,1.6711
Curve.017,1.0793,0.0,1.6702
Curve.017,1.0795,0.0,1.6692
Curve.017,1.0796,0.0,1.6682
Curve.017,1.0795,0.0,1.6672
Curve.017,1.0793,0.0,1.6662
Curve.017,1.079,0.0,1.6653
Curve.017,1.0786,0.0,1.6645
Curve.017,1.0781,0.0,1.6637
Curve.017,1.0774,0.0,1.663
Curve.017,1.0767,0.0,1.6623
Curve.017,1.0759,0.0,1.6618
Curve.017,1.0751,0.0,1.6614
Curve.017,1.0742,0.0,1.6611
Curve.017,1.0732,0.0,1.6609
Curve.017,1.0722,0.0,1.6608
Curve.017,1.0712,0.0,1.6609
Curve.017,1.0702,0.0,1.6611
Curve.017,1.0693,0.0,1.6614
Curve.017,1.0685,0.0,1.6618
Curve.017,1.0677,0.0,1.6623
Curve.017,1.067,0.0,1.663
Curve.017,1.0663,0.0,1.6637
Curve.017,1.0658,0.0,1.6645
Curve.017,1.0654,0.0,1.6653
Curve.017,1.0651,0.0,1.6662
Curve.017,1.0649,0.0,1.6672
Curve.018,0.9331,0.0,1.6116
Curve.018,0.9332,0.0,1.6126
Curve.018,0.9334,0.0,1.6135
Curve.018,0.9337,0.0,1.6144
Curve.018,0.9341,0.0,1.6153
Curve.018,0.9347,0.0,1.6161
Curve.018,0.9353,0.0,1.6168
Curve.018,0.936,0.0,1.6174
Curve.018,0.9368,0.0,1.6179
Curve.018,0.9376,0.0,1.6184
Curve.018,0.9385,0.0,1.6187
Curve.018,0.9395,0.0,1.6189
Curve.018,0.9405,0.0,1.6189
Curve.018,0.9415,0.0,1.6189
Curve.018,0.9425,0.0,1.6187
Curve.018,0.9434,0.0,1.6184
Curve.018,0.9442,0.0,1.6179
Curve.018,0.945,0.0,1.6174
Curve.018,0.9457,0.0,1.6168
Curve.018,0.9464,0.0,1.6161
Curve.018,0.9469,0.0,1.6153
Curve.018,0.9473,0.0,1.6144
Curve.018,0.9476,0.0,1.6135
Curve.018,0.9478,0.0,1.6126
Curve.018,0.9479,0.0,1.6116
Curve.018,0.9478,0.0,1.6105
Curve.018,0.9476,0.0,1.6096
Curve.018,0.9473,0.0,1.6087
Curve.018,0.9469,0.0,1.6078
Curve.018,0.9464,0.0,1.607
Curve.018,0.9457,0.0,1.6063
Curve.018,0.945,0.0,1.6057
Curve.018,0.9442,0.0,1.6052
Curve.018,0.9434,0.0,1.6047
Curve.018,0.9425,0.0,1.6044
Curve.018,0.9415,0.0,1.6042
Curve.018,0.9405,0.0,1.6042
Curve.018,0.9395,0.0,1.6042
Curve.018,0.9385,0.0,1.6044
Curve.018,0.9376,0.0,1.6047
Curve.018,0.9368,0.0,1.6052
Curve.018,0.936,0.0,1.6057
Curve.018,0.9353,0.0,1.6063
Curve.018,0.9347,0.0,1.607
Curve.018,0.9341,0.0,1.6078
Curve.018,0.9337,0.0,1.6087
Curve.018,0.9334,0.0,1.6096
Curve.018,0.9332,0.0,1.6105
Curve.019,1.5139,0.0,0.3976
Curve.019,1.514,0.0,0.3986
Curve.019,1.5142,0.0,0.3995
Curve.019,1.5145,0.0,0.4004
Curve.019,1.5149,0.0,0.4013
Curve.019,1.5154,0.0,0.4021
Curve.019,1.5161,0.0,0.4028
Curve.019,1.5168,0.0,0.4034
Curve.019,1.5176,0.0,0.404
Curve.019,1.5184,0.0,0.4044
Curve.019,1.5193,0.0,0.4047
Curve.019,1.5203,0.0,0.4049
Curve.019,1.5213,0.0,0.405
Curve.019,1.5223,0.0,0.4049
Curve.019,1.5233,0.0,0.4047
Curve.019,1.5242,0.0,0.4044
Curve.019,1.525,0.0,0.404
Curve.019,1.5258,0.0,0.4034
Curve.019,1.5265,0.0,0.4028
Curve.019,1.5271,0.0,0.4021
Curve.019,1.5277,0.0,0.4013
Curve.019,1.5281,0.0,0.4004
Curve.019,1.5284,0.0,0.3995
Curve.019,1.5286,0.0,0.3986
Curve.019,1.5287,0.0,0.3976
Curve.019,1.5286,0.0,0.3966
Curve.019,1.5284,0.0,0.3956
Curve.019,1.5281,0.0,0.3947
Curve.019,1.5277,0.0,0.3938
Curve.019,1.5271,0.0,0.3931
Curve.019,1.5265,0.0,0.3923
Curve.019,1.5258,0.0,0.3917
Curve.019,1.525,0.0,0.3912
Curve.019,1.5242,0.0,0.3908
Curve.019,1.5233,0.0,0.3904
Curve.019,1.5223,0.0,0.3902
Curve.019,1.5213,0.0,0.3902
Curve.019,1.5203,0.0,0.3902
Curve.019,1.5193,0.0,0.3904
Curve.019,1.5184,0.0,0.3908
Curve.019,1.5176,0.0,0.3912
Curve.019,1.5168,0.0,0.3917
Curve.019,1.5161,0.0,0.3923
Curve.019,1.5154,0.0,0.3931
Curve.019,1.5149,0.0,0.3938
Curve.019,1.5145,0.0,0.3947
Curve.019,1.5142,0.0,0.3956
Curve.019,1.514,0.0,0.3966
Curve.020,0.5314,0.0,0.5791
Curve.020,0.5315,0.0,0.5801
Curve.020,0.5317,0.0,0.5811
Curve.020,0.532,0.0,0.582
Curve.020,0.5324,0.0,0.5829
Curve.020,0.533,0.0,0.5837
Curve.020,0.5336,0.0,0.5844
Curve.020,0.5343,0.0,0.585
Curve.020,0.5351,0.0,0.5855
Curve.020,0.5359,0.0,0.586
Curve.020,0.5369,0.0,0.5863
Curve.020,0.5378,0.0,0.5865
Curve.020,0.5388,0.0,0.5865
Curve.020,0.5398,0.0,0.5865
Curve.020,0.5408,0.0,0.5863
Curve.020,0.5417,0.0,0.586
Curve.020,0.5426,0.0,0.5855
Curve.020,0.5434,0.0,0.585
Curve.020,0.5441,0.0,0.5844
Curve.020,0.5447,0.0,0.5837
Curve.020,0.5452,0.0,0.5829
Curve.020,0.5457,0.0,0.582
Curve.020,0.546,0.0,0.5811
Curve.020,0.5462,0.0,0.5801
Curve.020,0.5463,0.0,0.5791
Curve.020,0.5462,0.0,0.5781
Curve.020,0.546,0.0,0.5771
Curve.020,0.5457,0.0,0.5762
Curve.020,0.5452,0.0,0.5754
Curve.020,0.5447,0.0,0.5746
Curve.020,0.5441,0.0,0.5739
Curve.020,0.5434,0.0,0.5732
Curve.020,0.5426,0.0,0.5727
Curve.020,0.5417,0.0,0.5723
Curve.020,0.5408,0.0,0.572
Curve.020,0.5398,0.0,0.5718
Curve.020,0.5388,0.0,0.5717
Curve.020,0.5378,0.0,0.5718
Curve.020,0.5369,0.0,0.572
Curve.020,0.5359,0.0,0.5723
Curve.020,0.5351,0.0,0.5727
Curve.020,0.5343,0.0,0.5732
Curve.020,0.5336,0.0,0.5739
Curve.020,0.533,0.0,0.5746
Curve.020,0.5324,0.0,0.5754
Curve.020,0.532,0.0,0.5762
Curve.020,0.5317,0.0,0.5771
Curve.020,0.5315,0.0,0.5781
Curve.021,1.0463,0.0,0.4837
Curve.021,1.0464,0.0,0.4847
Curve.021,1.0466,0.0,0.4856
Curve.021,1.0469,0.0,0.4865
Curve.021,1.0474,0.0,0.4874
Curve.021,1.0479,0.0,0.4882
Curve.021,1.0485,0.0,0.4889
Curve.021,1.0492,0.0,0.4895
Curve.021,1.05,0.0,0.4901
Curve.021,1.0509,0.0,0.4905
Curve.021,1.0518,0.0,0.4908
Curve.021,1.0528,0.0,0.491
Curve.021,1.0538,0.0,0.4911
Curve.021,1.0548,0.0,0.491
Curve.021,1.0557,0.0,0.4908
Curve.021,1.0567,0.0,0.4905
Curve.021,1.0575,0.0,0.4901
Curve.021,1.0583,0.0,0.4895
Curve.021,1.059,0.0,0.4889
Curve.021,1.0596,0.0,0.4882
Curve.021,1.0602,0.0,0.4874
Curve.021,1.0606,0.0,0.4865
Curve.021,1.0609,0.0,0.4856
Curve.021,1.0611,0.0,0.4847
Curve.021,1.0612,0.0,0.4837
Curve.021,1.0611,0.0,0.4827
Curve.021,1.0609,0.0,0.4817
Curve.021,1.0606,0.0,0.4808
Curve.021,1.0602,0.0,0.4799
Curve.021,1.0596,0.0,0.4791
Curve.021,1.059,0.0,0.4784
Curve.021,1.0583,0.0,0.4778
Curve.021,1.0575,0.0,0.4773
Curve.021,1.0567,0.0,0.4768
Curve.021,1.0557,0.0,0.4765
Curve.021,1.0548,0.0,0.4763
Curve.021,1.0538,0.0,0.4762
Curve.021,1.0528,0.0,0.4763
Curve.021,1.0518,0.0,0.4765
Curve.021,1.0509,0.0,0.4768
Curve.021,1.05,0.0,0.4773
Curve.021,1.0492,0.0,0.4778
Curve.021,1.0485,0.0,0.4784
Curve.021,1.0479,0.0,0.4791
Curve.021,1.0474,0.0,0.4799
Curve.021,1.0469,0.0,0.4808
Curve.021,1.0466,0.0,0.4817
Curve.021,1.0464,0.0,0.4827
Curve.022,0.6847,0.0,0.585
Curve.022,0.6847,0.0,0.5861
Curve.022,0.6849,0.0,0.587
Curve.022,0.6852,0.0,0.5879
Curve.022,0.6857,0.0,0.5888
Curve.022,0.6862,0.0,0.5896
Curve.022,0.6868,0.0,0.5903
Curve.022,0.6876,0.0,0.5909
Curve.022,0.6883,0.0,0.5914
Curve.022,0.6892,0.0,0.5919
Curve.022,0.6901,0.0,0.5922
Curve.022,0.6911,0.0,0.5924
Curve.022,0.6921,0.0,0.5925
Curve.022,0.6931,0.0,0.5924
Curve.022,0.6941,0.0,0.5922
Curve.022,0.695,0.0,0.5919
Curve.022,0.6958,0.0,0.5914
Curve.022,0.6966,0.0,0.5909
Curve.022,0.6973,0.0,0.5903
Curve.022,0.698,0.0,0.5896
Curve.022,0.6985,0.0,0.5888
Curve.022,0.6989,0.0,0.5879
Curve.022,0.6992,0.0,0.587
Curve.022,0.6994,0.0,0.5861
Curve.022,0.6995,0.0,0.585
Curve.022,0.6994,0.0,0.584
Curve.022,0.6992,0.0,0.5831
Curve.022,0.6989,0.0,0.5822
Curve.022,0.6985,0.0,0.5813
Curve.022,0.698,0.0,0.5805
Curve.022,0.6973,0.0,0.5798
Curve.022,0.6966,0.0,0.5792
Curve.022,0.6958,0.0,0.5786
Curve.022,0.695,0.0,0.5782
Curve.022,0.6941,0.0,0.5779
Curve.022,0.6931,0.0,0.5777
Curve.022,0.6921,0.0,0.5776
Curve.022,0.6911,0.0,0.5777
Curve.022,0.6901,0.0,0.5779
Curve.022,0.6892,0.0,0.5782
Curve.022,0.6883,0.0,0.5786
Curve.022,0.6876,0.0,0.5792
Curve.022,0.6868,0.0,0.5798
Curve.022,0.6862,0.0,0.5805
Curve.022,0.6857,0.0,0.5813
Curve.022,0.6852,0.0,0.5822
Curve.022,0.6849,0.0,0.5831
Curve.022,0.6847,0.0,0.584
Curve.023,0.7487,0.0,0.4805
Curve.023,0.7488,0.0,0.4815
Curve.023,0.749,0.0,0.4825
Curve.023,0.7493,0.0,0.4834
Curve.023,0.7497,0.0,0.4843
Curve.023,0.7503,0.0,0.4851
Curve.023,0.7509,0.0,0.4858
Curve.023,0.7516,0.0,0.4864
Curve.023,0.7524,0.0,0.4869
Curve.023,0.7532,0.0,0.4874
Curve.023,0.7542,0.0,0.4877
Curve.023,0.7551,0.0,0.4879
Curve.023,0.7561,0.0,0.4879
Curve.023,0.7571,0.0,0.4879
Curve.023,0.7581,0.0,0.4877
Curve.023,0.759,0.0,0.4874
Curve.023,0.7599,0.0,0.4869
Curve.023,0.7607,0.0,0.4864
Curve.023,0.7614,0.0,0.4858
Curve.023,0.762,0.0,0.4851
Curve.023,0.7625,0.0,0.4843
Curve.023,0.763,0.0,0.4834
Curve.023,0.7633,0.0,0.4825
Curve.023,0.7635,0.0,0.4815
Curve.023,0.7636,0.0,0.4805
Curve.023,0.7635,0.0,0.4795
Curve.023,0.7633,0.0,0.4786
Curve.023,0.763,0.0,0.4776
Curve.023,0.7625,0.0,0.4768
Curve.023,0.762,0.0,0.476
Curve.023,0.7614,0.0,0.4753
Curve.023,0.7607,0.0,0.4747
Curve.023,0.7599,0.0,0.4741
Curve.023,0.759,0.0,0.4737
Curve.023,0.7581,0.0,0.4734
Curve.023,0.7571,0.0,0.4732
Curve.023,0.7561,0.0,0.4731
Curve.023,0.7551,0.0,0.4732
Curve.023,0.7542,0.0,0.4734
Curve.023,0.7532,0.0,0.4737
Curve.023,0.7524,0.0,0.4741
Curve.023,0.7516,0.0,0.4747
Curve.023,0.7509,0.0,0.4753
Curve.023,0.7503,0.0,0.476
Curve.023,0.7497,0.0,0.4768
Curve.023,0.7493,0.0,0.4776
Curve.023,0.749,0.0,0.4786
Curve.023,0.7488,0.0,0.4795
Curve.024,1.2202,0.0,0.5464
Curve.024,1.2203,0.0,0.5474
Curve.024,1.2205,0.0,0.5483
Curve.024,1.2208,0.0,0.5492
Curve.024,1.2212,0.0,0.5501
Curve.024,1.2217,0.0,0.5509
Curve.024,1.2224,0.0,0.5516
Curve.024,1.2231,0.0,0.5522
Curve.024,1.2239,0.0,0.5527
Curve.024,1.2247,0.0,0.5532
Curve.024,1.2256,0.0,0.5535
Curve.024,1.2266,0.0,0.5537
Curve.024,1.2276,0.0,0.5538
Curve.024,1.2286,0.0,0.5537
Curve.024,1.2296,0.0,0.5535
Curve.024,1.2305,0.0,0.5532
Curve.024,1.2313,0.0,0.5527
Curve.024,1.2321,0.0,0.5522
Curve.024,1.2328,0.0,0.5516
Curve.024,1.2335,0.0,0.5509
Curve.024,1.234,0.0,0.5501
Curve.024,1.2344,0.0,0.5492
Curve.024,1.2347,0.0,0.5483
Curve.024,1.2349,0.0,0.5474
Curve.024,1.235,0.0,0.5464
Curve.024,1.2349,0.0,0.5454
Curve.024,1.2347,0.0,0.5444
Curve.024,1.2344,0.0,0.5435
Curve.024,1.234,0.0,0.5426
Curve.024,1.2335,0.0,0.5418
Curve.024,1.2328,0.0,0.5411
Curve.024,1.2321,0.0,0.5405
Curve.024,1.2313,0.0,0.54
Curve.024,1.2305,0.0,0.5395
Curve.024,1.2296,0.0,0.5392
Curve.024,1.2286,0.0,0.539
Curve.024,1.2276,0.0,0.539
Curve.024,1.2266,0.0,0.539
Curve.024,1.2256,0.0,0.5392
Curve.024,1.2247,0.0,0.5395
Curve.024,1.2239,0.0,0.54
Curve.024,1.2231,0.0,0.5405
Curve.024,1.2224,0.0,0.5411
Curve.024,1.2217,0.0,0.5418
Curve.024,1.2212,0.0,0.5426
Curve.024,1.2208,0.0,0.5435
Curve.024,1.2205,0.0,0.5444
Curve.024,1.2203,0.0,0.5454
Curve.025,1.4801,0.0,0.693
Curve.025,1.4802,0.0,0.694
Curve.025,1.4804,0.0,0.695
Curve.025,1.4807,0.0,0.6959
Curve.025,1.4811,0.0,0.6967
Curve.025,1.4817,0.0,0.6975
Curve.025,1.4823,0.0,0.6982
Curve.025,1.483,0.0,0.6989
Curve.025,1.4838,0.0,0.6994
Curve.025,1.4846,0.0,0.6998
Curve.025,1.4856,0.0,0.7001
Curve.025,1.4865,0.0,0.7003
Curve.025,1.4875,0.0,0.7004
Curve.025,1.4885,0.0,0.7003
Curve.025,1.4895,0.0,0.7001
Curve.025,1.4904,0.0,0.6998
Curve.025,1.4913,0.0,0.6994
Curve.025,1.492,0.0,0.6989
Curve.025,1.4928,0.0,0.6982
Curve.025,1.4934,0.0,0.6975
Curve.025,1.4939,0.0,0.6967
Curve.025,1.4943,0.0,0.6959
Curve.025,1.4947,0.0,0.695
Curve.025,1.4949,0.0,0.694
Curve.025,1.4949,0.0,0.693
Curve.025,1.4949,0.0,0.692
Curve.025,1.4947,0.0,0.691
Curve.025,1.4943,0.0,0.6901
Curve.025,1.4939,0.0,0.6893
Curve.025,1.4934,0.0,0.6885
Curve.025,1.4928,0.0,0.6878
Curve.025,1.492,0.0,0.6872
Curve.025,1.4913,0.0,0.6866
Curve.025,1.4904,0.0,0.6862
Curve.025,1.4895,0.0,0.6859
Curve.025,1.4885,0.0,0.6857
Curve.025,1.4875,0.0,0.6856
Curve.025,1.4865,0.0,0.6857
Curve.025,1.4856,0.0,0.6859
Curve.025,1.4846,0.0,0.6862
Curve.025,1.4838,0.0,0.6866
Curve.025,1.483,0.0,0.6872
Curve.025,1.4823,0.0,0.6878
Curve.025,1.4817,0.0,0.6885
Curve.025,1.4811,0.0,0.6893
Curve.025,1.4807,0.0,0.6901
Curve.025,1.4804,0.0,0.691
Curve.025,1.4802,0.0,0.692
Curve.026,1.6772,0.0,0.603
Curve.026,1.6773,0.0,0.604
Curve.026,1.6775,0.0,0.605
Curve.026,1.6778,0.0,0.6059
Curve.026,1.6782,0.0,0.6067
Curve.026,1.6787,0.0,0.6075
Curve.026,1.6794,0.0,0.6082
Curve.026,1.6801,0.0,0.6089
Curve.026,1.6809,0.0,0.6094
Curve.026,1.6817,0.0,0.6098
Curve.026,1.6826,0.0,0.6101
Curve.026,1.6836,0.0,0.6103
Curve.026,1.6846,0.0,0.6104
Curve.026,1.6856,0.0,0.6103
Curve.026,1.6866,0.0,0.6101
Curve.026,1.6875,0.0,0.6098
Curve.026,1.6883,0.0,0.6094
Curve.026,1.6891,0.0,0.6089
Curve.026,1.6898,0.0,0.6082
Curve.026,1.6904,0.0,0.6075
Curve.026,1.691,0.0,0.6067
Curve.026,1.6914,0.0,0.6059
Curve.026,1.6917,0.0,0.605
Curve.026,1.6919,0.0,0.604
Curve.026,1.692,0.0,0.603
Curve.026,1.6919,0.0,0.602
Curve.026,1.6917,0.0,0.601
Curve.026,1.6914,0.0,0.6001
Curve.026,1.691,0.0,0.5993
Curve.026,1.6904,0.0,0.5985
Curve.026,1.6898,0.0,0.5978
Curve.026,1.6891,0.0,0.5971
Curve.026,1.6883,0.0,0.5966
Curve.026,1.6875,0.0,0.5962
Curve.026,1.6866,0.0,0.5959
Curve.026,1.6856,0.0,0.5957
Curve.026,1.6846,0.0,0.5956
Curve.026,1.6836,0.0,0.5957
Curve.026,1.6826,0.0,0.5959
Curve.026,1.6817,0.0,0.5962
Curve.026,1.6809,0.0,0.5966
Curve.026,1.6801,0.0,0.5971
Curve.026,1.6794,0.0,0.5978
Curve.026,1.6787,0.0,0.5985
Curve.026,1.6782,0.0,0.5993
Curve.026,1.6778,0.0,0.6001
Curve.026,1.6775,0.0,0.601
Curve.026,1.6773,0.0,0.602
Curve.027,1.7444,0.0,0.56
Curve.027,1.7444,0.0,0.561
Curve.027,1.7446,0.0,0.562
Curve.027,1.7449,0.0,0.5629
Curve.027,1.7454,0.0,0.5638
Curve.027,1.7459,0.0,0.5645
Curve.027,1.7465,0.0,0.5653
Curve.027,1.7472,0.0,0.5659
Curve.027,1.748,0.0,0.5664
Curve.027,1.7489,0.0,0.5668
Curve.027,1.7498,0.0,0.5672
Curve.027,1.7508,0.0,0.5674
Curve.027,1.7518,0.0,0.5674
Curve.027,1.7528,0.0,0.5674
Curve.027,1.7537,0.0,0.5672
Curve.027,1.7546,0.0,0.5668
Curve.027,1.7555,0.0,0.5664
Curve.027,1.7563,0.0,0.5659
Curve.027,1.757,0.0,0.5653
Curve.027,1.7576,0.0,0.5645
Curve.027,1.7581,0.0,0.5638
Curve.027,1.7586,0.0,0.5629
Curve.027,1.7589,0.0,0.562
Curve.027,1.7591,0.0,0.561
Curve.027,1.7592,0.0,0.56
Curve.027,1.7591,0.0,0.559
Curve.027,1.7589,0.0,0.5581
Curve.027,1.7586,0.0,0.5572
Curve.027,1.7581,0.0,0.5563
Curve.027,1.7576,0.0,0.5555
Curve.027,1.757,0.0,0.5548
Curve.027,1.7563,0.0,0.5542
Curve.027,1.7555,0.0,0.5536
Curve.027,1.7546,0.0,0.5532
Curve.027,1.7537,0.0,0.5529
Curve.027,1.7528,0.0,0.5527
Curve.027,1.7518,0.0,0.5526
Curve.027,1.7508,0.0,0.5527
Curve.027,1.7498,0.0,0.5529
Curve.027,1.7489,0.0,0.5532
Curve.027,1.748,0.0,0.5536
Curve.027,1.7472,0.0,0.5542
Curve.027,1.7465,0.0,0.5548
Curve.027,1.7459,0.0,0.5555
Curve.027,1.7454,0.0,0.5563
Curve.027,1.7449,0.0,0.5572
Curve.027,1.7446,0.0,0.5581
Curve.027,1.7444,0.0,0.559
Curve.028,1.7554,0.0,0.6772
Curve.028,1.7555,0.0,0.6782
Curve.028,1.7557,0.0,0.6792
Curve.028,1.756,0.0,0.6801
Curve.028,1.7564,0.0,0.6809
Curve.028,1.7569,0.0,0.6817
Curve.028,1.7576,0.0,0.6824
Curve.028,1.7583,0.0,0.6831
Curve.028,1.7591,0.0,0.6836
Curve.028,1.7599,0.0,0.684
Curve.028,1.7608,0.0,0.6843
Curve.028,1.7618,0.0,0.6845
Curve.028,1.7628,0.0,0.6846
Curve.028,1.7638,0.0,0.6845
Curve.028,1.7648,0.0,0.6843
Curve.028,1.7657,0.0,0.684
Curve.028,1.7665,0.0,0.6836
Curve.028,1.7673,0.0,0.6831
Curve.028,1.768,0.0,0.6824
Curve.028,1.7686,0.0,0.6817
Curve.028,1.7692,0.0,0.6809
Curve.028,1.7696,0.0,0.6801
Curve.028,1.7699,0.0,0.6792
Curve.028,1.7701,0.0,0.6782
Curve.028,1.7702,0.0,0.6772
Curve.028,1.7701,0.0,0.6762
Curve.028,1.7699,0.0,0.6752
Curve.028,1.7696,0.0,0.6743
Curve.028,1.7692,0.0,0.6735
Curve.028,1.7686,0.0,0.6727
Curve.028,1.768,0.0,0.672
Curve.028,1.7673,0.0,0.6714
Curve.028,1.7665,0.0,0.6708
Curve.028,1.7657,0.0,0.6704
Curve.028,1.7648,0.0,0.6701
Curve.028,1.7638,0.0,0.6699
Curve.028,1.7628,0.0,0.6698
Curve.028,1.7618,0.0,0.6699
Curve.028,1.7608,0.0,0.6701
Curve.028,1.7599,0.0,0.6704
Curve.028,1.7591,0.0,0.6708
Curve.028,1.7583,0.0,0.6714
Curve.028,1.7576,0.0,0.672
Curve.028,1.7569,0.0,0.6727
Curve.028,1.7564,0.0,0.6735
Curve.028,1.756,0.0,0.6743
Curve.028,1.7557,0.0,0.6752
Curve.028,1.7555,0.0,0.6762
Curve.029,0.7756,0.0,0.8431
Curve.029,0.7756,0.0,0.8441
Curve.029,0.7758,0.0,0.8451
Curve.029,0.7761,0.0,0.846
Curve.029,0.7766,0.0,0.8468
Curve.029,0.7771,0.0,0.8476
Curve.029,0.7777,0.0,0.8483
Curve.029,0.7784,0.0,0.849
Curve.029,0.7792,0.0,0.8495
Curve.029,0.7801,0.0,0.8499
Curve.029,0.781,0.0,0.8502
Curve.029,0.782,0.0,0.8504
Curve.029,0.783,0.0,0.8505
Curve.029,0.784,0.0,0.8504
Curve.029,0.7849,0.0,0.8502
Curve.029,0.7858,0.0,0.8499
Curve.029,0.7867,0.0,0.8495
Curve.029,0.7875,0.0,0.849
Curve.029,0.7882,0.0,0.8483
Curve.029,0.7888,0.0,0.8476
Curve.029,0.7893,0.0,0.8468
Curve.029,0.7898,0.0,0.846
Curve.029,0.7901,0.0,0.8451
Curve.029,0.7903,0.0,0.8441
Curve.029,0.7904,0.0,0.8431
Curve.029,0.7903,0.0,0.8421
Curve.029,0.7901,0.0,0.8411
Curve.029,0.7898,0.0,0.8402
Curve.029,0.7893,0.0,0.8394
Curve.029,0.7888,0.0,0.8386
Curve.029,0.7882,0.0,0.8379
Curve.029,0.7875,0.0,0.8373
Curve.029,0.7867,0.0,0.8367
Curve.029,0.7858,0.0,0.8363
Curve.029,0.7849,0.0,0.836
Curve.029,0.784,0.0,0.8358
Curve.029,0.783,0.0,0.8357
Curve.029,0.782,0.0,0.8358
Curve.029,0.781,0.0,0.836
Curve.029,0.7801,0.0,0.8363
Curve.029,0.7792,0.0,0.8367
Curve.029,0.7784,0.0,0.8373
Curve.029,0.7777,0.0,0.8379
Curve.029,0.7771,0.0,0.8386
Curve.029,0.7766,0.0,0.8394
Curve.029,0.7761,0.0,0.8402
Curve.029,0.7758,0.0,0.8411
Curve.029,0.7756,0.0,0.8421
Curve.030,0.7759,0.0,0.6733
Curve.030,0.776,0.0,0.6746
Curve.030,0.7762,0.0,0.6759
Curve.030,0.7767,0.0,0.6771
Curve.030,0.7772,0.0,0.6782
Curve.030,0.7779,0.0,0.6793
Curve.030,0.7788,0.0,0.6802
Curve.030,0.7797,0.0,0.6811
Curve.030,0.7808,0.0,0.6818
Curve.030,0.7819,0.0,0.6824
Curve.030,0.7831,0.0,0.6828
Curve.030,0.7844,0.0,0.683
Curve.030,0.7858,0.0,0.6831
Curve.030,0.7871,0.0,0.683
Curve.030,0.7884,0.0,0.6828
Curve.030,0.7896,0.0,0.6824
Curve.030,0.7907,0.0,0.6818
Curve.030,0.7918,0.0,0.6811
Curve.030,0.7927,0.0,0.6802
Curve.030,0.7936,0.0,0.6793
Curve.030,0.7943,0.0,0.6782
Curve.030,0.7949,0.0,0.6771
Curve.030,0.7953,0.0,0.6759
Curve.030,0.7956,0.0,0.6746
Curve.030,0.7956,0.0,0.6733
Curve.030,0.7956,0.0,0.6719
Curve.030,0.7953,0.0,0.6706
Curve.030,0.7949,0.0,0.6694
Curve.030,0.7943,0.0,0.6683
Curve.030,0.7936,0.0,0.6672
Curve.030,0.7927,0.0,0.6663
Curve.030,0.7918,0.0,0.6654
Curve.030,0.7907,0.0,0.6647
Curve.030,0.7896,0.0,0.6642
Curve.030,0.7884,0.0,0.6637
Curve.030,0.7871,0.0,0.6635
Curve.030,0.7858,0.0,0.6634
Curve.030,0.7844,0.0,0.6635
Curve.030,0.7831,0.0,0.6637
Curve.030,0.7819,0.0,0.6642
Curve.030,0.7808,0.0,0.6647
Curve.030,0.7797,0.0,0.6654
Curve.030,0.7788,0.0,0.6663
Curve.030,0.7779,0.0,0.6672
Curve.030,0.7772,0.0,0.6683
Curve.030,0.7767,0.0,0.6694
Curve.030,0.7762,0.0,0.6706
Curve.030,0.776,0.0,0.6719
Curve.031,0.8352,0.0,0.5482
Curve.031,0.8352,0.0,0.5495
Curve.031,0.8355,0.0,0.5508
Curve.031,0.8359,0.0,0.552
Curve.031,0.8365,0.0,0.5532
Curve.031,0.8372,0.0,0.5542
Curve.031,0.838,0.0,0.5552
Curve.031,0.839,0.0,0.556
Curve.031,0.84,0.0,0.5567
Curve.031,0.8412,0.0,0.5573
Curve.031,0.8424,0.0,0.5577
Curve.031,0.8437,0.0,0.558
Curve.031,0.845,0.0,0.5581
Curve.031,0.8464,0.0,0.558
Curve.031,0.8477,0.0,0.5577
Curve.031,0.8489,0.0,0.5573
Curve.031,0.85,0.0,0.5567
Curve.031,0.8511,0.0,0.556
Curve.031,0.852,0.0,0.5552
Curve.031,0.8528,0.0,0.5542
Curve.031,0.8536,0.0,0.5532
Curve.031,0.8541,0.0,0.552
Curve.031,0.8546,0.0,0.5508
Curve.031,0.8548,0.0,0.5495
Curve.031,0.8549,0.0,0.5482
Curve.031,0.8548,0.0,0.5468
Curve.031,0.8546,0.0,0.5456
Curve.031,0.8541,0.0,0.5443
Curve.031,0.8536,0.0,0.5432
Curve.031,0.8528,0.0,0.5421
Curve.031,0.852,0.0,0.5412
Curve.031,0.8511,0.0,0.5404
Curve.031,0.85,0.0,0.5397
Curve.031,0.8489,0.0,0.5391
Curve.031,0.8477,0.0,0.5387
Curve.031,0.8464,0.0,0.5384
Curve.031,0.845,0.0,0.5383
Curve.031,0.8437,0.0,0.5384
Curve.031,0.8424,0.0,0.5387
Curve.031,0.8412,0.0,0.5391
Curve.031,0.84,0.0,0.5397
Curve.031,0.839,0.0,0.5404
Curve.031,0.838,0.0,0.5412
Curve.031,0.8372,0.0,0.5421
Curve.031,0.8365,0.0,0.5432
Curve.031,0.8359,0.0,0.5443
Curve.031,0.8355,0.0,0.5456
Curve.031,0.8352,0.0,0.5468
Curve.032,1.545,0.0,0.6785
Curve.032,1.5451,0.0,0.6799
Curve.032,1.5453,0.0,0.6812
Curve.032,1.5458,0.0,0.6824
Curve.032,1.5463,0.0,0.6835
Curve.032,1.5471,0.0,0.6846
Curve.032,1.5479,0.0,0.6855
Curve.032,1.5488,0.0,0.6863
Curve.032,1.5499,0.0,0.6871
Curve.032,1.551,0.0,0.6876
Curve.032,1.5522,0.0,0.6881
Curve.032,1.5535,0.0,0.6883
Curve.032,1.5549,0.0,0.6884
Curve.032,1.5562,0.0,0.6883
Curve.032,1.5575,0.0,0.6881
Curve.032,1.5587,0.0,0.6876
Curve.032,1.5599,0.0,0.6871
Curve.032,1.5609,0.0,0.6863
Curve.032,1.5619,0.0,0.6855
Curve.032,1.5627,0.0,0.6846
Curve.032,1.5634,0.0,0.6835
Curve.032,1.564,0.0,0.6824
Curve.032,1.5644,0.0,0.6812
Curve.032,1.5647,0.0,0.6799
Curve.032,1.5647,0.0,0.6785
Curve.032,1.5647,0.0,0.6772
Curve.032,1.5644,0.0,0.6759
Curve.032,1.564,0.0,0.6747
Curve.032,1.5634,0.0,0.6735
Curve.032,1.5627,0.0,0.6725
Curve.032,1.5619,0.0,0.6715
Curve.032,1.5609,0.0,0.6707
Curve.032,1.5599,0.0,0.67
Curve.032,1.5587,0.0,0.6694
Curve.032,1.5575,0.0,0.669
Curve.032,1.5562,0.0,0.6687
Curve.032,1.5549,0.0,0.6687
Curve.032,1.5535,0.0,0.6687
Curve.032,1.5522,0.0,0.669
Curve.032,1.551,0.0,0.6694
Curve.032,1.5499,0.0,0.67
Curve.032,1.5488,0.0,0.6707
Curve.032,1.5479,0.0,0.6715
Curve.032,1.5471,0.0,0.6725
Curve.032,1.5463,0.0,0.6735
Curve.032,1.5458,0.0,0.6747
Curve.032,1.5453,0.0,0.6759
Curve.032,1.5451,0.0,0.6772
Curve.033,1.8005,0.0,0.693
Curve.033,1.8006,0.0,0.6944
Curve.033,1.8008,0.0,0.6956
Curve.033,1.8013,0.0,0.6969
Curve.033,1.8018,0.0,0.698
Curve.033,1.8025,0.0,0.699
Curve.033,1.8034,0.0,0.7
Curve.033,1.8043,0.0,0.7008
Curve.033,1.8054,0.0,0.7015
Curve.033,1.8065,0.0,0.7021
Curve.033,1.8077,0.0,0.7025
Curve.033,1.809,0.0,0.7028
Curve.033,1.8104,0.0,0.7029
Curve.033,1.8117,0.0,0.7028
Curve.033,1.813,0.0,0.7025
Curve.033,1.8142,0.0,0.7021
Curve.033,1.8153,0.0,0.7015
Curve.033,1.8164,0.0,0.7008
Curve.033,1.8173,0.0,0.7
Curve.033,1.8182,0.0,0.699
Curve.033,1.8189,0.0,0.698
Curve.033,1.8195,0.0,0.6969
Curve.033,1.8199,0.0,0.6956
Curve.033,1.8201,0.0,0.6944
Curve.033,1.8202,0.0,0.693
Curve.033,1.8201,0.0,0.6917
Curve.033,1.8199,0.0,0.6904
Curve.033,1.8195,0.0,0.6892
Curve.033,1.8189,0.0,0.688
Curve.033,1.8182,0.0,0.687
Curve.033,1.8173,0.0,0.686
Curve.033,1.8164,0.0,0.6852
Curve.033,1.8153,0.0,0.6845
Curve.033,1.8142,0.0,0.6839
Curve.033,1.813,0.0,0.6835
Curve.033,1.8117,0.0,0.6832
Curve.033,1.8104,0.0,0.6831
Curve.033,1.809,0.0,0.6832
Curve.033,1.8077,0.0,0.6835
Curve.033,1.8065,0.0,0.6839
Curve.033,1.8054,0.0,0.6845
Curve.033,1.8043,0.0,0.6852
Curve.033,1.8034,0.0,0.686
Curve.033,1.8025,0.0,0.687
Curve.033,1.8018,0.0,0.688
Curve.033,1.8013,0.0,0.6892
Curve.033,1.8008,0.0,0.6904
Curve.033,1.8006,0.0,0.6917
Curve.034,1.6741,0.0,0.747
Curve.034,1.6741,0.0,0.7483
Curve.034,1.6744,0.0,0.7496
Curve.034,1.6748,0.0,0.7508
Curve.034,1.6754,0.0,0.752
Curve.034,1.6761,0.0,0.753
Curve.034,1.6769,0.0,0.754
Curve.034,1.6779,0.0,0.7548
Curve.034,1.6789,0.0,0.7555
Curve.034,1.6801,0.0,0.7561
Curve.034,1.6813,0.0,0.7565
Curve.034,1.6826,0.0,0.7568
Curve.034,1.6839,0.0,0.7569
Curve.034,1.6853,0.0,0.7568
Curve.034,1.6866,0.0,0.7565
Curve.034,1.6878,0.0,0.7561
Curve.034,1.6889,0.0,0.7555
Curve.034,1.69,0.0,0.7548
Curve.034,1.6909,0.0,0.754
Curve.034,1.6917,0.0,0.753
Curve.034,1.6925,0.0,0.752
Curve.034,1.693,0.0,0.7508
Curve.034,1.6935,0.0,0.7496
Curve.034,1.6937,0.0,0.7483
Curve.034,1.6938,0.0,0.747
Curve.034,1.6937,0.0,0.7457
Curve.034,1.6935,0.0,0.7444
Curve.034,1.693,0.0,0.7432
Curve.034,1.6925,0.0,0.742
Curve.034,1.6917,0.0,0.741
Curve.034,1.6909,0.0,0.74
Curve.034,1.69,0.0,0.7392
Curve.034,1.6889,0.0,0.7385
Curve.034,1.6878,0.0,0.7379
Curve.034,1.6866,0.0,0.7375
Curve.034,1.6853,0.0,0.7372
Curve.034,1.6839,0.0,0.7371
Curve.034,1.6826,0.0,0.7372
Curve.034,1.6813,0.0,0.7375
Curve.034,1.6801,0.0,0.7379
Curve.034,1.6789,0.0,0.7385
Curve.034,1.6779,0.0,0.7392
Curve.034,1.6769,0.0,0.74
Curve.034,1.6761,0.0,0.741
Curve.034,1.6754,0.0,0.742
Curve.034,1.6748,0.0,0.7432
Curve.034,1.6744,0.0,0.7444
Curve.034,1.6741,0.0,0.7457
Curve.035,1.545,0.0,0.7417
Curve.035,1.5451,0.0,0.7431
Curve.035,1.5453,0.0,0.7444
Curve.035,1.5458,0.0,0.7456
Curve.035,1.5463,0.0,0.7467
Curve.035,1.5471,0.0,0.7478
Curve.035,1.5479,0.0,0.7487
Curve.035,1.5488,0.0,0.7495
Curve.035,1.5499,0.0,0.7503
Curve.035,1.551,0.0,0.7508
Curve.035,1.5522,0.0,0.7513
Curve.035,1.5535,0.0,0.7515
Curve.035,1.5549,0.0,0.7516
Curve.035,1.5562,0.0,0.7515
Curve.035,1.5575,0.0,0.7513
Curve.035,1.5587,0.0,0.7508
Curve.035,1.5599,0.0,0.7503
Curve.035,1.5609,0.0,0.7495
Curve.035,1.5619,0.0,0.7487
Curve.035,1.5627,0.0,0.7478
Curve.035,1.5634,0.0,0.7467
Curve.035,1.564,0.0,0.7456
Curve.035,1.5644,0.0,0.7444
Curve.035,1.5647,0.0,0.7431
Curve.035,1.5647,0.0,0.7417
Curve.035,1.5647,0.0,0.7404
Curve.035,1.5644,0.0,0.7391
Curve.035,1.564,0.0,0.7379
Curve.035,1.5634,0.0,0.7367
Curve.035,1.5627,0.0,0.7357
Curve.035,1.5619,0.0,0.7347
Curve.035,1.5609,0.0,0.7339
Curve.035,1.5599,0.0,0.7332
Curve.035,1.5587,0.0,0.7326
Curve.035,1.5575,0.0,0.7322
Curve.035,1.5562,0.0,0.7319
Curve.035,1.5549,0.0,0.7319
Curve.035,1.5535,0.0,0.7319
Curve.035,1.5522,0.0,0.7322
Curve.035,1.551,0.0,0.7326
Curve.035,1.5499,0.0,0.7332
Curve.035,1.5488,0.0,0.7339
Curve.035,1.5479,0.0,0.7347
Curve.035,1.5471,0.0,0.7357
Curve.035,1.5463,0.0,0.7367
Curve.035,1.5458,0.0,0.7379
Curve.035,1.5453,0.0,0.7391
Curve.035,1.5451,0.0,0.7404
Curve.036,1.2886,0.0,1.7493
Curve.036,1.3132,0.0,1.7516
Curve.036,1.2887,0.0,1.753
Curve.036,1.2884,0.0,1.7541
Curve.036,1.2881,0.0,1.7553
Curve.036,1.2876,0.0,1.7563
Curve.036,1.287,0.0,1.7573
Curve.036,1.2863,0.0,1.7582
Curve.036,1.2855,0.0,1.7591
Curve.036,1.2847,0.0,1.7598
Curve.036,1.2837,0.0,1.7605
Curve.036,1.2827,0.0,1.761
Curve.036,1.2816,0.0,1.7615
Curve.036,1.2805,0.0,1.7618
Curve.036,1.2793,0.0,1.762
Curve.036,1.2793,0.0,1.7625
Curve.036,1.2792,0.0,1.7639
Curve.036,1.279,0.0,1.7659
Curve.036,1.2787,0.0,1.7684
Curve.036,1.2785,0.0,1.7712
Curve.036,1.2782,0.0,1.7743
Curve.036,1.2779,0.0,1.7773
Curve.036,1.2776,0.0,1.7802
Curve.036,1.2774,0.0,1.7827
Curve.036,1.2772,0.0,1.7847
Curve.036,1.277,0.0,1.786
Curve.036,1.277,0.0,1.7865
Curve.036,1.2756,0.0,1.7619
Curve.036,1.2745,0.0,1.7615
Curve.036,1.2735,0.0,1.7611
Curve.036,1.2725,0.0,1.7606
Curve.036,1.2716,0.0,1.76
Curve.036,1.2707,0.0,1.7593
Curve.036,1.2699,0.0,1.7586
Curve.036,1.2692,0.0,1.7577
Curve.036,1.2686,0.0,1.7568
Curve.036,1.2681,0.0,1.7558
Curve.036,1.2677,0.0,1.7548
Curve.036,1.2674,0.0,1.7537
Curve.036,1.2672,0.0,1.7525
Curve.036,1.2667,0.0,1.7525
Curve.036,1.2653,0.0,1.7524
Curve.036,1.2633,0.0,1.7522
Curve.036,1.2607,0.0,1.752
Curve.036,1.2578,0.0,1.7517
Curve.036,1.2546,0.0,1.7514
Curve.036,1.2515,0.0,1.7511
Curve.036,1.2486,0.0,1.7509
Curve.036,1.246,0.0,1.7506
Curve.036,1.244,0.0,1.7504
Curve.036,1.2426,0.0,1.7503
Curve.036,1.2421,0.0,1.7503
Curve.036,1.2674,0.0,1.7489
Curve.036,1.2677,0.0,1.7479
Curve.036,1.268,0.0,1.7469
Curve.036,1.2685,0.0,1.7459
Curve.036,1.2691,0.0,1.745
Curve.036,1.2697,0.0,1.7442
Curve.036,1.2704,0.0,1.7434
Curve.036,1.2712,0.0,1.7428
Curve.036,1.2721,0.0,1.7421
Curve.036,1.273,0.0,1.7416
Curve.036,1.274,0.0,1.7412
Curve.036,1.275,0.0,1.7408
Curve.036,1.276,0.0,1.7406
Curve.036,1.2761,0.0,1.7401
Curve.036,1.2762,0.0,1.7387
Curve.036,1.2764,0.0,1.7366
Curve.036,1.2766,0.0,1.734
Curve.036,1.2769,0.0,1.7311
Curve.036,1.2772,0.0,1.728
Curve.036,1.2774,0.0,1.7248
Curve.036,1.2777,0.0,1.7219
Curve.036,1.278,0.0,1.7193
Curve.036,1.2781,0.0,1.7172
Curve.036,1.2783,0.0,1.7159
Curve.036,1.2783,0.0,1.7154
Curve.036,1.2796,0.0,1.7405
Curve.036,1.2808,0.0,1.7408
Curve.036,1.2818,0.0,1.7411
Curve.036,1.2828,0.0,1.7416
Curve.036,1.2838,0.0,1.7421
Curve.036,1.2847,0.0,1.7428
Curve.036,1.2855,0.0,1.7435
Curve.036,1.2863,0.0,1.7443
Curve.036,1.2869,0.0,1.7452
Curve.036,1.2875,0.0,1.7461
Curve.036,1.288,0.0,1.7471
Curve.036,1.2884,0.0,1.7482
Curve.037,0.8741,0.0,1.4759
Curve.037,0.8987,0.0,1.4782
Curve.037,0.8742,0.0,1.4796
Curve.037,0.8739,0.0,1.4808
Curve.037,0.8735,0.0,1.4819
Curve.037,0.8731,0.0,1.4829
Curve.037,0.8725,0.0,1.4839
Curve.037,0.8718,0.0,1.4848
Curve.037,0.871,0.0,1.4857
Curve.037,0.8701,0.0,1.4864
Curve.037,0.8692,0.0,1.4871
Curve.037,0.8682,0.0,1.4877
Curve.037,0.8671,0.0,1.4881
Curve.037,0.866,0.0,1.4884
Curve.037,0.8648,0.0,1.4887
Curve.037,0.8648,0.0,1.4891
Curve.037,0.8646,0.0,1.4905
Curve.037,0.8644,0.0,1.4925
Curve.037,0.8642,0.0,1.495
Curve.037,0.8639,0.0,1.4979
Curve.037,0.8636,0.0,1.5009
Curve.037,0.8633,0.0,1.5039
Curve.037,0.8631,0.0,1.5068
Curve.037,0.8628,0.0,1.5093
Curve.037,0.8626,0.0,1.5113
Curve.037,0.8625,0.0,1.5126
Curve.037,0.8625,0.0,1.5131
Curve.037,0.8611,0.0,1.4885
Curve.037,0.86,0.0,1.4882
Curve.037,0.8589,0.0,1.4878
Curve.037,0.858,0.0,1.4872
Curve.037,0.857,0.0,1.4866
Curve.037,0.8562,0.0,1.4859
Curve.037,0.8554,0.0,1.4852
Curve.037,0.8547,0.0,1.4843
Curve.037,0.8541,0.0,1.4834
Curve.037,0.8536,0.0,1.4824
Curve.037,0.8532,0.0,1.4814
Curve.037,0.8529,0.0,1.4803
Curve.037,0.8527,0.0,1.4792
Curve.037,0.8522,0.0,1.4791
Curve.037,0.8508,0.0,1.479
Curve.037,0.8487,0.0,1.4788
Curve.037,0.8462,0.0,1.4786
Curve.037,0.8432,0.0,1.4783
Curve.037,0.8401,0.0,1.478
Curve.037,0.837,0.0,1.4777
Curve.037,0.8341,0.0,1.4775
Curve.037,0.8315,0.0,1.4772
Curve.037,0.8294,0.0,1.477
Curve.037,0.828,0.0,1.4769
Curve.037,0.8276,0.0,1.4769
Curve.037,0.8528,0.0,1.4755
Curve.037,0.8531,0.0,1.4745
Curve.037,0.8535,0.0,1.4735
Curve.037,0.854,0.0,1.4725
Curve.037,0.8545,0.0,1.4716
Curve.037,0.8552,0.0,1.4708
Curve.037,0.8559,0.0,1.4701
Curve.037,0.8567,0.0,1.4694
Curve.037,0.8575,0.0,1.4688
Curve.037,0.8585,0.0,1.4682
Curve.037,0.8594,0.0,1.4678
Curve.037,0.8604,0.0,1.4674
Curve.037,0.8615,0.0,1.4672
Curve.037,0.8615,0.0,1.4667
Curve.037,0.8617,0.0,1.4653
Curve.037,0.8618,0.0,1.4632
Curve.037,0.8621,0.0,1.4606
Curve.037,0.8623,0.0,1.4577
Curve.037,0.8626,0.0,1.4546
Curve.037,0.8629,0.0,1.4515
Curve.037,0.8632,0.0,1.4485
Curve.037,0.8634,0.0,1.4459
Curve.037,0.8636,0.0,1.4439
Curve.037,0.8637,0.0,1.4425
Curve.037,0.8638,0.0,1.442
Curve.037,0.8651,0.0,1.4671
Curve.037,0.8662,0.0,1.4674
Curve.037,0.8673,0.0,1.4677
Curve.037,0.8683,0.0,1.4682
Curve.037,0.8693,0.0,1.4687
Curve.037,0.8702,0.0,1.4694
Curve.037,0.871,0.0,1.4701
Curve.037,0.8718,0.0,1.4709
Curve.037,0.8724,0.0,1.4718
Curve.037,0.873,0.0,1.4727
Curve.037,0.8735,0.0,1.4737
Curve.037,0.8738,0.0,1.4748
Curve.038,1.7924,0.0,0.7531
Curve.038,1.8169,0.0,0.7554
Curve.038,1.7924,0.0,0.7568
Curve.038,1.7922,0.0,0.7579
Curve.038,1.7918,0.0,0.7591
Curve.038,1.7913,0.0,0.7601
Curve.038,1.7907,0.0,0.7611
Curve.038,1.79,0.0,0.762
Curve.038,1.7892,0.0,0.7629
Curve.038,1.7884,0.0,0.7636
Curve.038,1.7874,0.0,0.7643
Curve.038,1.7864,0.0,0.7648
Curve.038,1.7854,0.0,0.7653
Curve.038,1.7842,0.0,0.7656
Curve.038,1.7831,0.0,0.7658
Curve.038,1.783,0.0,0.7663
Curve.038,1.7829,0.0,0.7677
Curve.038,1.7827,0.0,0.7697
Curve.038,1.7824,0.0,0.7722
Curve.038,1.7822,0.0,0.775
Curve.038,1.7819,0.0,0.7781
Curve.038,1.7816,0.0,0.7811
Curve.038,1.7813,0.0,0.784
Curve.038,1.7811,0.0,0.7865
Curve.038,1.7809,0.0,0.7885
Curve.038,1.7808,0.0,0.7898
Curve.038,1.7807,0.0,0.7903
Curve.038,1.7793,0.0,0.7657
Curve.038,1.7782,0.0,0.7653
Curve.038,1.7772,0.0,0.7649
Curve.038,1.7762,0.0,0.7644
Curve.038,1.7753,0.0,0.7638
Curve.038,1.7744,0.0,0.7631
Curve.038,1.7737,0.0,0.7624
Curve.038,1.773,0.0,0.7615
Curve.038,1.7724,0.0,0.7606
Curve.038,1.7719,0.0,0.7596
Curve.038,1.7714,0.0,0.7586
Curve.038,1.7711,0.0,0.7575
Curve.038,1.7709,0.0,0.7563
Curve.038,1.7704,0.0,0.7563
Curve.038,1.7691,0.0,0.7562
Curve.038,1.767,0.0,0.756
Curve.038,1.7644,0.0,0.7558
Curve.038,1.7615,0.0,0.7555
Curve.038,1.7584,0.0,0.7552
Curve.038,1.7553,0.0,0.7549
Curve.038,1.7523,0.0,0.7547
Curve.038,1.7498,0.0,0.7544
Curve.038,1.7477,0.0,0.7542
Curve.038,1.7463,0.0,0.7541
Curve.038,1.7458,0.0,0.7541
Curve.038,1.7711,0.0,0.7527
Curve.038,1.7714,0.0,0.7517
Curve.038,1.7718,0.0,0.7507
Curve.038,1.7722,0.0,0.7497
Curve.038,1.7728,0.0,0.7488
Curve.038,1.7735,0.0,0.748
Curve.038,1.7742,0.0,0.7472
Curve.038,1.775,0.0,0.7466
Curve.038,1.7758,0.0,0.7459
Curve.038,1.7767,0.0,0.7454
Curve.038,1.7777,0.0,0.745
Curve.038,1.7787,0.0,0.7446
Curve.038,1.7798,0.0,0.7444
Curve.038,1.7798,0.0,0.7439
Curve.038,1.7799,0.0,0.7425
Curve.038,1.7801,0.0,0.7404
Curve.038,1.7804,0.0,0.7378
Curve.038,1.7806,0.0,0.7349
Curve.038,1.7809,0.0,0.7318
Curve.038,1.7812,0.0,0.7286
Curve.038,1.7815,0.0,0.7257
Curve.038,1.7817,0.0,0.7231
Curve.038,1.7819,0.0,0.721
Curve.038,1.782,0.0,0.7197
Curve.038,1.782,0.0,0.7192
Curve.038,1.7834,0.0,0.7443
Curve.038,1.7845,0.0,0.7446
Curve.038,1.7856,0.0,0.7449
Curve.038,1.7866,0.0,0.7454
Curve.038,1.7875,0.0,0.7459
Curve.038,1.7884,0.0,0.7466
Curve.038,1.7892,0.0,0.7473
Curve.038,1.79,0.0,0.7481
Curve.038,1.7907,0.0,0.749
Curve.038,1.7912,0.0,0.7499
Curve.038,1.7917,0.0,0.7509
Curve.038,1.7921,0.0,0.752
Curve.039,0.7911,0.0,0.3751
Curve.039,0.8157,0.0,0.3775
Curve.039,0.7912,0.0,0.3789
Curve.039,0.7909,0.0,0.38
Curve.039,0.7906,0.0,0.3811
Curve.039,0.7901,0.0,0.3822
Curve.039,0.7895,0.0,0.3832
Curve.039,0.7888,0.0,0.3841
Curve.039,0.788,0.0,0.3849
Curve.039,0.7872,0.0,0.3857
Curve.039,0.7862,0.0,0.3863
Curve.039,0.7852,0.0,0.3869
Curve.039,0.7841,0.0,0.3874
Curve.039,0.783,0.0,0.3877
Curve.039,0.7818,0.0,0.3879
Curve.039,0.7818,0.0,0.3884
Curve.039,0.7817,0.0,0.3897
Curve.039,0.7815,0.0,0.3917
Curve.039,0.7812,0.0,0.3942
Curve.039,0.781,0.0,0.3971
Curve.039,0.7807,0.0,0.4001
Curve.039,0.7804,0.0,0.4032
Curve.039,0.7801,0.0,0.406
Curve.039,0.7799,0.0,0.4085
Curve.039,0.7797,0.0,0.4105
Curve.039,0.7795,0.0,0.4119
Curve.039,0.7795,0.0,0.4123
Curve.039,0.7781,0.0,0.3877
Curve.039,0.777,0.0,0.3874
Curve.039,0.776,0.0,0.387
Curve.039,0.775,0.0,0.3865
Curve.039,0.7741,0.0,0.3859
Curve.039,0.7732,0.0,0.3852
Curve.039,0.7724,0.0,0.3844
Curve.039,0.7717,0.0,0.3836
Curve.039,0.7711,0.0,0.3827
Curve.039,0.7706,0.0,0.3817
Curve.039,0.7702,0.0,0.3806
Curve.039,0.7699,0.0,0.3795
Curve.039,0.7697,0.0,0.3784
Curve.039,0.7692,0.0,0.3784
Curve.039,0.7678,0.0,0.3782
Curve.039,0.7658,0.0,0.3781
Curve.039,0.7632,0.0,0.3778
Curve.039,0.7603,0.0,0.3776
Curve.039,0.7571,0.0,0.3773
Curve.039,0.754,0.0,0.377
Curve.039,0.7511,0.0,0.3767
Curve.039,0.7485,0.0,0.3765
Curve.039,0.7464,0.0,0.3763
Curve.039,0.7451,0.0,0.3762
Curve.039,0.7446,0.0,0.3761
Curve.039,0.7699,0.0,0.3748
Curve.039,0.7702,0.0,0.3737
Curve.039,0.7705,0.0,0.3727
Curve.039,0.771,0.0,0.3718
Curve.039,0.7716,0.0,0.3709
Curve.039,0.7722,0.0,0.3701
Curve.039,0.7729,0.0,0.3693
Curve.039,0.7737,0.0,0.3686
Curve.039,0.7746,0.0,0.368
Curve.039,0.7755,0.0,0.3675
Curve.039,0.7765,0.0,0.367
Curve.039,0.7775,0.0,0.3667
Curve.039,0.7785,0.0,0.3664
Curve.039,0.7786,0.0,0.3659
Curve.039,0.7787,0.0,0.3646
Curve.039,0.7789,0.0,0.3625
Curve.039,0.7791,0.0,0.3599
Curve.039,0.7794,0.0,0.357
Curve.039,0.7797,0.0,0.3538
Curve.039,0.7799,0.0,0.3507
Curve.039,0.7802,0.0,0.3478
Curve.039,0.7804,0.0,0.3452
Curve.039,0.7806,0.0,0.3431
Curve.039,0.7808,0.0,0.3417
Curve.039,0.7808,0.0,0.3412
Curve.039,0.7822,0.0,0.3664
Curve.039,0.7833,0.0,0.3666
Curve.039,0.7843,0.0,0.367
Curve.039,0.7854,0.0,0.3674
Curve.039,0.7863,0.0,0.368
Curve.039,0.7872,0.0,0.3686
Curve.039,0.788,0.0,0.3694
Curve.039,0.7888,0.0,0.3702
Curve.039,0.7894,0.0,0.371
Curve.039,0.79,0.0,0.372
Curve.039,0.7905,0.0,0.373
Curve.039,0.7909,0.0,0.374
Curve.040,1.7143,0.0,0.5595
Curve.040,1.7389,0.0,0.5618
Curve.040,1.7144,0.0,0.5632
Curve.040,1.7141,0.0,0.5644
Curve.040,1.7138,0.0,0.5655
Curve.040,1.7133,0.0,0.5665
Curve.040,1.7127,0.0,0.5675
Curve.040,1.712,0.0,0.5684
Curve.040,1.7112,0.0,0.5693
Curve.040,1.7103,0.0,0.57
Curve.040,1.7094,0.0,0.5707
Curve.040,1.7084,0.0,0.5712
Curve.040,1.7073,0.0,0.5717
Curve.040,1.7062,0.0,0.572
Curve.040,1.705,0.0,0.5723
Curve.040,1.705,0.0,0.5727
Curve.040,1.7048,0.0,0.5741
Curve.040,1.7047,0.0,0.5761
Curve.040,1.7044,0.0,0.5786
Curve.040,1.7041,0.0,0.5814
Curve.040,1.7038,0.0,0.5845
Curve.040,1.7036,0.0,0.5875
Curve.040,1.7033,0.0,0.5904
Curve.040,1.703,0.0,0.5929
Curve.040,1.7028,0.0,0.5949
Curve.040,1.7027,0.0,0.5962
Curve.040,1.7027,0.0,0.5967
Curve.040,1.7013,0.0,0.5721
Curve.040,1.7002,0.0,0.5718
Curve.040,1.6992,0.0,0.5714
Curve.040,1.6982,0.0,0.5709
Curve.040,1.6973,0.0,0.5702
Curve.040,1.6964,0.0,0.5696
Curve.040,1.6956,0.0,0.5688
Curve.040,1.6949,0.0,0.5679
Curve.040,1.6943,0.0,0.567
Curve.040,1.6938,0.0,0.566
Curve.040,1.6934,0.0,0.565
Curve.040,1.6931,0.0,0.5639
Curve.040,1.6929,0.0,0.5628
Curve.040,1.6924,0.0,0.5627
Curve.040,1.691,0.0,0.5626
Curve.040,1.689,0.0,0.5624
Curve.040,1.6864,0.0,0.5622
Curve.040,1.6835,0.0,0.5619
Curve.040,1.6804,0.0,0.5616
Curve.040,1.6772,0.0,0.5613
Curve.040,1.6743,0.0,0.5611
Curve.040,1.6717,0.0,0.5608
Curve.040,1.6697,0.0,0.5607
Curve.040,1.6683,0.0,0.5605
Curve.040,1.6678,0.0,0.5605
Curve.040,1.6931,0.0,0.5591
Curve.040,1.6934,0.0,0.5581
Curve.040,1.6937,0.0,0.5571
Curve.040,1.6942,0.0,0.5562
Curve.040,1.6948,0.0,0.5553
Curve.040,1.6954,0.0,0.5544
Curve.040,1.6961,0.0,0.5537
Curve.040,1.6969,0.0,0.553
Curve.040,1.6978,0.0,0.5524
Curve.040,1.6987,0.0,0.5518
Curve.040,1.6997,0.0,0.5514
Curve.040,1.7007,0.0,0.551
Curve.040,1.7017,0.0,0.5508
Curve.040,1.7018,0.0,0.5503
Curve.040,1.7019,0.0,0.5489
Curve.040,1.7021,0.0,0.5469
Curve.040,1.7023,0.0,0.5443
Curve.040,1.7026,0.0,0.5413
Curve.040,1.7029,0.0,0.5382
Curve.040,1.7032,0.0,0.5351
Curve.040,1.7034,0.0,0.5321
Curve.040,1.7037,0.0,0.5295
Curve.040,1.7038,0.0,0.5275
Curve.040,1.704,0.0,0.5261
Curve.040,1.704,0.0,0.5256
Curve.040,1.7054,0.0,0.5507
Curve.040,1.7065,0.0,0.551
Curve.040,1.7075,0.0,0.5513
Curve.040,1.7086,0.0,0.5518
Curve.040,1.7095,0.0,0.5523
Curve.040,1.7104,0.0,0.553
Curve.040,1.7112,0.0,0.5537
Curve.040,1.712,0.0,0.5545
Curve.040,1.7126,0.0,0.5554
Curve.040,1.7132,0.0,0.5563
Curve.040,1.7137,0.0,0.5573
Curve.040,1.7141,0.0,0.5584
Curve.042,0.9852,0.0,0.8133
Curve.042,0.9802,0.0,0.8196
Curve.042,0.9749,0.0,0.8261
Curve.042,0.9694,0.0,0.8329
Curve.042,0.9638,0.0,0.8399
Curve.042,0.958,0.0,0.847
Curve.042,0.9522,0.0,0.8542
Curve.042,0.9464,0.0,0.8614
Curve.042,0.9406,0.0,0.8686
Curve.042,0.9349,0.0,0.8757
Curve.042,0.9293,0.0,0.8826
Curve.042,0.9239,0.0,0.8894
Curve.042,0.9187,0.0,0.8959
Curve.042,0.912,0.0,0.9044
Curve.042,0.9054,0.0,0.9129
Curve.042,0.8989,0.0,0.9214
Curve.042,0.8924,0.0,0.9299
Curve.042,0.886,0.0,0.9385
Curve.042,0.8798,0.0,0.947
Curve.042,0.8736,0.0,0.9556
Curve.042,0.8675,0.0,0.9641
Curve.042,0.8615,0.0,0.9727
Curve.042,0.8555,0.0,0.9812
Curve.042,0.8497,0.0,0.9898
Curve.042,0.8439,0.0,0.9984
Curve.042,0.842,0.0,0.9979
Curve.042,0.8402,0.0,0.9974
Curve.042,0.8383,0.0,0.997
Curve.042,0.8365,0.0,0.9965
Curve.042,0.8346,0.0,0.996
Curve.042,0.8327,0.0,0.9956
Curve.042,0.8309,0.0,0.9951
Curve.042,0.829,0.0,0.9946
Curve.042,0.8271,0.0,0.9942
Curve.042,0.8253,0.0,0.9937
Curve.042,0.8234,0.0,0.9932
Curve.042,0.8216,0.0,0.9928
Curve.042,0.8285,0.0,0.982
Curve.042,0.8356,0.0,0.9712
Curve.042,0.8428,0.0,0.9605
Curve.042,0.8502,0.0,0.9498
Curve.042,0.8576,0.0,0.939
Curve.042,0.8652,0.0,0.9283
Curve.042,0.8729,0.0,0.9176
Curve.042,0.8808,0.0,0.907
Curve.042,0.8887,0.0,0.8963
Curve.042,0.8968,0.0,0.8857
Curve.042,0.905,0.0,0.8752
Curve.042,0.9132,0.0,0.8646
Curve.042,0.9193,0.0,0.8571
Curve.042,0.9252,0.0,0.8498
Curve.042,0.931,0.0,0.8428
Curve.042,0.9366,0.0,0.836
Curve.042,0.942,0.0,0.8296
Curve.042,0.9471,0.0,0.8235
Curve.042,0.952,0.0,0.8177
Curve.042,0.9566,0.0,0.8122
Curve.042,0.9608,0.0,0.807
Curve.042,0.9647,0.0,0.8023
Curve.042,0.9682,0.0,0.7978
Curve.042,0.9712,0.0,0.7938
Curve.042,0.9718,0.0,0.7929
Curve.042,0.9726,0.0,0.7919
Curve.042,0.9734,0.0,0.7908
Curve.042,0.9742,0.0,0.7895
Curve.042,0.9752,0.0,0.7881
Curve.042,0.9763,0.0,0.7865
Curve.042,0.9774,0.0,0.7848
Curve.042,0.9786,0.0,0.783
Curve.042,0.9799,0.0,0.7811
Curve.042,0.9813,0.0,0.779
Curve.042,0.9827,0.0,0.7769
Curve.042,0.9843,0.0,0.7746
Curve.042,0.986,0.0,0.7758
Curve.042,0.9878,0.0,0.777
Curve.042,0.9896,0.0,0.7783
Curve.042,0.9914,0.0,0.7795
Curve.042,0.9932,0.0,0.7807
Curve.042,0.995,0.0,0.7819
Curve.042,0.9968,0.0,0.7831
Curve.042,0.9986,0.0,0.7843
Curve.042,1.0004,0.0,0.7856
Curve.042,1.0022,0.0,0.7868
Curve.042,1.004,0.0,0.788
Curve.042,1.0058,0.0,0.7892
Curve.042,1.004,0.0,0.7912
Curve.042,1.0023,0.0,0.7931
Curve.042,1.0006,0.0,0.795
Curve.042,0.9988,0.0,0.797
Curve.042,0.9971,0.0,0.799
Curve.042,0.9954,0.0,0.801
Curve.042,0.9936,0.0,0.803
Curve.042,0.9919,0.0,0.805
Curve.042,0.9902,0.0,0.807
Curve.042,0.9885,0.0,0.8091
Curve.042,0.9869,0.0,0.8112
Curve.042,1.127,0.0,0.6846
Curve.042,1.1225,0.0,0.6886
Curve.042,1.1172,0.0,0.693
Curve.042,1.1111,0.0,0.6979
Curve.042,1.1042,0.0,0.7032
Curve.042,1.0967,0.0,0.7089
Curve.042,1.0886,0.0,0.7152
Curve.042,1.08,0.0,0.7219
Curve.042,1.071,0.0,0.729
Curve.042,1.0616,0.0,0.7367
Curve.042,1.0519,0.0,0.7449
Curve.042,1.0421,0.0,0.7536
Curve.042,1.032,0.0,0.7628
Curve.042,1.0298,0.0,0.7612
Curve.042,1.0276,0.0,0.7597
Curve.042,1.0254,0.0,0.7582
Curve.042,1.0231,0.0,0.7566
Curve.042,1.0209,0.0,0.7551
Curve.042,1.0186,0.0,0.7535
Curve.042,1.0164,0.0,0.752
Curve.042,1.0142,0.0,0.7504
Curve.042,1.0119,0.0,0.7489
Curve.042,1.0097,0.0,0.7473
Curve.042,1.0074,0.0,0.7458
Curve.042,1.0052,0.0,0.7442
Curve.042,1.0119,0.0,0.7349
Curve.042,1.0189,0.0,0.7254
Curve.042,1.0262,0.0,0.7158
Curve.042,1.0337,0.0,0.7063
Curve.042,1.0413,0.0,0.697
Curve.042,1.0491,0.0,0.688
Curve.042,1.0569,0.0,0.6796
Curve.042,1.0647,0.0,0.6717
Curve.042,1.0724,0.0,0.6646
Curve.042,1.0799,0.0,0.6585
Curve.042,1.0873,0.0,0.6534
Curve.042,1.0943,0.0,0.6495
Curve.042,1.1042,0.0,0.6456
Curve.042,1.1127,0.0,0.6438
Curve.042,1.12,0.0,0.6439
Curve.042,1.1259,0.0,0.6455
Curve.042,1.1306,0.0,0.6484
Curve.042,1.134,0.0,0.6523
Curve.042,1.1361,0.0,0.6571
Curve.042,1.1369,0.0,0.6625
Curve.042,1.1364,0.0,0.6682
Curve.042,1.1345,0.0,0.6739
Curve.042,1.1314,0.0,0.6795
Curve.042,1.3382,0.0,1.233
Curve.042,1.2797,0.0,1.3027
Curve.042,1.2198,0.0,1.3664
Curve.042,1.1592,0.0,1.4239
Curve.042,1.0987,0.0,1.4746
Curve.042,1.039,0.0,1.5182
Curve.042,0.9809,0.0,1.5541
Curve.042,0.925,0.0,1.582
Curve.042,0.8721,0.0,1.6015
Curve.042,0.823,0.0,1.612
Curve.042,0.7783,0.0,1.6131
Curve.042,0.7388,0.0,1.6045
Curve.042,0.7053,0.0,1.5857
Curve.042,0.6845,0.0,1.564
Curve.042,0.6691,0.0,1.5369
Curve.042,0.6589,0.0,1.5046
Curve.042,0.6538,0.0,1.4678
Curve.042,0.6537,0.0,1.4268
Curve.042,0.6584,0.0,1.3821
Curve.042,0.6678,0.0,1.3342
Curve.042,0.6817,0.0,1.2835
Curve.042,0.7,0.0,1.2305
Curve.042,0.7225,0.0,1.1757
Curve.042,0.7491,0.0,1.1195
Curve.042,0.7796,0.0,1.0624
Curve.042,0.7813,0.0,1.063
Curve.042,0.7829,0.0,1.0635
Curve.042,0.7846,0.0,1.0641
Curve.042,0.7863,0.0,1.0647
Curve.042,0.788,0.0,1.0652
Curve.042,0.7896,0.0,1.0658
Curve.042,0.7913,0.0,1.0664
Curve.042,0.7929,0.0,1.0669
Curve.042,0.7946,0.0,1.0675
Curve.042,0.7963,0.0,1.0681
Curve.042,0.7979,0.0,1.0686
Curve.042,0.7995,0.0,1.0692
Curve.042,0.7688,0.0,1.1247
Curve.042,0.7421,0.0,1.1792
Curve.042,0.7196,0.0,1.2322
Curve.042,0.7013,0.0,1.2832
Curve.042,0.6874,0.0,1.3319
Curve.042,0.678,0.0,1.3779
Curve.042,0.6732,0.0,1.4206
Curve.042,0.6731,0.0,1.4597
Curve.042,0.6778,0.0,1.4948
Curve.042,0.6873,0.0,1.5254
Curve.042,0.7018,0.0,1.5512
Curve.042,0.7215,0.0,1.5716
Curve.042,0.7526,0.0,1.5887
Curve.042,0.7895,0.0,1.5959
Curve.042,0.8316,0.0,1.5935
Curve.042,0.8782,0.0,1.5822
Curve.042,0.9286,0.0,1.5623
Curve.042,0.9819,0.0,1.5342
Curve.042,1.0376,0.0,1.4984
Curve.042,1.095,0.0,1.4553
Curve.042,1.1532,0.0,1.4054
Curve.042,1.2117,0.0,1.3491
Curve.042,1.2696,0.0,1.2869
Curve.042,1.3264,0.0,1.2191
Curve.042,1.3378,0.0,1.2046
Curve.042,1.349,0.0,1.19
Curve.042,1.36,0.0,1.1754
Curve.042,1.3708,0.0,1.1609
Curve.042,1.3813,0.0,1.1463
Curve.042,1.3915,0.0,1.1318
Curve.042,1.4015,0.0,1.1173
Curve.042,1.4113,0.0,1.1028
Curve.042,1.4208,0.0,1.0884
Curve.042,1.4301,0.0,1.074
Curve.042,1.4391,0.0,1.0597
Curve.042,1.4478,0.0,1.0454
Curve.042,1.4789,0.0,0.9913
Curve.042,1.506,0.0,0.9384
Curve.042,1.529,0.0,0.8871
Curve.042,1.5478,0.0,0.8376
Curve.042,1.5622,0.0,0.7903
Curve.042,1.5721,0.0,0.7456
Curve.042,1.5774,0.0,0.7037
Curve.042,1.5779,0.0,0.665
Curve.042,1.5734,0.0,0.6299
Curve.042,1.5639,0.0,0.5986
Curve.042,1.5492,0.0,0.5715
Curve.042,1.5291,0.0,0.549
Curve.042,1.5209,0.0,0.5432
Curve.042,1.5105,0.0,0.5381
Curve.042,1.4979,0.0,0.534
Curve.042,1.4832,0.0,0.531
Curve.042,1.4666,0.0,0.5292
Curve.042,1.4481,0.0,0.5289
Curve.042,1.4278,0.0,0.5301
Curve.042,1.406,0.0,0.533
Curve.042,1.3826,0.0,0.5378
Curve.042,1.3577,0.0,0.5446
Curve.042,1.3316,0.0,0.5536
Curve.042,1.3043,0.0,0.5649
Curve.042,1.3039,0.0,0.5644
Curve.042,1.3038,0.0,0.5637
Curve.042,1.3038,0.0,0.5629
Curve.042,1.3039,0.0,0.5621
Curve.042,1.3041,0.0,0.5613
Curve.042,1.3044,0.0,0.5604
Curve.042,1.3048,0.0,0.5596
Curve.042,1.3052,0.0,0.5587
Curve.042,1.3057,0.0,0.558
Curve.042,1.3061,0.0,0.5573
Curve.042,1.3067,0.0,0.5568
Curve.042,1.3071,0.0,0.5564
Curve.042,1.3311,0.0,0.5472
Curve.042,1.3548,0.0,0.5391
Curve.042,1.378,0.0,0.5323
Curve.042,1.4007,0.0,0.5267
Curve.042,1.4225,0.0,0.5224
Curve.042,1.4435,0.0,0.5197
Curve.042,1.4634,0.0,0.5186
Curve.042,1.4822,0.0,0.5191
Curve.042,1.4996,0.0,0.5214
Curve.042,1.5156,0.0,0.5256
Curve.042,1.5299,0.0,0.5317
Curve.042,1.5425,0.0,0.5399
Curve.042,1.5664,0.0,0.5667
Curve.042,1.5823,0.0,0.602
Curve.042,1.5902,0.0,0.645
Curve.042,1.5905,0.0,0.6947
Curve.042,1.5833,0.0,0.7504
Curve.042,1.5687,0.0,0.8111
Curve.042,1.547,0.0,0.8761
Curve.042,1.5184,0.0,0.9443
Curve.042,1.483,0.0,1.015
Curve.042,1.4411,0.0,1.0872
Curve.042,1.3927,0.0,1.1602
Curve.043,0.3505,0.0,1.1986
Curve.043,0.498,0.0,1.1986
Curve.043,0.6218,0.0,0.9886
Curve.043,0.6218,0.0,0.9916
Curve.043,0.6218,0.0,0.9999
Curve.043,0.6218,0.0,1.0126
Curve.043,0.6218,0.0,1.0285
Curve.043,0.6218,0.0,1.0467
Curve.043,0.6218,0.0,1.0661
Curve.043,0.6218,0.0,1.0858
Curve.043,0.6218,0.0,1.1048
Curve.043,0.6218,0.0,1.1219
Curve.043,0.6218,0.0,1.1363
Curve.043,0.6218,0.0,1.1468
Curve.043,0.6218,0.0,1.1525
Curve.043,0.6213,0.0,1.1572
Curve.043,0.62,0.0,1.1621
Curve.043,0.618,0.0,1.167
Curve.043,0.6154,0.0,1.1719
Curve.043,0.6124,0.0,1.1766
Curve.043,0.6091,0.0,1.1811
Curve.043,0.6056,0.0,1.1853
Curve.043,0.602,0.0,1.1892
Curve.043,0.5986,0.0,1.1925
Curve.043,0.5954,0.0,1.1952
Curve.043,0.5925,0.0,1.1973
Curve.043,0.5902,0.0,1.1986
Curve.043,0.5942,0.0,1.1986
Curve.043,0.6008,0.0,1.1986
Curve.043,0.6095,0.0,1.1986
Curve.043,0.6197,0.0,1.1986
Curve.043,0.631,0.0,1.1986
Curve.043,0.6427,0.0,1.1986
Curve.043,0.6543,0.0,1.1986
Curve.043,0.6654,0.0,1.1986
Curve.043,0.6752,0.0,1.1986
Curve.043,0.6833,0.0,1.1986
Curve.043,0.6892,0.0,1.1986
Curve.043,0.6923,0.0,1.1986
Curve.043,0.6904,0.0,1.1978
Curve.043,0.6881,0.0,1.196
Curve.043,0.6855,0.0,1.1935
Curve.043,0.6827,0.0,1.1904
Curve.043,0.6797,0.0,1.1867
Curve.043,0.6767,0.0,1.1825
Curve.043,0.6739,0.0,1.1779
Curve.043,0.6714,0.0,1.173
Curve.043,0.6692,0.0,1.168
Curve.043,0.6674,0.0,1.1628
Curve.043,0.6663,0.0,1.1576
Curve.043,0.6659,0.0,1.1525
Curve.043,0.6659,0.0,1.1459
Curve.043,0.6659,0.0,1.132
Curve.043,0.6659,0.0,1.1122
Curve.043,0.6659,0.0,1.088
Curve.043,0.6659,0.0,1.0609
Curve.043,0.6659,0.0,1.0323
Curve.043,0.6659,0.0,1.0037
Curve.043,0.6659,0.0,0.9765
Curve.043,0.6659,0.0,0.9523
Curve.043,0.6659,0.0,0.9324
Curve.043,0.6659,0.0,0.9183
Curve.043,0.6659,0.0,0.9116
Curve.043,0.6663,0.0,0.9078
Curve.043,0.6676,0.0,0.9038
Curve.043,0.6694,0.0,0.8997
Curve.043,0.6718,0.0,0.8956
Curve.043,0.6747,0.0,0.8915
Curve.043,0.6779,0.0,0.8874
Curve.043,0.6813,0.0,0.8835
Curve.043,0.6848,0.0,0.8799
Curve.043,0.6883,0.0,0.8764
Curve.043,0.6916,0.0,0.8734
Curve.043,0.6948,0.0,0.8707
Curve.043,0.6975,0.0,0.8685
Curve.043,0.6947,0.0,0.8685
Curve.043,0.687,0.0,0.8685
Curve.043,0.6753,0.0,0.8685
Curve.043,0.6607,0.0,0.8685
Curve.043,0.644,0.0,0.8685
Curve.043,0.6264,0.0,0.8685
Curve.043,0.6088,0.0,0.8685
Curve.043,0.5922,0.0,0.8685
Curve.043,0.5775,0.0,0.8685
Curve.043,0.5658,0.0,0.8685
Curve.043,0.5581,0.0,0.8685
Curve.043,0.5553,0.0,0.8685
Curve.043,0.4295,0.0,1.0795
Curve.043,0.4295,0.0,1.0764
Curve.043,0.4295,0.0,1.0678
Curve.043,0.4295,0.0,1.0547
Curve.043,0.4295,0.0,1.0383
Curve.043,0.4295,0.0,1.0197
Curve.043,0.4295,0.0,0.9997
Curve.043,0.4295,0.0,0.9796
Curve.043,0.4295,0.0,0.9604
Curve.043,0.4295,0.0,0.9431
Curve.043,0.4295,0.0,0.9288
Curve.043,0.4295,0.0,0.9186
Curve.043,0.4295,0.0,0.9136
Curve.043,0.4299,0.0,0.9095
Curve.043,0.4308,0.0,0.9054
Curve.043,0.4323,0.0,0.9014
Curve.043,0.4343,0.0,0.8974
Curve.043,0.4368,0.0,0.8934
Curve.043,0.4397,0.0,0.8896
Curve.043,0.4429,0.0,0.8858
Curve.043,0.4465,0.0,0.882
Curve.043,0.4502,0.0,0.8783
Curve.043,0.4542,0.0,0.8747
Curve.043,0.4583,0.0,0.8712
Curve.043,0.4625,0.0,0.8678
Curve.043,0.4603,0.0,0.8678
Curve.043,0.4544,0.0,0.8678
Curve.043,0.4455,0.0,0.8678
Curve.043,0.4343,0.0,0.8678
Curve.043,0.4216,0.0,0.8678
Curve.043,0.4081,0.0,0.8678
Curve.043,0.3947,0.0,0.8678
Curve.043,0.382,0.0,0.8678
Curve.043,0.3708,0.0,0.8678
Curve.043,0.3618,0.0,0.8678
Curve.043,0.3559,0.0,0.8678
Curve.043,0.3538,0.0,0.8678
Curve.043,0.3576,0.0,0.8697
Curve.043,0.3614,0.0,0.8722
Curve.043,0.3651,0.0,0.8751
Curve.043,0.3686,0.0,0.8784
Curve.043,0.3719,0.0,0.8821
Curve.043,0.3749,0.0,0.886
Curve.043,0.3777,0.0,0.8901
Curve.043,0.3801,0.0,0.8944
Curve.043,0.3821,0.0,0.8987
Curve.043,0.3837,0.0,0.9031
Curve.043,0.3848,0.0,0.9074
Curve.043,0.3854,0.0,0.9116
Curve.043,0.3857,0.0,0.9195
Curve.043,0.3859,0.0,0.9343
Curve.043,0.386,0.0,0.9544
Curve.043,0.386,0.0,0.9786
Curve.043,0.386,0.0,1.0053
Curve.043,0.3859,0.0,1.0333
Curve.043,0.3858,0.0,1.0611
Curve.043,0.3857,0.0,1.0874
Curve.043,0.3856,0.0,1.1108
Curve.043,0.3855,0.0,1.1299
Curve.043,0.3854,0.0,1.1433
Curve.043,0.3854,0.0,1.1496
Curve.043,0.385,0.0,1.1545
Curve.043,0.3839,0.0,1.1593
Curve.043,0.3821,0.0,1.1639
Curve.043,0.3798,0.0,1.1684
Curve.043,0.377,0.0,1.1728
Curve.043,0.3738,0.0,1.1769
Curve.043,0.3702,0.0,1.181
Curve.043,0.3664,0.0,1.1848
Curve.043,0.3625,0.0,1.1885
Curve.043,0.3585,0.0,1.192
Curve.043,0.3544,0.0,1.1954
Curve.044,1.6997,0.0,0.8685
Curve.044,1.896,0.0,0.8685
Curve.044,1.8932,0.0,0.8693
Curve.044,1.8905,0.0,0.8706
Curve.044,1.8877,0.0,0.8723
Curve.044,1.8849,0.0,0.8743
Curve.044,1.8822,0.0,0.8766
Curve.044,1.8795,0.0,0.8793
Curve.044,1.877,0.0,0.8823
Curve.044,1.8745,0.0,0.8856
Curve.044,1.8722,0.0,0.8891
Curve.044,1.8701,0.0,0.8929
Curve.044,1.8681,0.0,0.8969
Curve.044,1.8663,0.0,0.901
Curve.044,1.8628,0.0,0.9105
Curve.044,1.8558,0.0,0.929
Curve.044,1.8463,0.0,0.9548
Curve.044,1.8347,0.0,0.9858
Curve.044,1.8219,0.0,1.0203
Curve.044,1.8085,0.0,1.0563
Curve.044,1.7953,0.0,1.0919
Curve.044,1.7829,0.0,1.1253
Curve.044,1.7721,0.0,1.1545
Curve.044,1.7634,0.0,1.1778
Curve.044,1.7578,0.0,1.1931
Curve.044,1.7557,0.0,1.1986
Curve.044,1.7542,0.0,1.1986
Curve.044,1.7502,0.0,1.1986
Curve.044,1.744,0.0,1.1986
Curve.044,1.7364,0.0,1.1986
Curve.044,1.7276,0.0,1.1986
Curve.044,1.7184,0.0,1.1986
Curve.044,1.7092,0.0,1.1986
Curve.044,1.7004,0.0,1.1986
Curve.044,1.6928,0.0,1.1986
Curve.044,1.6866,0.0,1.1986
Curve.044,1.6826,0.0,1.1986
Curve.044,1.6811,0.0,1.1986
Curve.044,1.6758,0.0,1.1948
Curve.044,1.6704,0.0,1.1909
Curve.044,1.6649,0.0,1.187
Curve.044,1.6594,0.0,1.1831
Curve.044,1.6539,0.0,1.1791
Curve.044,1.6482,0.0,1.1751
Curve.044,1.6425,0.0,1.1711
Curve.044,1.6368,0.0,1.167
Curve.044,1.6309,0.0,1.1629
Curve.044,1.625,0.0,1.1588
Curve.044,1.6191,0.0,1.1546
Curve.044,1.6131,0.0,1.1504
Curve.044,1.613,0.0,1.1503
Curve.044,1.613,0.0,1.1501
Curve.044,1.613,0.0,1.1499
Curve.044,1.613,0.0,1.1498
Curve.044,1.613,0.0,1.1496
Curve.044,1.613,0.0,1.1495
Curve.044,1.6129,0.0,1.1493
Curve.044,1.6129,0.0,1.1492
Curve.044,1.6129,0.0,1.149
Curve.044,1.6129,0.0,1.1489
Curve.044,1.6128,0.0,1.1487
Curve.044,1.6128,0.0,1.1486
Curve.044,1.6109,0.0,1.1399
Curve.044,1.6071,0.0,1.1246
Curve.044,1.6018,0.0,1.104
Curve.044,1.5953,0.0,1.0795
Curve.044,1.588,0.0,1.0525
Curve.044,1.5803,0.0,1.0243
Curve.044,1.5727,0.0,0.9963
Curve.044,1.5654,0.0,0.9699
Curve.044,1.5589,0.0,0.9464
Curve.044,1.5535,0.0,0.9271
Curve.044,1.5496,0.0,0.9135
Curve.044,1.5476,0.0,0.907
Curve.044,1.546,0.0,0.9033
Curve.044,1.5436,0.0,0.8996
Curve.044,1.5406,0.0,0.8959
Curve.044,1.5372,0.0,0.8923
Curve.044,1.5334,0.0,0.8887
Curve.044,1.5294,0.0,0.8852
Curve.044,1.5252,0.0,0.8818
Curve.044,1.5211,0.0,0.8785
Curve.044,1.5171,0.0,0.8755
Curve.044,1.5133,0.0,0.8727
Curve.044,1.51,0.0,0.8701
Curve.044,1.5071,0.0,0.8678
Curve.044,1.5092,0.0,0.8678
Curve.044,1.515,0.0,0.8678
Curve.044,1.5236,0.0,0.8678
Curve.044,1.5345,0.0,0.8678
Curve.044,1.5469,0.0,0.8678
Curve.044,1.56,0.0,0.8678
Curve.044,1.5731,0.0,0.8678
Curve.044,1.5854,0.0,0.8678
Curve.044,1.5963,0.0,0.8678
Curve.044,1.605,0.0,0.8678
Curve.044,1.6107,0.0,0.8678
Curve.044,1.6128,0.0,0.8678
Curve.044,1.6102,0.0,0.8708
Curve.044,1.6078,0.0,0.8737
Curve.044,1.6054,0.0,0.8767
Curve.044,1.6033,0.0,0.8796
Curve.044,1.6013,0.0,0.8826
Curve.044,1.5996,0.0,0.8856
Curve.044,1.5981,0.0,0.8886
Curve.044,1.5969,0.0,0.8916
Curve.044,1.5961,0.0,0.8947
Curve.044,1.5955,0.0,0.8979
Curve.044,1.5954,0.0,0.9011
Curve.044,1.5957,0.0,0.9043
Curve.044,1.5963,0.0,0.9079
Curve.044,1.597,0.0,0.9118
Curve.044,1.5978,0.0,0.9161
Curve.044,1.5986,0.0,0.9204
Curve.044,1.5995,0.0,0.9248
Curve.044,1.6004,0.0,0.929
Curve.044,1.6012,0.0,0.933
Curve.044,1.602,0.0,0.9365
Curve.044,1.6026,0.0,0.9395
Curve.044,1.6031,0.0,0.9418
Curve.044,1.6035,0.0,0.9433
Curve.044,1.6036,0.0,0.9438
Curve.044,1.6057,0.0,0.9438
Curve.044,1.6117,0.0,0.9438
Curve.044,1.6207,0.0,0.9438
Curve.044,1.6319,0.0,0.9438
Curve.044,1.6447,0.0,0.9438
Curve.044,1.6582,0.0,0.9438
Curve.044,1.6718,0.0,0.9438
Curve.044,1.6846,0.0,0.9438
Curve.044,1.6958,0.0,0.9438
Curve.044,1.7048,0.0,0.9438
Curve.044,1.7108,0.0,0.9438
Curve.044,1.7129,0.0,0.9438
Curve.044,1.7141,0.0,0.9406
Curve.044,1.7153,0.0,0.9374
Curve.044,1.7164,0.0,0.9342
Curve.044,1.7174,0.0,0.9311
Curve.044,1.7184,0.0,0.928
Curve.044,1.7193,0.0,0.925
Curve.044,1.7202,0.0,0.922
Curve.044,1.721,0.0,0.9191
Curve.044,1.7217,0.0,0.9162
Curve.044,1.7223,0.0,0.9133
Curve.044,1.7229,0.0,0.9104
Curve.044,1.7234,0.0,0.9076
Curve.044,1.7237,0.0,0.9042
Curve.044,1.7233,0.0,0.9008
Curve.044,1.7224,0.0,0.8973
Curve.044,1.721,0.0,0.8938
Curve.044,1.7192,0.0,0.8904
Curve.044,1.717,0.0,0.8869
Curve.044,1.7145,0.0,0.8836
Curve.044,1.7118,0.0,0.8803
Curve.044,1.7089,0.0,0.8771
Curve.044,1.7059,0.0,0.8741
Curve.044,1.7028,0.0,0.8712
Curve.044,1.6135,0.0,0.986
Curve.044,1.6503,0.0,1.1065
Curve.044,1.6991,0.0,0.986
Curve.044,1.5969,0.0,1.1866
Curve.044,1.5982,0.0,1.1876
Curve.044,1.5996,0.0,1.1886
Curve.044,1.6009,0.0,1.1896
Curve.044,1.6023,0.0,1.1906
Curve.044,1.6036,0.0,1.1916
Curve.044,1.605,0.0,1.1926
Curve.044,1.6064,0.0,1.1936
Curve.044,1.6077,0.0,1.1946
Curve.044,1.6091,0.0,1.1956
Curve.044,1.6104,0.0,1.1966
Curve.044,1.6118,0.0,1.1976
Curve.044,1.6131,0.0,1.1986
Curve.044,1.6126,0.0,1.1986
Curve.044,1.611,0.0,1.1986
Curve.044,1.6087,0.0,1.1986
Curve.044,1.6057,0.0,1.1986
Curve.044,1.6024,0.0,1.1986
Curve.044,1.5988,0.0,1.1986
Curve.044,1.5953,0.0,1.1986
Curve.044,1.5919,0.0,1.1986
Curve.044,1.589,0.0,1.1986
Curve.044,1.5866,0.0,1.1986
Curve.044,1.5851,0.0,1.1986
Curve.044,1.5845,0.0,1.1986
Curve.044,1.5853,0.0,1.1979
Curve.044,1.5861,0.0,1.1972
Curve.044,1.587,0.0,1.1964
Curve.044,1.5879,0.0,1.1955
Curve.044,1.5889,0.0,1.1946
Curve.044,1.59,0.0,1.1936
Curve.044,1.591,0.0,1.1925
Curve.044,1.5922,0.0,1.1915
Curve.044,1.5933,0.0,1.1903
Curve.044,1.5945,0.0,1.1891
Curve.044,1.5957,0.0,1.1879
Curve.045,0.8463,0.0,0.9043
Curve.045,0.8469,0.0,0.9079
Curve.045,0.8476,0.0,0.9118
Curve.045,0.8484,0.0,0.9161
Curve.045,0.8493,0.0,0.9204
Curve.045,0.8502,0.0,0.9248
Curve.045,0.851,0.0,0.929
Curve.045,0.8519,0.0,0.933
Curve.045,0.8526,0.0,0.9365
Curve.045,0.8533,0.0,0.9395
Curve.045,0.8538,0.0,0.9418
Curve.045,0.8541,0.0,0.9433
Curve.045,0.8542,0.0,0.9438
Curve.045,0.8564,0.0,0.9438
Curve.045,0.8623,0.0,0.9438
Curve.045,0.8713,0.0,0.9438
Curve.045,0.8826,0.0,0.9438
Curve.045,0.8954,0.0,0.9438
Curve.045,0.9089,0.0,0.9438
Curve.045,0.9224,0.0,0.9438
Curve.045,0.9352,0.0,0.9438
Curve.045,0.9465,0.0,0.9438
Curve.045,0.9555,0.0,0.9438
Curve.045,0.9614,0.0,0.9438
Curve.045,0.9636,0.0,0.9438
Curve.045,0.9648,0.0,0.9406
Curve.045,0.9659,0.0,0.9374
Curve.045,0.967,0.0,0.9342
Curve.045,0.9681,0.0,0.9311
Curve.045,0.969,0.0,0.928
Curve.045,0.97,0.0,0.925
Curve.045,0.9708,0.0,0.922
Curve.045,0.9716,0.0,0.9191
Curve.045,0.9723,0.0,0.9162
Curve.045,0.973,0.0,0.9133
Curve.045,0.9736,0.0,0.9104
Curve.045,0.9741,0.0,0.9076
Curve.045,0.9743,0.0,0.9042
Curve.045,0.974,0.0,0.9008
Curve.045,0.9731,0.0,0.8973
Curve.045,0.9717,0.0,0.8938
Curve.045,0.9699,0.0,0.8904
Curve.045,0.9677,0.0,0.8869
Curve.045,0.9652,0.0,0.8836
Curve.045,0.9625,0.0,0.8803
Curve.045,0.9596,0.0,0.8771
Curve.045,0.9565,0.0,0.8741
Curve.045,0.9535,0.0,0.8712
Curve.045,0.9504,0.0,0.8685
Curve.045,0.9538,0.0,0.8685
Curve.045,0.9632,0.0,0.8685
Curve.045,0.9774,0.0,0.8685
Curve.045,0.9952,0.0,0.8685
Curve.045,1.0154,0.0,0.8685
Curve.045,1.0368,0.0,0.8685
Curve.045,1.0582,0.0,0.8685
Curve.045,1.0784,0.0,0.8685
Curve.045,1.0962,0.0,0.8685
Curve.045,1.1103,0.0,0.8685
Curve.045,1.1197,0.0,0.8685
Curve.045,1.1231,0.0,0.8685
Curve.045,1.124,0.0,0.8691
Curve.045,1.1249,0.0,0.8697
Curve.045,1.1258,0.0,0.8703
Curve.045,1.1267,0.0,0.8709
Curve.045,1.1276,0.0,0.8715
Curve.045,1.1285,0.0,0.8721
Curve.045,1.1294,0.0,0.8727
Curve.045,1.1303,0.0,0.8733
Curve.045,1.1312,0.0,0.8739
Curve.045,1.1321,0.0,0.8745
Curve.045,1.133,0.0,0.8751
Curve.045,1.1339,0.0,0.8757
Curve.045,1.1322,0.0,0.8772
Curve.045,1.1306,0.0,0.8789
Curve.045,1.129,0.0,0.8807
Curve.045,1.1274,0.0,0.8825
Curve.045,1.1259,0.0,0.8845
Curve.045,1.1245,0.0,0.8866
Curve.045,1.123,0.0,0.8888
Curve.045,1.1217,0.0,0.8911
Curve.045,1.1204,0.0,0.8935
Curve.045,1.1192,0.0,0.8959
Curve.045,1.118,0.0,0.8984
Curve.045,1.117,0.0,0.901
Curve.045,1.1134,0.0,0.9105
Curve.045,1.1065,0.0,0.929
Curve.045,1.0969,0.0,0.9548
Curve.045,1.0854,0.0,0.9858
Curve.045,1.0726,0.0,1.0203
Curve.045,1.0592,0.0,1.0563
Curve.045,1.046,0.0,1.0919
Curve.045,1.0336,0.0,1.1253
Curve.045,1.0227,0.0,1.1545
Curve.045,1.0141,0.0,1.1778
Curve.045,1.0084,0.0,1.1931
Curve.045,1.0064,0.0,1.1986
Curve.045,1.003,0.0,1.1986
Curve.045,0.9937,0.0,1.1986
Curve.045,0.9796,0.0,1.1986
Curve.045,0.962,0.0,1.1986
Curve.045,0.942,0.0,1.1986
Curve.045,0.9208,0.0,1.1986
Curve.045,0.8995,0.0,1.1986
Curve.045,0.8795,0.0,1.1986
Curve.045,0.8619,0.0,1.1986
Curve.045,0.8478,0.0,1.1986
Curve.045,0.8385,0.0,1.1986
Curve.045,0.8352,0.0,1.1986
Curve.045,0.8375,0.0,1.1965
Curve.045,0.8404,0.0,1.1938
Curve.045,0.8436,0.0,1.1907
Curve.045,0.847,0.0,1.1872
Curve.045,0.8504,0.0,1.1833
Curve.045,0.8538,0.0,1.179
Curve.045,0.8569,0.0,1.1745
Curve.045,0.8596,0.0,1.1697
Curve.045,0.8617,0.0,1.1646
Curve.045,0.8632,0.0,1.1594
Curve.045,0.8638,0.0,1.1541
Curve.045,0.8635,0.0,1.1486
Curve.045,0.8616,0.0,1.1399
Curve.045,0.8578,0.0,1.1246
Curve.045,0.8524,0.0,1.104
Curve.045,0.8459,0.0,1.0795
Curve.045,0.8387,0.0,1.0525
Curve.045,0.831,0.0,1.0243
Curve.045,0.8233,0.0,0.9963
Curve.045,0.816,0.0,0.9699
Curve.045,0.8095,0.0,0.9464
Curve.045,0.8041,0.0,0.9271
Curve.045,0.8002,0.0,0.9135
Curve.045,0.7983,0.0,0.907
Curve.045,0.7966,0.0,0.9033
Curve.045,0.7943,0.0,0.8996
Curve.045,0.7913,0.0,0.8959
Curve.045,0.7878,0.0,0.8923
Curve.045,0.784,0.0,0.8887
Curve.045,0.78,0.0,0.8852
Curve.045,0.7759,0.0,0.8818
Curve.045,0.7717,0.0,0.8785
Curve.045,0.7677,0.0,0.8755
Curve.045,0.764,0.0,0.8727
Curve.045,0.7606,0.0,0.8701
Curve.045,0.7578,0.0,0.8678
Curve.045,0.7599,0.0,0.8678
Curve.045,0.7656,0.0,0.8678
Curve.045,0.7743,0.0,0.8678
Curve.045,0.7852,0.0,0.8678
Curve.045,0.7975,0.0,0.8678
Curve.045,0.8106,0.0,0.8678
Curve.045,0.8237,0.0,0.8678
Curve.045,0.8361,0.0,0.8678
Curve.045,0.847,0.0,0.8678
Curve.045,0.8556,0.0,0.8678
Curve.045,0.8614,0.0,0.8678
Curve.045,0.8635,0.0,0.8678
Curve.045,0.8609,0.0,0.8708
Curve.045,0.8584,0.0,0.8737
Curve.045,0.8561,0.0,0.8767
Curve.045,0.8539,0.0,0.8796
Curve.045,0.8519,0.0,0.8826
Curve.045,0.8502,0.0,0.8856
Curve.045,0.8487,0.0,0.8886
Curve.045,0.8476,0.0,0.8916
Curve.045,0.8467,0.0,0.8947
Curve.045,0.8462,0.0,0.8979
Curve.045,0.8461,0.0,0.9011
Curve.045,0.901,0.0,1.1065
Curve.045,0.9497,0.0,0.986
Curve.045,0.8641,0.0,0.986
Curve.046,1.4431,0.0,1.0347
Curve.046,1.435,0.0,1.0294
Curve.046,1.4269,0.0,1.0239
Curve.046,1.4186,0.0,1.0185
Curve.046,1.4103,0.0,1.013
Curve.046,1.4019,0.0,1.0074
Curve.046,1.3935,0.0,1.0018
Curve.046,1.3849,0.0,0.9962
Curve.046,1.3763,0.0,0.9905
Curve.046,1.3676,0.0,0.9848
Curve.046,1.3588,0.0,0.9791
Curve.046,1.35,0.0,0.9733
Curve.046,1.3411,0.0,0.9675
Curve.046,1.345,0.0,0.9655
Curve.046,1.3488,0.0,0.9634
Curve.046,1.3524,0.0,0.9612
Curve.046,1.3558,0.0,0.959
Curve.046,1.3589,0.0,0.9566
Curve.046,1.3617,0.0,0.9542
Curve.046,1.3642,0.0,0.9516
Curve.046,1.3664,0.0,0.949
Curve.046,1.3682,0.0,0.9462
Curve.046,1.3696,0.0,0.9433
Curve.046,1.3706,0.0,0.9404
Curve.046,1.3712,0.0,0.9373
Curve.046,1.3707,0.0,0.9316
Curve.046,1.3684,0.0,0.9264
Curve.046,1.3644,0.0,0.9218
Curve.046,1.3588,0.0,0.9178
Curve.046,1.3519,0.0,0.9143
Curve.046,1.3439,0.0,0.9114
Curve.046,1.335,0.0,0.9091
Curve.046,1.3252,0.0,0.9074
Curve.046,1.315,0.0,0.9063
Curve.046,1.3043,0.0,0.9059
Curve.046,1.2935,0.0,0.9061
Curve.046,1.2826,0.0,0.907
Curve.046,1.2805,0.0,0.9072
Curve.046,1.2783,0.0,0.9076
Curve.046,1.2762,0.0,0.9079
Curve.046,1.274,0.0,0.9084
Curve.046,1.2719,0.0,0.9088
Curve.046,1.2698,0.0,0.9093
Curve.046,1.2677,0.0,0.9099
Curve.046,1.2656,0.0,0.9105
Curve.046,1.2636,0.0,0.9111
Curve.046,1.2615,0.0,0.9118
Curve.046,1.2595,0.0,0.9125
Curve.046,1.2574,0.0,0.9133
Curve.046,1.2552,0.0,0.9118
Curve.046,1.2529,0.0,0.9104
Curve.046,1.2507,0.0,0.9089
Curve.046,1.2484,0.0,0.9075
Curve.046,1.2462,0.0,0.906
Curve.046,1.2439,0.0,0.9046
Curve.046,1.2417,0.0,0.9031
Curve.046,1.2394,0.0,0.9016
Curve.046,1.2371,0.0,0.9002
Curve.046,1.2348,0.0,0.8987
Curve.046,1.2326,0.0,0.8973
Curve.046,1.2303,0.0,0.8958
Curve.046,1.2279,0.0,0.8943
Curve.046,1.2254,0.0,0.8927
Curve.046,1.2229,0.0,0.891
Curve.046,1.2203,0.0,0.8893
Curve.046,1.2176,0.0,0.8876
Curve.046,1.2148,0.0,0.8858
Curve.046,1.212,0.0,0.8839
Curve.046,1.2091,0.0,0.882
Curve.046,1.2061,0.0,0.8801
Curve.046,1.203,0.0,0.8781
Curve.046,1.1999,0.0,0.876
Curve.046,1.1967,0.0,0.8739
Curve.046,1.1967,0.0,0.8732
Curve.046,1.1967,0.0,0.8714
Curve.046,1.1967,0.0,0.8686
Curve.046,1.1967,0.0,0.8651
Curve.046,1.1967,0.0,0.8611
Curve.046,1.1967,0.0,0.8569
Curve.046,1.1967,0.0,0.8526
Curve.046,1.1967,0.0,0.8487
Curve.046,1.1967,0.0,0.8451
Curve.046,1.1967,0.0,0.8423
Curve.046,1.1967,0.0,0.8405
Curve.046,1.1967,0.0,0.8398
Curve.046,1.199,0.0,0.844
Curve.046,1.2017,0.0,0.848
Curve.046,1.2048,0.0,0.8519
Curve.046,1.2081,0.0,0.8556
Curve.046,1.2116,0.0,0.859
Curve.046,1.2153,0.0,0.8621
Curve.046,1.2192,0.0,0.8649
Curve.046,1.2231,0.0,0.8674
Curve.046,1.227,0.0,0.8694
Curve.046,1.2309,0.0,0.8709
Curve.046,1.2348,0.0,0.8719
Curve.046,1.2385,0.0,0.8724
Curve.046,1.2404,0.0,0.8721
Curve.046,1.2432,0.0,0.8711
Curve.046,1.2469,0.0,0.8695
Curve.046,1.2518,0.0,0.8676
Curve.046,1.2582,0.0,0.8655
Curve.046,1.266,0.0,0.8633
Curve.046,1.2756,0.0,0.8612
Curve.046,1.2871,0.0,0.8593
Curve.046,1.3008,0.0,0.8579
Curve.046,1.3167,0.0,0.857
Curve.046,1.335,0.0,0.8569
Curve.046,1.356,0.0,0.8576
Curve.046,1.3677,0.0,0.8591
Curve.046,1.3806,0.0,0.8623
Curve.046,1.3943,0.0,0.8671
Curve.046,1.4083,0.0,0.8733
Curve.046,1.4223,0.0,0.8808
Curve.046,1.4359,0.0,0.8895
Curve.046,1.4485,0.0,0.8993
Curve.046,1.4597,0.0,0.91
Curve.046,1.4691,0.0,0.9215
Curve.046,1.4763,0.0,0.9337
Curve.046,1.4808,0.0,0.9465
Curve.046,1.4821,0.0,0.9596
Curve.046,1.4816,0.0,0.9674
Curve.046,1.4805,0.0,0.9748
Curve.046,1.4788,0.0,0.982
Curve.046,1.4765,0.0,0.9889
Curve.046,1.4737,0.0,0.9955
Curve.046,1.4705,0.0,1.0019
Curve.046,1.4668,0.0,1.008
Curve.046,1.4627,0.0,1.0138
Curve.046,1.4583,0.0,1.0194
Curve.046,1.4535,0.0,1.0248
Curve.046,1.4484,0.0,1.0299
Curve.046,1.1967,0.0,0.9524
Curve.046,1.1967,0.0,0.9177
Curve.046,1.1986,0.0,0.919
Curve.046,1.2006,0.0,0.9203
Curve.046,1.2026,0.0,0.9216
Curve.046,1.2045,0.0,0.9229
Curve.046,1.2065,0.0,0.9242
Curve.046,1.2085,0.0,0.9255
Curve.046,1.2104,0.0,0.9268
Curve.046,1.2123,0.0,0.9281
Curve.046,1.2143,0.0,0.9294
Curve.046,1.2162,0.0,0.9307
Curve.046,1.2181,0.0,0.932
Curve.046,1.2201,0.0,0.9332
Curve.046,1.2171,0.0,0.9353
Curve.046,1.2143,0.0,0.9374
Curve.046,1.2117,0.0,0.9394
Curve.046,1.2093,0.0,0.9413
Curve.046,1.207,0.0,0.9431
Curve.046,1.2049,0.0,0.9449
Curve.046,1.203,0.0,0.9465
Curve.046,1.2013,0.0,0.948
Curve.046,1.1998,0.0,0.9493
Curve.046,1.1985,0.0,0.9505
Curve.046,1.1975,0.0,0.9516
Curve.046,1.4125,0.0,1.0565
Curve.046,1.4104,0.0,1.0577
Curve.046,1.4083,0.0,1.0589
Curve.046,1.4062,0.0,1.0601
Curve.046,1.4041,0.0,1.0613
Curve.046,1.4021,0.0,1.0624
Curve.046,1.4,0.0,1.0635
Curve.046,1.3979,0.0,1.0646
Curve.046,1.3958,0.0,1.0656
Curve.046,1.3937,0.0,1.0666
Curve.046,1.3917,0.0,1.0677
Curve.046,1.3896,0.0,1.0686
Curve.046,1.3876,0.0,1.0696
Curve.046,1.3771,0.0,1.0742
Curve.046,1.3665,0.0,1.0783
Curve.046,1.3562,0.0,1.082
Curve.046,1.3462,0.0,1.0854
Curve.046,1.3366,0.0,1.0887
Curve.046,1.3275,0.0,1.092
Curve.046,1.3192,0.0,1.0955
Curve.046,1.3116,0.0,1.0992
Curve.046,1.305,0.0,1.1034
Curve.046,1.2995,0.0,1.108
Curve.046,1.2951,0.0,1.1134
Curve.046,1.2921,0.0,1.1196
Curve.046,1.291,0.0,1.1243
Curve.046,1.291,0.0,1.1288
Curve.046,1.2919,0.0,1.1332
Curve.046,1.294,0.0,1.1374
Curve.046,1.2971,0.0,1.1412
Curve.046,1.3012,0.0,1.1447
Curve.046,1.3064,0.0,1.1478
Curve.046,1.3127,0.0,1.1504
Curve.046,1.3201,0.0,1.1526
Curve.046,1.3286,0.0,1.1541
Curve.046,1.3381,0.0,1.155
Curve.046,1.3488,0.0,1.1552
Curve.046,1.3599,0.0,1.1545
Curve.046,1.3708,0.0,1.1529
Curve.046,1.3813,0.0,1.1505
Curve.046,1.3914,0.0,1.1475
Curve.046,1.4011,0.0,1.1439
Curve.046,1.4101,0.0,1.1401
Curve.046,1.4184,0.0,1.1361
Curve.046,1.4259,0.0,1.132
Curve.046,1.4326,0.0,1.128
Curve.046,1.4382,0.0,1.1243
Curve.046,1.4428,0.0,1.121
Curve.046,1.4462,0.0,1.1183
Curve.046,1.4462,0.0,1.12
Curve.046,1.4462,0.0,1.1246
Curve.046,1.4462,0.0,1.1316
Curve.046,1.4462,0.0,1.1403
Curve.046,1.4462,0.0,1.1503
Curve.046,1.4462,0.0,1.1608
Curve.046,1.4462,0.0,1.1713
Curve.046,1.4462,0.0,1.1812
Curve.046,1.4462,0.0,1.19
Curve.046,1.4462,0.0,1.197
Curve.046,1.4462,0.0,1.2016
Curve.046,1.4462,0.0,1.2032
Curve.046,1.4452,0.0,1.2022
Curve.046,1.4437,0.0,1.2006
Curve.046,1.4419,0.0,1.1988
Curve.046,1.4397,0.0,1.1967
Curve.046,1.4372,0.0,1.1946
Curve.046,1.4345,0.0,1.1924
Curve.046,1.4315,0.0,1.1904
Curve.046,1.4284,0.0,1.1886
Curve.046,1.4252,0.0,1.1872
Curve.046,1.4219,0.0,1.1862
Curve.046,1.4186,0.0,1.1858
Curve.046,1.4153,0.0,1.1861
Curve.046,1.4086,0.0,1.1875
Curve.046,1.4012,0.0,1.1889
Curve.046,1.3931,0.0,1.1902
Curve.046,1.3844,0.0,1.1916
Curve.046,1.3752,0.0,1.1929
Curve.046,1.3653,0.0,1.1941
Curve.046,1.355,0.0,1.1952
Curve.046,1.3443,0.0,1.1962
Curve.046,1.3331,0.0,1.197
Curve.046,1.3215,0.0,1.1976
Curve.046,1.3096,0.0,1.1979
Curve.046,1.2974,0.0,1.198
Curve.046,1.2834,0.0,1.197
Curve.046,1.2699,0.0,1.1943
Curve.046,1.257,0.0,1.1901
Curve.046,1.2449,0.0,1.1844
Curve.046,1.2336,0.0,1.1773
Curve.046,1.2233,0.0,1.1689
Curve.046,1.2141,0.0,1.1594
Curve.046,1.2063,0.0,1.1489
Curve.046,1.1999,0.0,1.1374
Curve.046,1.195,0.0,1.1251
Curve.046,1.1918,0.0,1.1121
Curve.046,1.1904,0.0,1.0986
Curve.046,1.1911,0.0,1.0804
Curve.046,1.1942,0.0,1.0644
Curve.046,1.1993,0.0,1.0504
Curve.046,1.2061,0.0,1.0382
Curve.046,1.2144,0.0,1.0278
Curve.046,1.2237,0.0,1.0188
Curve.046,1.2338,0.0,1.0113
Curve.046,1.2444,0.0,1.0049
Curve.046,1.2551,0.0,0.9995
Curve.046,1.2656,0.0,0.995
Curve.046,1.2757,0.0,0.9912
Curve.046,1.2849,0.0,0.988
Curve.046,1.2858,0.0,0.9877
Curve.046,1.2867,0.0,0.9873
Curve.046,1.2877,0.0,0.987
Curve.046,1.2887,0.0,0.9867
Curve.046,1.2896,0.0,0.9864
Curve.046,1.2907,0.0,0.986
Curve.046,1.2917,0.0,0.9857
Curve.046,1.2927,0.0,0.9854
Curve.046,1.2938,0.0,0.985
Curve.046,1.2949,0.0,0.9847
Curve.046,1.2959,0.0,0.9843
Curve.046,1.2971,0.0,0.984
Curve.046,1.3053,0.0,0.9893
Curve.046,1.3132,0.0,0.9944
Curve.046,1.3208,0.0,0.9993
Curve.046,1.328,0.0,1.004
Curve.046,1.335,0.0,1.0084
Curve.046,1.3415,0.0,1.0125
Curve.046,1.3477,0.0,1.0164
Curve.046,1.3535,0.0,1.02
Curve.046,1.3589,0.0,1.0233
Curve.046,1.3638,0.0,1.0263
Curve.046,1.3684,0.0,1.029
Curve.046,1.3725,0.0,1.0314
Curve.046,1.3752,0.0,1.033
Curve.046,1.378,0.0,1.0346
Curve.046,1.3809,0.0,1.0364
Curve.046,1.3839,0.0,1.0383
Curve.046,1.3871,0.0,1.0402
Curve.046,1.3904,0.0,1.0423
Curve.046,1.3938,0.0,1.0444
Curve.046,1.3973,0.0,1.0467
Curve.046,1.401,0.0,1.049
Curve.046,1.4047,0.0,1.0514
Curve.046,1.4086,0.0,1.0539
Curve.041,1.3065,-0.0061,1.2366
Curve.041,1.2809,-0.0061,1.2267
Curve.041,1.2555,-0.0061,1.2171
Curve.041,1.2303,-0.0061,1.2076
Curve.041,1.2054,-0.0061,1.1984
Curve.041,1.1807,-0.0061,1.1894
Curve.041,1.1564,-0.0061,1.1807
Curve.041,1.1324,-0.0061,1.1723
Curve.041,1.1089,-0.0061,1.1641
Curve.041,1.0858,-0.0061,1.1563
Curve.041,1.0632,-0.0061,1.1488
Curve.041,1.0412,-0.0061,1.1417
Curve.041,1.0198,-0.0061,1.1349
Curve.041,0.9711,-0.0061,1.1196
Curve.041,0.9116,-0.0061,1.1007
Curve.041,0.8431,-0.0061,1.0783
Curve.041,0.7673,-0.0061,1.0527
Curve.041,0.6857,-0.0061,1.024
Curve.041,0.6002,-0.0061,0.9925
Curve.041,0.5123,-0.0061,0.9582
Curve.041,0.4238,-0.0061,0.9215
Curve.041,0.3363,-0.0061,0.8824
Curve.041,0.2515,-0.0061,0.8411
Curve.041,0.171,-0.0061,0.798
Curve.041,0.0966,-0.0061,0.753
Curve.041,0.0971,-0.0061,0.7529
Curve.041,0.0984,-0.0061,0.7524
Curve.041,0.1004,-0.0061,0.7516
Curve.041,0.1028,-0.0061,0.7506
Curve.041,0.1056,-0.0061,0.7496
Curve.041,0.1085,-0.0061,0.7484
Curve.041,0.1114,-0.0061,0.7473
Curve.041,0.1142,-0.0061,0.7462
Curve.041,0.1166,-0.0061,0.7453
Curve.041,0.1186,-0.0061,0.7445
Curve.041,0.1199,-0.0061,0.744
Curve.041,0.1204,-0.0061,0.7438
Curve.041,0.1623,-0.0061,0.7668
Curve.041,0.2018,-0.0061,0.7873
Curve.041,0.2393,-0.0061,0.8055
Curve.041,0.2748,-0.0061,0.8216
Curve.041,0.3086,-0.0061,0.8359
Curve.041,0.3409,-0.0061,0.8486
Curve.041,0.3717,-0.0061,0.86
Curve.041,0.4015,-0.0061,0.8704
Curve.041,0.4303,-0.0061,0.8799
Curve.041,0.4583,-0.0061,0.8888
Curve.041,0.4857,-0.0061,0.8973
Curve.041,0.5128,-0.0061,0.9058
Curve.041,0.5473,-0.0061,0.916
Curve.041,0.591,-0.0061,0.9281
Curve.041,0.6425,-0.0061,0.9417
Curve.041,0.6999,-0.0061,0.9565
Curve.041,0.7617,-0.0061,0.9722
Curve.041,0.8263,-0.0061,0.9884
Curve.041,0.892,-0.0061,1.0049
Curve.041,0.9572,-0.0061,1.0213
Curve.041,1.0203,-0.0061,1.0372
Curve.041,1.0796,-0.0061,1.0525
Curve.041,1.1336,-0.0061,1.0667
Curve.041,1.1805,-0.0061,1.0796
Curve.041,1.1952,-0.0061,1.0838
Curve.041,1.2103,-0.0061,1.0881
Curve.041,1.2257,-0.0061,1.0927
Curve.041,1.2416,-0.0061,1.0975
Curve.041,1.2577,-0.0061,1.1026
Curve.041,1.2742,-0.0061,1.1078
Curve.041,1.2909,-0.0061,1.1132
Curve.041,1.3079,-0.0061,1.1188
Curve.041,1.3252,-0.0061,1.1246
Curve.041,1.3427,-0.0061,1.1306
Curve.041,1.3604,-0.0061,1.1368
Curve.041,1.3783,-0.0061,1.1432
Curve.041,1.3741,-0.0061,1.149
Curve.041,1.3698,-0.0061,1.1549
Curve.041,1.3656,-0.0061,1.1607
Curve.041,1.3612,-0.0061,1.1666
Curve.041,1.3569,-0.0061,1.1724
Curve.041,1.3525,-0.0061,1.1782
Curve.041,1.3481,-0.0061,1.1841
Curve.041,1.3436,-0.0061,1.1899
Curve.041,1.3391,-0.0061,1.1958
Curve.041,1.3345,-0.0061,1.2016
Curve.041,1.33,-0.0061,1.2074
Curve.041,1.3253,-0.0061,1.2133
Curve.041,1.3238,-0.0061,1.2153
Curve.041,1.3222,-0.0061,1.2172
Curve.041,1.3207,-0.0061,1.2192
Curve.041,1.3191,-0.0061,1.2211
Curve.041,1.3175,-0.0061,1.2231
Curve.041,1.316,-0.0061,1.225
Curve.041,1.3144,-0.0061,1.227
Curve.041,1.3128,-0.0061,1.2289
Curve.041,1.3112,-0.0061,1.2308
Curve.041,1.3097,-0.0061,1.2328
Curve.041,1.3081,-0.0061,1.2347
Curve.041,1.4316,-0.0061,1.0641
Curve.041,1.4255,-0.0061,1.06
Curve.041,1.4196,-0.0061,1.056
Curve.041,1.4138,-0.0061,1.0522
Curve.041,1.4083,-0.0061,1.0486
Curve.041,1.4029,-0.0061,1.0451
Curve.041,1.3977,-0.0061,1.0417
Curve.041,1.3928,-0.0061,1.0386
Curve.041,1.3881,-0.0061,1.0356
Curve.041,1.3836,-0.0061,1.0328
Curve.041,1.3793,-0.0061,1.0302
Curve.041,1.3753,-0.0061,1.0278
Curve.041,1.3715,-0.0061,1.0256
Curve.041,1.344,-0.0061,1.0088
Curve.041,1.3051,-0.0061,0.984
Curve.041,1.2571,-0.0061,0.9526
Curve.041,1.2022,-0.0061,0.9162
Curve.041,1.1426,-0.0061,0.8764
Curve.041,1.0806,-0.0061,0.8347
Curve.041,1.0184,-0.0061,0.7926
Curve.041,0.9583,-0.0061,0.7518
Curve.041,0.9024,-0.0061,0.7138
Curve.041,0.853,-0.0061,0.6801
Curve.041,0.8124,-0.0061,0.6523
Curve.041,0.7828,-0.0061,0.6319
Curve.041,0.7562,-0.0061,0.6122
Curve.041,0.7239,-0.0061,0.5863
Curve.041,0.687,-0.0061,0.5552
Curve.041,0.6469,-0.0061,0.5204
Curve.041,0.6048,-0.0061,0.4829
Curve.041,0.5618,-0.0061,0.4441
Curve.041,0.5191,-0.0061,0.4052
Curve.041,0.478,-0.0061,0.3673
Curve.041,0.4397,-0.0061,0.3318
Curve.041,0.4053,-0.0061,0.2998
Curve.041,0.3762,-0.0061,0.2726
Curve.041,0.3535,-0.0061,0.2514
Curve.041,0.3534,-0.0061,0.2508
Curve.041,0.3533,-0.0061,0.2492
Curve.041,0.3531,-0.0061,0.2469
Curve.041,0.3528,-0.0061,0.2439
Curve.041,0.3525,-0.0061,0.2405
Curve.041,0.3522,-0.0061,0.2369
Curve.041,0.3519,-0.0061,0.2333
Curve.041,0.3515,-0.0061,0.2299
Curve.041,0.3513,-0.0061,0.227
Curve.041,0.3511,-0.0061,0.2246
Curve.041,0.3509,-0.0061,0.223
Curve.041,0.3509,-0.0061,0.2224
Curve.041,0.409,-0.0061,0.2744
Curve.041,0.4608,-0.0061,0.32
Curve.041,0.5068,-0.0061,0.36
Curve.041,0.5478,-0.0061,0.395
Curve.041,0.5844,-0.0061,0.4256
Curve.041,0.6172,-0.0061,0.4526
Curve.041,0.647,-0.0061,0.4765
Curve.041,0.6743,-0.0061,0.4979
Curve.041,0.6998,-0.0061,0.5176
Curve.041,0.7242,-0.0061,0.5362
Curve.041,0.7481,-0.0061,0.5543
Curve.041,0.7723,-0.0061,0.5727
Curve.041,0.8051,-0.0061,0.5972
Curve.041,0.8423,-0.0061,0.6244
Curve.041,0.8828,-0.0061,0.6534
Curve.041,0.9257,-0.0061,0.6837
Curve.041,0.9698,-0.0061,0.7146
Curve.041,1.0143,-0.0061,0.7454
Curve.041,1.058,-0.0061,0.7754
Curve.041,1.0999,-0.0061,0.8039
Curve.041,1.139,-0.0061,0.8303
Curve.041,1.1743,-0.0061,0.8539
Curve.041,1.2047,-0.0061,0.874
Curve.041,1.2293,-0.0061,0.89
Curve.041,1.2495,-0.0061,0.9029
Curve.041,1.2693,-0.0061,0.9157
Curve.041,1.2889,-0.0061,0.9284
Curve.041,1.3081,-0.0061,0.9408
Curve.041,1.3269,-0.0061,0.9531
Curve.041,1.3455,-0.0061,0.9652
Curve.041,1.3637,-0.0061,0.9771
Curve.041,1.3816,-0.0061,0.9889
Curve.041,1.3992,-0.0061,1.0005
Curve.041,1.4165,-0.0061,1.0119
Curve.041,1.4334,-0.0061,1.0231
Curve.041,1.4501,-0.0061,1.0342
Curve.041,1.4498,-0.0061,1.0346
Curve.041,1.4495,-0.0061,1.0351
Curve.041,1.4493,-0.0061,1.0355
Curve.041,1.449,-0.0061,1.036
Curve.041,1.4487,-0.0061,1.0364
Curve.041,1.4485,-0.0061,1.0369
Curve.041,1.4482,-0.0061,1.0373
Curve.041,1.4479,-0.0061,1.0378
Curve.041,1.4476,-0.0061,1.0383
Curve.041,1.4474,-0.0061,1.0387
Curve.041,1.4471,-0.0061,1.0392
Curve.041,1.4468,-0.0061,1.0396
Curve.041,1.4456,-0.0061,1.0416
Curve.041,1.4443,-0.0061,1.0437
Curve.041,1.4431,-0.0061,1.0457
Curve.041,1.4418,-0.0061,1.0478
Curve.041,1.4406,-0.0061,1.0498
Curve.041,1.4393,-0.0061,1.0518
Curve.041,1.4381,-0.0061,1.0539
Curve.041,1.4368,-0.0061,1.0559
Curve.041,1.4355,-0.0061,1.058
Curve.041,1.4342,-0.0061,1.06
Curve.041,1.4329,-0.0061,1.0621
Curve.041,1.8166,-0.0061,1.4706
Curve.041,1.7852,-0.0061,1.4528
Curve.041,1.7512,-0.0061,1.4344
Curve.041,1.7148,-0.0061,1.4156
Curve.041,1.6764,-0.0061,1.3965
Curve.041,1.6361,-0.0061,1.3771
Curve.041,1.5942,-0.0061,1.3577
Curve.041,1.5509,-0.0061,1.3382
Curve.041,1.5067,-0.0061,1.3187
Curve.041,1.4616,-0.0061,1.2994
Curve.041,1.4159,-0.0061,1.2804
Curve.041,1.37,-0.0061,1.2617
Curve.041,1.3241,-0.0061,1.2435
Curve.041,1.3252,-0.0061,1.2421
Curve.041,1.3263,-0.0061,1.2408
Curve.041,1.3274,-0.0061,1.2394
Curve.041,1.3285,-0.0061,1.2381
Curve.041,1.3296,-0.0061,1.2367
Curve.041,1.3307,-0.0061,1.2354
Curve.041,1.3318,-0.0061,1.234
Curve.041,1.3328,-0.0061,1.2326
Curve.041,1.3339,-0.0061,1.2313
Curve.041,1.335,-0.0061,1.2299
Curve.041,1.3361,-0.0061,1.2286
Curve.041,1.3372,-0.0061,1.2272
Curve.041,1.3423,-0.0061,1.2207
Curve.041,1.3474,-0.0061,1.2143
Curve.041,1.3524,-0.0061,1.2078
Curve.041,1.3573,-0.0061,1.2013
Curve.041,1.3622,-0.0061,1.1949
Curve.041,1.3671,-0.0061,1.1884
Curve.041,1.3719,-0.0061,1.1819
Curve.041,1.3767,-0.0061,1.1754
Curve.041,1.3814,-0.0061,1.1689
Curve.041,1.386,-0.0061,1.1624
Curve.041,1.3907,-0.0061,1.1559
Curve.041,1.3952,-0.0061,1.1494
Curve.041,1.4316,-0.0061,1.1631
Curve.041,1.4683,-0.0061,1.1775
Curve.041,1.5053,-0.0061,1.1926
Curve.041,1.5424,-0.0061,1.2084
Curve.041,1.5794,-0.0061,1.225
Curve.041,1.6162,-0.0061,1.2423
Curve.041,1.6526,-0.0061,1.2603
Curve.041,1.6885,-0.0061,1.2789
Curve.041,1.7237,-0.0061,1.2982
Curve.041,1.7579,-0.0061,1.3182
Curve.041,1.7912,-0.0061,1.3388
Curve.041,1.8232,-0.0061,1.36
Curve.041,1.8055,-0.0061,1.3441
Curve.041,1.7828,-0.0061,1.3249
Curve.041,1.7559,-0.0061,1.3029
Curve.041,1.7254,-0.0061,1.2788
Curve.041,1.6922,-0.0061,1.2531
Curve.041,1.6569,-0.0061,1.2263
Curve.041,1.6204,-0.0061,1.199
Curve.041,1.5834,-0.0061,1.1716
Curve.041,1.5466,-0.0061,1.1449
Curve.041,1.5108,-0.0061,1.1192
Curve.041,1.4767,-0.0061,1.0951
Curve.041,1.4451,-0.0061,1.0733
Curve.041,1.4467,-0.0061,1.0707
Curve.041,1.4482,-0.0061,1.0682
Curve.041,1.4497,-0.0061,1.0657
Curve.041,1.4513,-0.0061,1.0632
Curve.041,1.4528,-0.0061,1.0606
Curve.041,1.4543,-0.0061,1.0581
Curve.041,1.4558,-0.0061,1.0556
Curve.041,1.4573,-0.0061,1.0531
Curve.041,1.4587,-0.0061,1.0505
Curve.041,1.4602,-0.0061,1.048
Curve.041,1.4617,-0.0061,1.0455
Curve.041,1.4631,-0.0061,1.043
Curve.041,1.5076,-0.0061,1.0729
Curve.041,1.5495,-0.0061,1.1014
Curve.041,1.5891,-0.0061,1.1286
Curve.041,1.6262,-0.0061,1.1545
Curve.041,1.661,-0.0061,1.1791
Curve.041,1.6934,-0.0061,1.2024
Curve.041,1.7235,-0.0061,1.2244
Curve.041,1.7513,-0.0061,1.2451
Curve.041,1.7769,-0.0061,1.2645
Curve.041,1.8002,-0.0061,1.2827
Curve.041,1.8214,-0.0061,1.2996
Curve.041,1.8403,-0.0061,1.3153
Curve.041,1.8675,-0.0061,1.3381
Curve.041,1.899,-0.0061,1.3651
Curve.041,1.934,-0.0061,1.3961
Curve.041,1.9714,-0.0061,1.431
Curve.041,2.0104,-0.0061,1.4696
Curve.041,2.0501,-0.0061,1.5118
Curve.041,2.0895,-0.0061,1.5574
Curve.041,2.1276,-0.0061,1.6064
Curve.041,2.1637,-0.0061,1.6586
Curve.041,2.1967,-0.0061,1.7138
Curve.041,2.2258,-0.0061,1.7719
Curve.041,2.2499,-0.0061,1.8327
Curve.041,2.2119,-0.0061,1.7867
Curve.041,2.173,-0.0061,1.7439
Curve.041,2.1337,-0.0061,1.7043
Curve.041,2.0943,-0.0061,1.6678
Curve.041,2.0552,-0.0061,1.6341
Curve.041,2.0166,-0.0061,1.6033
Curve.041,1.9789,-0.0061,1.5752
Curve.041,1.9425,-0.0061,1.5496
Curve.041,1.9078,-0.0061,1.5265
Curve.041,1.875,-0.0061,1.5057
Curve.041,1.8445,-0.0061,1.4871
